Name,Height,Reach,Stance,Weight,Opponent,No.,Result,Record,Type,"Round, time",Date,Location,Notes,Age,"Round(s), time"
Naoya Inoue,5 ft 5 in (165 cm)[1],67+1⁄2 in (171 cm)[1],Orthodox,"Light flyweight
Super flyweight
Bantamweight
Super bantamweight",Kim Ye-joon,29,Win,29–0,KO,"4 (12), 2:25",24 Jan 2025,"Ariake Arena, Tokyo, Japan","Retained WBA (Super), WBC, IBF, WBO, and The Ring super bantamweight titles",,
Naoya Inoue,5 ft 5 in (165 cm)[1],67+1⁄2 in (171 cm)[1],Orthodox,"Light flyweight
Super flyweight
Bantamweight
Super bantamweight",TJ Doheny,28,Win,28–0,TKO,"7 (12), 0:16",3 Sep 2024,"Ariake Arena, Tokyo, Japan","Retained WBA (Super), WBC, IBF, WBO, and The Ring super bantamweight titles",,
Naoya Inoue,5 ft 5 in (165 cm)[1],67+1⁄2 in (171 cm)[1],Orthodox,"Light flyweight
Super flyweight
Bantamweight
Super bantamweight",Luis Nery,27,Win,27–0,KO,"6 (12), 1:39",6 May 2024,"Tokyo Dome, Tokyo, Japan","Retained WBA (Super), WBC, IBF, WBO, and The Ring super bantamweight titles",,
Naoya Inoue,5 ft 5 in (165 cm)[1],67+1⁄2 in (171 cm)[1],Orthodox,"Light flyweight
Super flyweight
Bantamweight
Super bantamweight",Marlon Tapales,26,Win,26–0,KO,"10 (12), 1:02",26 Dec 2023,"Ariake Arena, Tokyo, Japan","Retained WBC and WBO super bantamweight titles; Won WBA (Super), IBF, and vacant The Ring super bantamweight titles",,
Naoya Inoue,5 ft 5 in (165 cm)[1],67+1⁄2 in (171 cm)[1],Orthodox,"Light flyweight
Super flyweight
Bantamweight
Super bantamweight",Stephen Fulton,25,Win,25–0,TKO,"8 (12), 1:14",25 Jul 2023,"Ariake Arena, Tokyo, Japan",Won WBC and WBO super bantamweight titles,,
Naoya Inoue,5 ft 5 in (165 cm)[1],67+1⁄2 in (171 cm)[1],Orthodox,"Light flyweight
Super flyweight
Bantamweight
Super bantamweight",Paul Butler,24,Win,24–0,KO,"11 (12), 1:09",13 Dec 2022,"Ariake Arena, Tokyo, Japan","Retained WBA (Super), WBC, IBF, and The Ring bantamweight titles; Won WBO bantamweight title",,
Naoya Inoue,5 ft 5 in (165 cm)[1],67+1⁄2 in (171 cm)[1],Orthodox,"Light flyweight
Super flyweight
Bantamweight
Super bantamweight",Nonito Donaire,23,Win,23–0,TKO,"2 (12), 1:24",7 Jun 2022,"Super Arena, Saitama, Japan","Retained WBA (Super), IBF, and The Ring bantamweight titles; Won WBC bantamweight title",,
Naoya Inoue,5 ft 5 in (165 cm)[1],67+1⁄2 in (171 cm)[1],Orthodox,"Light flyweight
Super flyweight
Bantamweight
Super bantamweight",Aran Dipaen,22,Win,22–0,TKO,"8 (12), 2:34",14 Dec 2021,"Ryōgoku Kokugikan, Tokyo, Japan","Retained WBA (Super), IBF, and The Ring bantamweight titles",,
Naoya Inoue,5 ft 5 in (165 cm)[1],67+1⁄2 in (171 cm)[1],Orthodox,"Light flyweight
Super flyweight
Bantamweight
Super bantamweight",Michael Dasmariñas,21,Win,21–0,KO,"3 (12), 2:45",19 Jun 2021,"Virgin Hotels Las Vegas, Paradise, Nevada, U.S.","Retained WBA (Super), IBF, and The Ring bantamweight titles",,
Naoya Inoue,5 ft 5 in (165 cm)[1],67+1⁄2 in (171 cm)[1],Orthodox,"Light flyweight
Super flyweight
Bantamweight
Super bantamweight",Jason Moloney,20,Win,20–0,KO,"7 (12), 2:59",31 Oct 2020,"MGM Grand Conference Center, Paradise, Nevada, U.S.","Retained WBA (Super), IBF, and The Ring bantamweight titles",,
Naoya Inoue,5 ft 5 in (165 cm)[1],67+1⁄2 in (171 cm)[1],Orthodox,"Light flyweight
Super flyweight
Bantamweight
Super bantamweight",Nonito Donaire,19,Win,19–0,UD,12,7 Nov 2019,"Super Arena, Saitama, Japan",Retained IBF and The Ring bantamweight titles; Won WBA (Super) bantamweight title; World Boxing Super Series: bantamweight final,,
Naoya Inoue,5 ft 5 in (165 cm)[1],67+1⁄2 in (171 cm)[1],Orthodox,"Light flyweight
Super flyweight
Bantamweight
Super bantamweight",Emmanuel Rodríguez,18,Win,18–0,KO,"2 (12), 1:20",18 May 2019,"SSE Hydro, Glasgow, Scotland",Retained WBA (Unified) bantamweight title; Won IBF and vacant The Ring bantamweight titles; World Boxing Super Series: bantamweight semi-final,,
Naoya Inoue,5 ft 5 in (165 cm)[1],67+1⁄2 in (171 cm)[1],Orthodox,"Light flyweight
Super flyweight
Bantamweight
Super bantamweight",Juan Carlos Payano,17,Win,17–0,KO,"1 (12), 1:10",7 Oct 2018,"Yokohama Arena, Yokohama, Kanagawa, Japan",Retained WBA (Regular) bantamweight title; World Boxing Super Series: bantamweight quarter-final,,
Naoya Inoue,5 ft 5 in (165 cm)[1],67+1⁄2 in (171 cm)[1],Orthodox,"Light flyweight
Super flyweight
Bantamweight
Super bantamweight",Jamie McDonnell,16,Win,16–0,KO,"1 (12), 1:52",25 May 2018,"Ota City General Gymnasium, Tokyo, Japan",Won WBA (Regular) bantamweight title,,
Naoya Inoue,5 ft 5 in (165 cm)[1],67+1⁄2 in (171 cm)[1],Orthodox,"Light flyweight
Super flyweight
Bantamweight
Super bantamweight",Yoan Boyeaux,15,Win,15–0,KO,"3 (12), 1:40",30 Dec 2017,"Cultural Gymnasium, Yokohama, Kanagawa, Japan",Retained WBO junior bantamweight title,,
Naoya Inoue,5 ft 5 in (165 cm)[1],67+1⁄2 in (171 cm)[1],Orthodox,"Light flyweight
Super flyweight
Bantamweight
Super bantamweight",Antonio Nieves,14,Win,14–0,RTD,"6 (12), 3:00",9 Sep 2017,"Dignity Health Sports Park, Carson, California, U.S.",Retained WBO junior bantamweight title,,
Naoya Inoue,5 ft 5 in (165 cm)[1],67+1⁄2 in (171 cm)[1],Orthodox,"Light flyweight
Super flyweight
Bantamweight
Super bantamweight",Ricardo Rodriguez,13,Win,13–0,KO,"3 (12), 1:08",21 May 2017,"Ariake Coliseum, Tokyo, Japan",Retained WBO junior bantamweight title,,
Naoya Inoue,5 ft 5 in (165 cm)[1],67+1⁄2 in (171 cm)[1],Orthodox,"Light flyweight
Super flyweight
Bantamweight
Super bantamweight",Kohei Kono,12,Win,12–0,KO,"6 (12), 1:01",30 Dec 2016,"Ariake Coliseum, Tokyo, Japan",Retained WBO junior bantamweight title,,
Naoya Inoue,5 ft 5 in (165 cm)[1],67+1⁄2 in (171 cm)[1],Orthodox,"Light flyweight
Super flyweight
Bantamweight
Super bantamweight",Petchbarngborn Kokietgym,11,Win,11–0,KO,"10 (12), 3:03",4 Sep 2016,"Sky Arena, Zama, Kanagawa, Japan",Retained WBO junior bantamweight title,,
Naoya Inoue,5 ft 5 in (165 cm)[1],67+1⁄2 in (171 cm)[1],Orthodox,"Light flyweight
Super flyweight
Bantamweight
Super bantamweight",David Carmona,10,Win,10–0,UD,12,8 May 2016,"Ariake Coliseum, Tokyo, Japan",Retained WBO junior bantamweight title,,
Naoya Inoue,5 ft 5 in (165 cm)[1],67+1⁄2 in (171 cm)[1],Orthodox,"Light flyweight
Super flyweight
Bantamweight
Super bantamweight",Warlito Parrenas,9,Win,9–0,KO,"2 (12), 1:20",29 Dec 2015,"Ariake Coliseum, Tokyo, Japan",Retained WBO junior bantamweight title,,
Naoya Inoue,5 ft 5 in (165 cm)[1],67+1⁄2 in (171 cm)[1],Orthodox,"Light flyweight
Super flyweight
Bantamweight
Super bantamweight",Omar Narváez,8,Win,8–0,KO,"2 (12), 3:01",30 Dec 2014,"Metropolitan Gymnasium, Tokyo, Japan",Won WBO junior bantamweight title,,
Naoya Inoue,5 ft 5 in (165 cm)[1],67+1⁄2 in (171 cm)[1],Orthodox,"Light flyweight
Super flyweight
Bantamweight
Super bantamweight",Samartlek Kokietgym,7,Win,7–0,TKO,"11 (12), 1:08",5 Sep 2014,"Yoyogi National Gymnasium, Tokyo, Japan",Retained WBC light flyweight title,,
Naoya Inoue,5 ft 5 in (165 cm)[1],67+1⁄2 in (171 cm)[1],Orthodox,"Light flyweight
Super flyweight
Bantamweight
Super bantamweight",Adrián Hernández,6,Win,6–0,KO,"6 (12), 2:54",6 Apr 2014,"Ota City General Gymnasium, Tokyo, Japan",Won WBC light flyweight title,,
Naoya Inoue,5 ft 5 in (165 cm)[1],67+1⁄2 in (171 cm)[1],Orthodox,"Light flyweight
Super flyweight
Bantamweight
Super bantamweight",Jerson Mancio,5,Win,5–0,TKO,"5 (12), 2:51",6 Dec 2013,"Ryōgoku Kokugikan, Tokyo, Japan",Won vacant OPBF light flyweight title,,
Naoya Inoue,5 ft 5 in (165 cm)[1],67+1⁄2 in (171 cm)[1],Orthodox,"Light flyweight
Super flyweight
Bantamweight
Super bantamweight",Ryoichi Taguchi,4,Win,4–0,UD,10,25 Aug 2013,"Sky Arena, Zama, Kanagawa, Japan",Won Japanese light flyweight title,,
Naoya Inoue,5 ft 5 in (165 cm)[1],67+1⁄2 in (171 cm)[1],Orthodox,"Light flyweight
Super flyweight
Bantamweight
Super bantamweight",Yūki Sano,3,Win,3–0,TKO,"10 (10), 1:09",16 Apr 2013,"Korakuen Hall, Tokyo, Japan",,,
Naoya Inoue,5 ft 5 in (165 cm)[1],67+1⁄2 in (171 cm)[1],Orthodox,"Light flyweight
Super flyweight
Bantamweight
Super bantamweight",Ngaoprajan Chuwatana,2,Win,2–0,KO,"1 (8), 1:50",5 Jan 2013,"Korakuen Hall, Tokyo, Japan",,,
Naoya Inoue,5 ft 5 in (165 cm)[1],67+1⁄2 in (171 cm)[1],Orthodox,"Light flyweight
Super flyweight
Bantamweight
Super bantamweight",Crison Omayao,1,Win,1–0,KO,"4 (8), 2:04",2 Oct 2012,"Korakuen Hall, Tokyo, Japan",,,
Lennox Lewis,6 ft 5 in (196 cm)[1],84 in (213 cm)[1],Orthodox,Heavyweight,Vitali Klitschko,44,Win,41–2–1,TKO,"6 (12), 3:00",21 Jun 2003,"Staples Center, Los Angeles, California, US","Retained WBC, IBO, and The Ring heavyweight titles","37 years, 292 days",
Lennox Lewis,6 ft 5 in (196 cm)[1],84 in (213 cm)[1],Orthodox,Heavyweight,Mike Tyson,43,Win,40–2–1,KO,"8 (12), 2:25",8 Jun 2002,"The Pyramid, Memphis, Tennessee, US","Retained WBC, IBF, IBO, and The Ring heavyweight titles","36 years, 279 days",
Lennox Lewis,6 ft 5 in (196 cm)[1],84 in (213 cm)[1],Orthodox,Heavyweight,Hasim Rahman,42,Win,39–2–1,KO,"4 (12), 1:29",17 Nov 2001,"Mandalay Bay Events Center, Paradise, Nevada, US","Won WBC, IBF, and IBO heavyweight titles","36 years, 76 days",
Lennox Lewis,6 ft 5 in (196 cm)[1],84 in (213 cm)[1],Orthodox,Heavyweight,Hasim Rahman,41,Loss,38–2–1,KO,"5 (12), 2:32",22 Apr 2001,"Carnival City, Brakpan, South Africa","Lost WBC, IBF, and IBO heavyweight titles","35 years, 232 days",
Lennox Lewis,6 ft 5 in (196 cm)[1],84 in (213 cm)[1],Orthodox,Heavyweight,David Tua,40,Win,38–1–1,UD,12,11 Nov 2000,"Mandalay Bay Events Center, Paradise, Nevada, US","Retained WBC, IBF, and IBO heavyweight titles","35 years, 70 days",
Lennox Lewis,6 ft 5 in (196 cm)[1],84 in (213 cm)[1],Orthodox,Heavyweight,Francois Botha,39,Win,37–1–1,TKO,"2 (12), 2:39",15 Jul 2000,"London Arena, London, England","Retained WBC, IBF, and IBO heavyweight titles","34 years, 317 days",
Lennox Lewis,6 ft 5 in (196 cm)[1],84 in (213 cm)[1],Orthodox,Heavyweight,Michael Grant,38,Win,36–1–1,KO,"2 (12), 2:53",29 Apr 2000,"Madison Square Garden, New York City, New York, US","Retained WBC, IBF, and IBO heavyweight titles","34 years, 240 days",
Lennox Lewis,6 ft 5 in (196 cm)[1],84 in (213 cm)[1],Orthodox,Heavyweight,Evander Holyfield,37,Win,35–1–1,UD,12,13 Nov 1999,"Thomas & Mack Center, Paradise, Nevada, US","Retained WBC heavyweight title; Won WBA, IBF, and vacant IBO heavyweight titles","34 years, 72 days",
Lennox Lewis,6 ft 5 in (196 cm)[1],84 in (213 cm)[1],Orthodox,Heavyweight,Evander Holyfield,36,Draw,34–1–1,SD,12,13 Mar 1999,"Madison Square Garden, New York City, New York, US",Retained WBC heavyweight title; For WBA and IBF heavyweight titles,"33 years, 192 days",
Lennox Lewis,6 ft 5 in (196 cm)[1],84 in (213 cm)[1],Orthodox,Heavyweight,Željko Mavrović,35,Win,34–1,UD,12,26 Sep 1998,"Mohegan Sun Arena, Montville, Connecticut, US",Retained WBC heavyweight title,"33 years, 24 days",
Lennox Lewis,6 ft 5 in (196 cm)[1],84 in (213 cm)[1],Orthodox,Heavyweight,Shannon Briggs,34,Win,33–1,TKO,"5 (12), 1:45",28 Mar 1998,"Boardwalk Hall, Atlantic City, New Jersey, US",Retained WBC heavyweight title,"32 years, 207 days",
Lennox Lewis,6 ft 5 in (196 cm)[1],84 in (213 cm)[1],Orthodox,Heavyweight,Andrew Golota,33,Win,32–1,KO,"1 (12), 1:35",4 Oct 1997,"Boardwalk Hall, Atlantic City, New Jersey, US",Retained WBC heavyweight title,"32 years, 32 days",
Lennox Lewis,6 ft 5 in (196 cm)[1],84 in (213 cm)[1],Orthodox,Heavyweight,Henry Akinwande,32,Win,31–1,DQ,"5 (12), 2:34",12 Jul 1997,"Caesars Tahoe, Stateline, Nevada, US",Retained WBC heavyweight title; Akinwande disqualified for repeated holding,"31 years, 313 days",
Lennox Lewis,6 ft 5 in (196 cm)[1],84 in (213 cm)[1],Orthodox,Heavyweight,Oliver McCall,31,Win,30–1,TKO,"5 (12), 0:55",7 Feb 1997,"Las Vegas Hilton, Winchester, Nevada, US",Won vacant WBC heavyweight title,"31 years, 158 days",
Lennox Lewis,6 ft 5 in (196 cm)[1],84 in (213 cm)[1],Orthodox,Heavyweight,Ray Mercer,30,Win,29–1,MD,10,10 May 1996,"Madison Square Garden, New York City, New York, US",,"30 years, 251 days",
Lennox Lewis,6 ft 5 in (196 cm)[1],84 in (213 cm)[1],Orthodox,Heavyweight,Tommy Morrison,29,Win,28–1,TKO,"6 (12), 1:22",7 Oct 1995,"Convention Hall, Atlantic City, New Jersey, US",Won IBC heavyweight title,"30 years, 35 days",
Lennox Lewis,6 ft 5 in (196 cm)[1],84 in (213 cm)[1],Orthodox,Heavyweight,Justin Fortune,28,Win,27–1,TKO,"4 (10), 1:48",2 Jul 1995,"Point Theatre, Dublin, Ireland",,"29 years, 303 days",
Lennox Lewis,6 ft 5 in (196 cm)[1],84 in (213 cm)[1],Orthodox,Heavyweight,Lionel Butler,27,Win,26–1,TKO,"5 (12), 2:55",13 May 1995,"ARCO Arena, Sacramento, California, US",,"29 years, 253 days",
Lennox Lewis,6 ft 5 in (196 cm)[1],84 in (213 cm)[1],Orthodox,Heavyweight,Oliver McCall,26,Loss,25–1,TKO,"2 (12), 0:31",24 Sep 1994,"Wembley Arena, London, England",Lost WBC heavyweight title,"29 years, 22 days",
Lennox Lewis,6 ft 5 in (196 cm)[1],84 in (213 cm)[1],Orthodox,Heavyweight,Phil Jackson,25,Win,25–0,TKO,"8 (12), 1:35",6 May 1994,"Convention Hall, Atlantic City, New Jersey, US",Retained WBC heavyweight title,"28 years, 246 days",
Lennox Lewis,6 ft 5 in (196 cm)[1],84 in (213 cm)[1],Orthodox,Heavyweight,Frank Bruno,24,Win,24–0,TKO,"7 (12), 1:12",1 Oct 1993,"National Stadium, Cardiff, Wales",Retained WBC heavyweight title,"28 years, 29 days",
Lennox Lewis,6 ft 5 in (196 cm)[1],84 in (213 cm)[1],Orthodox,Heavyweight,Tony Tucker,23,Win,23–0,UD,12,8 May 1993,"Thomas & Mack Center, Paradise, Nevada, US",Retained WBC heavyweight title,"27 years, 248 days",
Lennox Lewis,6 ft 5 in (196 cm)[1],84 in (213 cm)[1],Orthodox,Heavyweight,Donovan Ruddock,22,Win,22–0,TKO,"2 (12), 0:46",31 Oct 1992,"Earls Court Exhibition Centre, London, England",Retained Commonwealth heavyweight title,"27 years, 59 days",
Lennox Lewis,6 ft 5 in (196 cm)[1],84 in (213 cm)[1],Orthodox,Heavyweight,Mike Dixon,21,Win,21–0,TKO,"4 (10), 1:02",11 Aug 1992,"Broadway by the Bay Theater, Atlantic City, New Jersey, US",,"26 years, 344 days",
Lennox Lewis,6 ft 5 in (196 cm)[1],84 in (213 cm)[1],Orthodox,Heavyweight,Derek Williams,20,Win,20–0,TKO,"3 (12), 2:30",30 Apr 1992,"Royal Albert Hall, London, England",Retained British and European heavyweight titles; Won Commonwealth heavyweight title,"26 years, 241 days",
Lennox Lewis,6 ft 5 in (196 cm)[1],84 in (213 cm)[1],Orthodox,Heavyweight,Levi Billups,19,Win,19–0,UD,10,1 Feb 1992,"Caesars Palace, Paradise, Nevada, US",,"26 years, 152 days",
Lennox Lewis,6 ft 5 in (196 cm)[1],84 in (213 cm)[1],Orthodox,Heavyweight,Tyrell Biggs,18,Win,18–0,TKO,"3 (10), 2:47",23 Nov 1991,"Omni Coliseum, Atlanta, Georgia, US",,"26 years, 82 days",
Lennox Lewis,6 ft 5 in (196 cm)[1],84 in (213 cm)[1],Orthodox,Heavyweight,Glenn McCrory,17,Win,17–0,KO,"2 (12), 1:30",30 Sep 1991,"Royal Albert Hall, London, England",Retained British and European heavyweight titles,"26 years, 28 days",
Lennox Lewis,6 ft 5 in (196 cm)[1],84 in (213 cm)[1],Orthodox,Heavyweight,Mike Weaver,16,Win,16–0,KO,"6 (10), 1:05",12 Jul 1991,"Caesars Tahoe, Stateline, Nevada, US",,"25 years, 283 days",
Lennox Lewis,6 ft 5 in (196 cm)[1],84 in (213 cm)[1],Orthodox,Heavyweight,Gary Mason,15,Win,15–0,TKO,"7 (12), 0:44",6 Mar 1991,"Wembley Arena, London, England",Retained European heavyweight title; Won British heavyweight title,"25 years, 185 days",
Lennox Lewis,6 ft 5 in (196 cm)[1],84 in (213 cm)[1],Orthodox,Heavyweight,Jean-Maurice Chanet,14,Win,14–0,TKO,"6 (12), 0:16",31 Oct 1990,"Crystal Palace National Sports Centre, London, England",Won European heavyweight title,"25 years, 59 days",
Lennox Lewis,6 ft 5 in (196 cm)[1],84 in (213 cm)[1],Orthodox,Heavyweight,Mike Acey,13,Win,13–0,KO,"2 (10), 0:34",11 Jul 1990,"Superstars Nite Club, Kitchener, Ontario, Canada",,"24 years, 312 days",
Lennox Lewis,6 ft 5 in (196 cm)[1],84 in (213 cm)[1],Orthodox,Heavyweight,Ossie Ocasio,12,Win,12–0,UD,8,27 Jun 1990,"Royal Albert Hall, London, England",,"24 years, 298 days",
Lennox Lewis,6 ft 5 in (196 cm)[1],84 in (213 cm)[1],Orthodox,Heavyweight,Dan Murphy,11,Win,11–0,TKO,"6 (8), 2:11",20 May 1990,"Town Hall, Sheffield, England",,"24 years, 260 days",
Lennox Lewis,6 ft 5 in (196 cm)[1],84 in (213 cm)[1],Orthodox,Heavyweight,Jorge Dascola,10,Win,10–0,KO,"1 (8), 2:59",9 May 1990,"Royal Albert Hall, London, England",,"24 years, 249 days",
Lennox Lewis,6 ft 5 in (196 cm)[1],84 in (213 cm)[1],Orthodox,Heavyweight,Michael Simuwelu,9,Win,9–0,TKO,"1 (8), 0:58",14 Apr 1990,"Royal Albert Hall, London, England",,"24 years, 224 days",
Lennox Lewis,6 ft 5 in (196 cm)[1],84 in (213 cm)[1],Orthodox,Heavyweight,Calvin Jones,8,Win,8–0,KO,"1 (8), 2:34",22 Mar 1990,"Leisure Centre, Gateshead, England",,"24 years, 201 days",
Lennox Lewis,6 ft 5 in (196 cm)[1],84 in (213 cm)[1],Orthodox,Heavyweight,Noel Quarless,7,Win,7–0,TKO,"2 (6), 1:25",31 Jan 1990,"York Hall, London, England",,"24 years, 151 days",
Lennox Lewis,6 ft 5 in (196 cm)[1],84 in (213 cm)[1],Orthodox,Heavyweight,Greg Gorrell,6,Win,6–0,TKO,"5 (8), 0:51",18 Dec 1989,"Memorial Auditorium, Kitchener, Ontario, Canada",,"24 years, 107 days",
Lennox Lewis,6 ft 5 in (196 cm)[1],84 in (213 cm)[1],Orthodox,Heavyweight,Melvin Epps,5,Win,5–0,DQ,"2 (6), 0:30",5 Nov 1989,"Royal Albert Hall, London, England",Epps disqualified for not obeying referee's instructions,"24 years, 64 days",
Lennox Lewis,6 ft 5 in (196 cm)[1],84 in (213 cm)[1],Orthodox,Heavyweight,Steve Garber,4,Win,4–0,KO,1 (6),10 Oct 1989,"City Hall, Hull, England",,"24 years, 38 days",
Lennox Lewis,6 ft 5 in (196 cm)[1],84 in (213 cm)[1],Orthodox,Heavyweight,Andrew Gerrard,3,Win,3–0,TKO,"4 (6), 0:33",25 Sep 1989,"Crystal Palace National Sports Centre, London, England",,"24 years, 23 days",
Lennox Lewis,6 ft 5 in (196 cm)[1],84 in (213 cm)[1],Orthodox,Heavyweight,Bruce Johnson,2,Win,2–0,TKO,2 (6),21 Jul 1989,"Convention Hall, Atlantic City, New Jersey, US",,"23 years, 322 days",
Lennox Lewis,6 ft 5 in (196 cm)[1],84 in (213 cm)[1],Orthodox,Heavyweight,Al Malcolm,1,Win,1–0,KO,"2 (6), 0:19",27 Jun 1989,"Royal Albert Hall, London, England",,"23 years, 298 days",
Shakur Stevenson,5 ft 8 in (173 cm)[1],68 in (173 cm)[1],Southpaw,"Featherweight
Super featherweight
Lightweight",Josh Padley,23,Win,23–0,TKO,9 (12) 3:00,"Feb 22, 2025","The Venue Riyadh Season, Riyadh, Saudi Arabia",Retained WBC lightweight title,,
Shakur Stevenson,5 ft 8 in (173 cm)[1],68 in (173 cm)[1],Southpaw,"Featherweight
Super featherweight
Lightweight",Artem Harutyunyan,22,Win,22–0,UD,12,"Jul 6, 2024","Prudential Center, Newark, New Jersey, U.S.",Retained WBC lightweight title,,
Shakur Stevenson,5 ft 8 in (173 cm)[1],68 in (173 cm)[1],Southpaw,"Featherweight
Super featherweight
Lightweight",Edwin De Los Santos,21,Win,21–0,UD,12,"Nov 16, 2023","T-Mobile Arena, Paradise, Nevada, U.S.",Won vacant WBC lightweight title,,
Shakur Stevenson,5 ft 8 in (173 cm)[1],68 in (173 cm)[1],Southpaw,"Featherweight
Super featherweight
Lightweight",Shuichiro Yoshino,20,Win,20–0,TKO,6 (12) 1:35,"Apr 8, 2023","Prudential Center, Newark, New Jersey, U.S.",,,
Shakur Stevenson,5 ft 8 in (173 cm)[1],68 in (173 cm)[1],Southpaw,"Featherweight
Super featherweight
Lightweight",Robson Conceição,19,Win,19–0,UD,12,"Sep 23, 2022","Prudential Center, Newark, New Jersey, U.S.","WBC, WBO, and The Ring super featherweight titles at stake only for Conceição as Stevenson missed weight",,
Shakur Stevenson,5 ft 8 in (173 cm)[1],68 in (173 cm)[1],Southpaw,"Featherweight
Super featherweight
Lightweight",Óscar Valdez,18,Win,18–0,UD,12,"Apr 30, 2022","MGM Grand Garden Arena, Paradise, Nevada, U.S.",Retained WBO super featherweight title; Won WBC and vacant The Ring super featherweight titles,,
Shakur Stevenson,5 ft 8 in (173 cm)[1],68 in (173 cm)[1],Southpaw,"Featherweight
Super featherweight
Lightweight",Jamel Herring,17,Win,17–0,TKO,"10 (12), 1:30","Oct 23, 2021","State Farm Arena, Atlanta, Georgia, U.S.",Won WBO super featherweight title,,
Shakur Stevenson,5 ft 8 in (173 cm)[1],68 in (173 cm)[1],Southpaw,"Featherweight
Super featherweight
Lightweight",Jeremiah Nakathila,16,Win,16–0,UD,12,"Jun 12, 2021","Virgin Hotels Las Vegas, Paradise, Nevada, U.S.",Won vacant WBO interim super featherweight title,,
Shakur Stevenson,5 ft 8 in (173 cm)[1],68 in (173 cm)[1],Southpaw,"Featherweight
Super featherweight
Lightweight",Toka Khan Clary,15,Win,15–0,UD,10,"Dec 12, 2020","MGM Grand Conference Center, Paradise, Nevada, U.S.",,,
Shakur Stevenson,5 ft 8 in (173 cm)[1],68 in (173 cm)[1],Southpaw,"Featherweight
Super featherweight
Lightweight",Felix Caraballo,14,Win,14–0,KO,"6 (10), 1:31","Jun 9, 2020","MGM Grand Conference Center, Paradise, Nevada, U.S.",,,
Shakur Stevenson,5 ft 8 in (173 cm)[1],68 in (173 cm)[1],Southpaw,"Featherweight
Super featherweight
Lightweight",Joet Gonzalez,13,Win,13–0,UD,12,"Oct 26, 2019","Sparks Convention Center, Reno, Nevada, U.S.",Won vacant WBO featherweight title,,
Shakur Stevenson,5 ft 8 in (173 cm)[1],68 in (173 cm)[1],Southpaw,"Featherweight
Super featherweight
Lightweight",Alberto Guevara,12,Win,12–0,KO,"3 (10), 2:37","Jul 13, 2019","Prudential Center, Newark, New Jersey, U.S.",Retained NABO featherweight title,,
Shakur Stevenson,5 ft 8 in (173 cm)[1],68 in (173 cm)[1],Southpaw,"Featherweight
Super featherweight
Lightweight",Christopher Diaz,11,Win,11–0,UD,10,"Apr 20, 2019","Madison Square Garden, New York City, New York, U.S.",Retained IBF Inter-Continental featherweight title; Won vacant NABO featherweight title,,
Shakur Stevenson,5 ft 8 in (173 cm)[1],68 in (173 cm)[1],Southpaw,"Featherweight
Super featherweight
Lightweight",Jessie Cris Rosales,10,Win,10–0,TKO,"4 (10), 1:29","Jan 18, 2019","Turning Stone Resort Casino, Verona, New York, U.S.",Won vacant IBF Inter-Continental and WBC Continental Americas featherweight titles,,
Shakur Stevenson,5 ft 8 in (173 cm)[1],68 in (173 cm)[1],Southpaw,"Featherweight
Super featherweight
Lightweight",Viorel Simion,9,Win,9–0,TKO,"1 (10), 3:00","Oct 13, 2018","CHI Health Center, Omaha, Nebraska, U.S.",,,
Shakur Stevenson,5 ft 8 in (173 cm)[1],68 in (173 cm)[1],Southpaw,"Featherweight
Super featherweight
Lightweight",Carlos Ruiz,8,Win,8–0,UD,8,"Aug 18, 2018","Ocean Resort Casino, Atlantic City, New Jersey, U.S.",,,
Shakur Stevenson,5 ft 8 in (173 cm)[1],68 in (173 cm)[1],Southpaw,"Featherweight
Super featherweight
Lightweight",Aelio Mesquita,7,Win,7–0,TKO,"2 (8), 1:45","Jun 9, 2018","MGM Grand Garden Arena, Paradise, Nevada, U.S.",,,
Shakur Stevenson,5 ft 8 in (173 cm)[1],68 in (173 cm)[1],Southpaw,"Featherweight
Super featherweight
Lightweight",Roxberg Patrick Riley,6,Win,6–0,TKO,"2 (8), 1:35","Apr 28, 2018","Liacouras Center, Philadelphia, Pennsylvania, U.S.",,,
Shakur Stevenson,5 ft 8 in (173 cm)[1],68 in (173 cm)[1],Southpaw,"Featherweight
Super featherweight
Lightweight",Juan Tapia,5,Win,5–0,UD,8,"Feb 16, 2018","Grand Sierra Resort, Reno, Nevada, U.S.",,,
Shakur Stevenson,5 ft 8 in (173 cm)[1],68 in (173 cm)[1],Southpaw,"Featherweight
Super featherweight
Lightweight",Oscar Mendoza,4,Win,4–0,TKO,"2 (6), 1:38","Dec 9, 2017","The Theater at Madison Square Garden, New York City, New York, U.S.",,,
Shakur Stevenson,5 ft 8 in (173 cm)[1],68 in (173 cm)[1],Southpaw,"Featherweight
Super featherweight
Lightweight",David Michel Paz,3,Win,3–0,UD,6,"Aug 19, 2017","Pinnacle Bank Arena, Lincoln, Nebraska, U.S.",,,
Shakur Stevenson,5 ft 8 in (173 cm)[1],68 in (173 cm)[1],Southpaw,"Featherweight
Super featherweight
Lightweight",Carlos Gaston Suarez,2,Win,2–0,TKO,"1 (6), 2:35","May 20, 2017","Madison Square Garden, New York City, New York, U.S.",,,
Shakur Stevenson,5 ft 8 in (173 cm)[1],68 in (173 cm)[1],Southpaw,"Featherweight
Super featherweight
Lightweight",Edgar Brito,1,Win,1–0,TD,"6 (6), 3:00","Apr 22, 2017","Stubhub Center, Carson, California, U.S.",Unanimous TD: Brito cut from an accidental head clash,,
Vasiliy Lomachenko,5 ft 7 in (170 cm)[1],65+1⁄2 in (166 cm)[1],Southpaw,"Featherweight
Super featherweight
Lightweight",George Kambosos Jr.,21,Win,18–3,TKO,"11 (12), 2:49",12 May 2024,"RAC Arena, Perth, Australia",Won IBO lightweight title; Won vacant IBF lightweight title,,
Vasiliy Lomachenko,5 ft 7 in (170 cm)[1],65+1⁄2 in (166 cm)[1],Southpaw,"Featherweight
Super featherweight
Lightweight",Devin Haney,20,Loss,17–3,UD,12,20 May 2023,"MGM Grand Garden Arena, Paradise, Nevada, US","For WBA (Super), WBC, IBF, WBO, and The Ring lightweight titles",,
Vasiliy Lomachenko,5 ft 7 in (170 cm)[1],65+1⁄2 in (166 cm)[1],Southpaw,"Featherweight
Super featherweight
Lightweight",Jamaine Ortiz,19,Win,17–2,UD,12,29 Oct 2022,"Hulu Theater, New York City, New York, US",,,
Vasiliy Lomachenko,5 ft 7 in (170 cm)[1],65+1⁄2 in (166 cm)[1],Southpaw,"Featherweight
Super featherweight
Lightweight",Richard Commey,18,Win,16–2,UD,12,11 Dec 2021,"Madison Square Garden, New York City, New York, US",Won vacant WBO Inter-Continental lightweight title,,
Vasiliy Lomachenko,5 ft 7 in (170 cm)[1],65+1⁄2 in (166 cm)[1],Southpaw,"Featherweight
Super featherweight
Lightweight",Masayoshi Nakatani,17,Win,15–2,TKO,"9 (12), 1:48",26 Jun 2021,"Virgin Hotels Las Vegas, Paradise, Nevada, US",,,
Vasiliy Lomachenko,5 ft 7 in (170 cm)[1],65+1⁄2 in (166 cm)[1],Southpaw,"Featherweight
Super featherweight
Lightweight",Teofimo Lopez,16,Loss,14–2,UD,12,17 Oct 2020,"MGM Grand Conference Center, Paradise, Nevada, US","Lost WBA (Super), WBO, and The Ring lightweight titles; For IBF lightweight title",,
Vasiliy Lomachenko,5 ft 7 in (170 cm)[1],65+1⁄2 in (166 cm)[1],Southpaw,"Featherweight
Super featherweight
Lightweight",Luke Campbell,15,Win,14–1,UD,12,31 Aug 2019,"The O2 Arena, London, England","Retained WBA (Super), WBO, and The Ring lightweight titles; Won vacant WBC lightweight title",,
Vasiliy Lomachenko,5 ft 7 in (170 cm)[1],65+1⁄2 in (166 cm)[1],Southpaw,"Featherweight
Super featherweight
Lightweight",Anthony Crolla,14,Win,13–1,KO,"4 (12), 0:58",12 Apr 2019,"Staples Center, Los Angeles, California, US","Retained WBA (Super), WBO, and The Ring lightweight titles",,
Vasiliy Lomachenko,5 ft 7 in (170 cm)[1],65+1⁄2 in (166 cm)[1],Southpaw,"Featherweight
Super featherweight
Lightweight",José Pedraza,13,Win,12–1,UD,12,8 Dec 2018,"Hulu Theater, New York City, New York, US",Retained WBA (Super) and The Ring lightweight titles; Won WBO lightweight title,,
Vasiliy Lomachenko,5 ft 7 in (170 cm)[1],65+1⁄2 in (166 cm)[1],Southpaw,"Featherweight
Super featherweight
Lightweight",Jorge Linares,12,Win,11–1,TKO,"10 (12), 2:08",12 May 2018,"Madison Square Garden, New York City, New York, US",Won WBA (Super) and The Ring lightweight titles,,
Vasiliy Lomachenko,5 ft 7 in (170 cm)[1],65+1⁄2 in (166 cm)[1],Southpaw,"Featherweight
Super featherweight
Lightweight",Guillermo Rigondeaux,11,Win,10–1,RTD,"6 (12), 3:00",9 Dec 2017,"The Theater at Madison Square Garden, New York City, New York, US",Retained WBO junior lightweight title,,
Vasiliy Lomachenko,5 ft 7 in (170 cm)[1],65+1⁄2 in (166 cm)[1],Southpaw,"Featherweight
Super featherweight
Lightweight",Miguel Marriaga,10,Win,9–1,RTD,"7 (12), 3:00",5 Aug 2017,"Microsoft Theater, Los Angeles, California, US",Retained WBO junior lightweight title,,
Vasiliy Lomachenko,5 ft 7 in (170 cm)[1],65+1⁄2 in (166 cm)[1],Southpaw,"Featherweight
Super featherweight
Lightweight",Jason Sosa,9,Win,8–1,RTD,"9 (12), 3:00",8 Apr 2017,"MGM National Harbor, Oxon Hill, Maryland, US",Retained WBO junior lightweight title,,
Vasiliy Lomachenko,5 ft 7 in (170 cm)[1],65+1⁄2 in (166 cm)[1],Southpaw,"Featherweight
Super featherweight
Lightweight",Nicholas Walters,8,Win,7–1,RTD,"7 (12), 3:00",26 Nov 2016,"Cosmopolitan of Las Vegas, Paradise, Nevada, US",Retained WBO junior lightweight title,,
Vasiliy Lomachenko,5 ft 7 in (170 cm)[1],65+1⁄2 in (166 cm)[1],Southpaw,"Featherweight
Super featherweight
Lightweight",Román Martínez,7,Win,6–1,KO,"5 (12), 1:09",11 Jun 2016,"The Theater at Madison Square Garden, New York City, New York, US",Won WBO junior lightweight title,,
Vasiliy Lomachenko,5 ft 7 in (170 cm)[1],65+1⁄2 in (166 cm)[1],Southpaw,"Featherweight
Super featherweight
Lightweight",Romulo Koasicha,6,Win,5–1,KO,"10 (12), 2:35",7 Nov 2015,"Thomas & Mack Center, Paradise, Nevada, US",Retained WBO featherweight title,,
Vasiliy Lomachenko,5 ft 7 in (170 cm)[1],65+1⁄2 in (166 cm)[1],Southpaw,"Featherweight
Super featherweight
Lightweight",Gamalier Rodríguez,5,Win,4–1,KO,"9 (12), 0:50",2 May 2015,"MGM Grand Garden Arena, Paradise, Nevada, US",Retained WBO featherweight title,,
Vasiliy Lomachenko,5 ft 7 in (170 cm)[1],65+1⁄2 in (166 cm)[1],Southpaw,"Featherweight
Super featherweight
Lightweight",Chonlatarn Piriyapinyo,4,Win,3–1,UD,12,22 Nov 2014,"Cotai Arena, Macau, SAR",Retained WBO featherweight title,,
Vasiliy Lomachenko,5 ft 7 in (170 cm)[1],65+1⁄2 in (166 cm)[1],Southpaw,"Featherweight
Super featherweight
Lightweight",Gary Russell Jr.,3,Win,2–1,MD,12,21 Jun 2014,"StubHub Center, Carson, California, US",Won vacant WBO featherweight title,,
Vasiliy Lomachenko,5 ft 7 in (170 cm)[1],65+1⁄2 in (166 cm)[1],Southpaw,"Featherweight
Super featherweight
Lightweight",Orlando Salido,2,Loss,1–1,SD,12,1 Mar 2014,"Alamodome, San Antonio, Texas, US",For vacant WBO featherweight title,,
Vasiliy Lomachenko,5 ft 7 in (170 cm)[1],65+1⁄2 in (166 cm)[1],Southpaw,"Featherweight
Super featherweight
Lightweight",José Luis Ramírez,1,Win,1–0,KO,"4 (10), 2:59",12 Oct 2013,"Thomas & Mack Center, Paradise, Nevada, US",Won WBO International featherweight title,,
Devin Haney,5 ft 8 in (173 cm)[1],72 in (183 cm)[1],Orthodox,"Lightweight
Light welterweight
Catchweight",José Ramírez,33,Win,32–0 (1),UD,12,"May 2, 2025","Times Square, New York City, New York, U.S.",,,
Devin Haney,5 ft 8 in (173 cm)[1],72 in (183 cm)[1],Orthodox,"Lightweight
Light welterweight
Catchweight",Ryan Garcia,32,NC,31–0 (1),NC,12,"Apr 20, 2024","Barclays Center, New York City, New York, U.S.","WBC super lightweight title not at stake as Garcia missed weight; Originally an MD win for Garcia, overturned after he failed a drug test",,
Devin Haney,5 ft 8 in (173 cm)[1],72 in (183 cm)[1],Orthodox,"Lightweight
Light welterweight
Catchweight",Regis Prograis,31,Win,31–0,UD,12,"Dec 9, 2023","Chase Center, San Francisco, California, U.S.",Won WBC super lightweight title,,
Devin Haney,5 ft 8 in (173 cm)[1],72 in (183 cm)[1],Orthodox,"Lightweight
Light welterweight
Catchweight",Vasiliy Lomachenko,30,Win,30–0,UD,12,"May 20, 2023","MGM Grand Garden Arena, Paradise, Nevada, U.S.","Retained WBA (Super), WBC, IBF, WBO, and The Ring lightweight titles",,
Devin Haney,5 ft 8 in (173 cm)[1],72 in (183 cm)[1],Orthodox,"Lightweight
Light welterweight
Catchweight",George Kambosos Jr.,29,Win,29–0,UD,12,"Oct 16, 2022","Rod Laver Arena, Melbourne, Australia","Retained WBA (Super), WBC, IBF, WBO, and The Ring lightweight titles",,
Devin Haney,5 ft 8 in (173 cm)[1],72 in (183 cm)[1],Orthodox,"Lightweight
Light welterweight
Catchweight",George Kambosos Jr.,28,Win,28–0,UD,12,"Jun 5, 2022","Docklands Stadium, Melbourne, Australia","Retained WBC lightweight title; Won WBA (Super), IBF, WBO, and The Ring lightweight titles",,
Devin Haney,5 ft 8 in (173 cm)[1],72 in (183 cm)[1],Orthodox,"Lightweight
Light welterweight
Catchweight",Joseph Diaz Jr.,27,Win,27–0,UD,12,"Dec 4, 2021","MGM Grand Garden Arena, Paradise, Nevada, U.S.",Retained WBC lightweight title,,
Devin Haney,5 ft 8 in (173 cm)[1],72 in (183 cm)[1],Orthodox,"Lightweight
Light welterweight
Catchweight",Jorge Linares,26,Win,26–0,UD,12,"May 29, 2021","Michelob Ultra Arena, Paradise, Nevada, U.S.",Retained WBC lightweight title,,
Devin Haney,5 ft 8 in (173 cm)[1],72 in (183 cm)[1],Orthodox,"Lightweight
Light welterweight
Catchweight",Yuriorkis Gamboa,25,Win,25–0,UD,12,"Nov 7, 2020","Hard Rock Live, Hollywood, Florida, U.S.",Retained WBC lightweight title,,
Devin Haney,5 ft 8 in (173 cm)[1],72 in (183 cm)[1],Orthodox,"Lightweight
Light welterweight
Catchweight",Alfredo Santiago,24,Win,24–0,UD,12,"Nov 9, 2019","Staples Center, Los Angeles, California, U.S.",Retained WBC lightweight title,,
Devin Haney,5 ft 8 in (173 cm)[1],72 in (183 cm)[1],Orthodox,"Lightweight
Light welterweight
Catchweight",Zaur Abdullaev,23,Win,23–0,RTD,"4 (12), 3:00","Sep 13, 2019","Hulu Theater, New York City, New York, U.S.",Won vacant WBC interim lightweight title,,
Devin Haney,5 ft 8 in (173 cm)[1],72 in (183 cm)[1],Orthodox,"Lightweight
Light welterweight
Catchweight",Antonio Moran,22,Win,22–0,KO,"7 (12), 2:32","May 25, 2019","MGM National Harbor, Oxon Hill, Maryland, U.S.",Retained WBC International and WBO Inter-Continental lightweight titles; Won vacant WBA International lightweight title,,
Devin Haney,5 ft 8 in (173 cm)[1],72 in (183 cm)[1],Orthodox,"Lightweight
Light welterweight
Catchweight",Xolisani Ndongeni,21,Win,21–0,UD,10,"Jan 11, 2019","StageWorks, Shreveport, Louisiana, U.S.",Won vacant WBC International and WBO Inter-Continental lightweight titles,,
Devin Haney,5 ft 8 in (173 cm)[1],72 in (183 cm)[1],Orthodox,"Lightweight
Light welterweight
Catchweight",Juan Carlos Burgos,20,Win,20–0,UD,10,"Sep 28, 2018","Pechanga Resort & Casino, Temecula, California, U.S.",Won vacant IBF North American lightweight title,,
Devin Haney,5 ft 8 in (173 cm)[1],72 in (183 cm)[1],Orthodox,"Lightweight
Light welterweight
Catchweight",Mason Menard,19,Win,19–0,RTD,"9 (10), 3:00","May 11, 2018","2300 Arena, Philadelphia, Pennsylvania, U.S.",Won vacant USBA lightweight title,,
Devin Haney,5 ft 8 in (173 cm)[1],72 in (183 cm)[1],Orthodox,"Lightweight
Light welterweight
Catchweight",Hamza Sempewo,18,Win,18–0,TKO,"5 (6), 1:39","Nov 4, 2017","Buckhead Fight Club, Atlanta, Georgia, U.S.",,,
Devin Haney,5 ft 8 in (173 cm)[1],72 in (183 cm)[1],Orthodox,"Lightweight
Light welterweight
Catchweight",Enrique Tinoco,17,Win,17–0,UD,8,"Sep 22, 2017","SugarHouse Casino, Philadelphia, Pennsylvania, U.S.",,,
Devin Haney,5 ft 8 in (173 cm)[1],72 in (183 cm)[1],Orthodox,"Lightweight
Light welterweight
Catchweight",Miguel Angel Perez Aispuro,16,Win,16–0,KO,"5 (8), 1:51","Jun 24, 2017","Agua Caliente Casino Resort Spa, Rancho Mirage, California, U.S.",,,
Devin Haney,5 ft 8 in (173 cm)[1],72 in (183 cm)[1],Orthodox,"Lightweight
Light welterweight
Catchweight",Hector Garcia,15,Win,15–0,UD,8,"Apr 15, 2017","Salon Sindicato Alba Roja, Tijuana, Mexico",,,
Devin Haney,5 ft 8 in (173 cm)[1],72 in (183 cm)[1],Orthodox,"Lightweight
Light welterweight
Catchweight",Maximino Toala,14,Win,14–0,TKO,"4 (10), 1:34","Mar 4, 2017","Salon Sindicato Alba Roja, Tijuana, Mexico",Won vacant WBC Youth lightweight title,,
Devin Haney,5 ft 8 in (173 cm)[1],72 in (183 cm)[1],Orthodox,"Lightweight
Light welterweight
Catchweight",Daniel Armando Valenzuela,13,Win,13–0,KO,"2 (8), 0:56","Jan 28, 2017","AS Boxing Arena, Tijuana, Mexico",,,
Devin Haney,5 ft 8 in (173 cm)[1],72 in (183 cm)[1],Orthodox,"Lightweight
Light welterweight
Catchweight",Odilon Rivera Meza,12,Win,12–0,TKO,"1 (8), 1:49","Jan 12, 2017","Escape Bar, Tijuana, Mexico",,,
Devin Haney,5 ft 8 in (173 cm)[1],72 in (183 cm)[1],Orthodox,"Lightweight
Light welterweight
Catchweight",Carlos Antonio Avila,11,Win,11–0,TKO,"5 (6), 1:45","Oct 21, 2016","Grand Hotel, Tijuana, Mexico",,,
Devin Haney,5 ft 8 in (173 cm)[1],72 in (183 cm)[1],Orthodox,"Lightweight
Light welterweight
Catchweight",Mike Fowler,10,Win,10–0,TKO,"5 (6), 1:19","Sep 15, 2016","2300 Arena, Philadelphia, Pennsylvania, U.S.",,,
Devin Haney,5 ft 8 in (173 cm)[1],72 in (183 cm)[1],Orthodox,"Lightweight
Light welterweight
Catchweight",Carlos Castillo,9,Win,9–0,UD,6,"Aug 27, 2016","The Meadows Racetrack and Casino, Washington, Pennsylvania, U.S.",,,
Devin Haney,5 ft 8 in (173 cm)[1],72 in (183 cm)[1],Orthodox,"Lightweight
Light welterweight
Catchweight",Javier Meraz,8,Win,8–0,TKO,"2 (6), 1:45","Aug 12, 2016","Grand Hotel, Tijuana, Mexico",,,
Devin Haney,5 ft 8 in (173 cm)[1],72 in (183 cm)[1],Orthodox,"Lightweight
Light welterweight
Catchweight",Clay Burns,7,Win,7–0,UD,6,"Jun 25, 2016","Belle of Baton Rouge, Baton Rouge, Louisiana, U.S.",,,
Devin Haney,5 ft 8 in (173 cm)[1],72 in (183 cm)[1],Orthodox,"Lightweight
Light welterweight
Catchweight",Jairo Fernandez Vargas,6,Win,6–0,TKO,"4 (6), 1:34","May 21, 2016","Downtown Las Vegas Event Center, Las Vegas, Nevada, U.S.",,,
Devin Haney,5 ft 8 in (173 cm)[1],72 in (183 cm)[1],Orthodox,"Lightweight
Light welterweight
Catchweight",Rafael Vazquez,5,Win,5–0,UD,4,"Apr 9, 2016","MGM Grand Garden Arena, Paradise, Nevada, U.S.",,,
Devin Haney,5 ft 8 in (173 cm)[1],72 in (183 cm)[1],Orthodox,"Lightweight
Light welterweight
Catchweight",Roman Melendez,4,Win,4–0,TKO,"1 (6), 2:26","Mar 19, 2016","Billar El Perro Salado, Tijuana, Mexico",,,
Devin Haney,5 ft 8 in (173 cm)[1],72 in (183 cm)[1],Orthodox,"Lightweight
Light welterweight
Catchweight",Jorge Edgar Sillas,3,Win,3–0,UD,6,"Feb 20, 2016","Billar El Perro Salado, Tijuana, Mexico",,,
Devin Haney,5 ft 8 in (173 cm)[1],72 in (183 cm)[1],Orthodox,"Lightweight
Light welterweight
Catchweight",Jose Iniguez,2,Win,2–0,TKO,"1 (4), 1:36","Dec 18, 2015","Billar El Perro Salado, Tijuana, Mexico",,,
Devin Haney,5 ft 8 in (173 cm)[1],72 in (183 cm)[1],Orthodox,"Lightweight
Light welterweight
Catchweight",Gonzalo Lopez,1,Win,1–0,TKO,"1 (4), 0:33","Dec 11, 2015","Billar El Perro Salado, Tijuana, Mexico",,,
Nonito Donaire,5 ft 6 in (168 cm)[1],68 in (173 cm)[1],Orthodox,"Flyweight
Super flyweight
Bantamweight
Super bantamweight
Featherweight",Alexandro Santiago,50,Loss,42–8,UD,12,"Jul 29, 2023","T-Mobile Arena, Paradise, Nevada, U.S.",For vacant WBC bantamweight title,"40 years, 255 days",
Nonito Donaire,5 ft 6 in (168 cm)[1],68 in (173 cm)[1],Orthodox,"Flyweight
Super flyweight
Bantamweight
Super bantamweight
Featherweight",Naoya Inoue,49,Loss,42–7,TKO,"2 (12), 1:24","Jun 7, 2022","Super Arena, Saitama, Japan","Lost WBC bantamweight title; For WBA (Super), IBF, and The Ring bantamweight titles","39 years, 203 days",
Nonito Donaire,5 ft 6 in (168 cm)[1],68 in (173 cm)[1],Orthodox,"Flyweight
Super flyweight
Bantamweight
Super bantamweight
Featherweight",Reymart Gaballo,48,Win,42–6,KO,"4 (12), 2:59","Dec 11, 2021","Dignity Health Sports Park, Carson, California, U.S.",Retained WBC bantamweight title,"39 years, 25 days",
Nonito Donaire,5 ft 6 in (168 cm)[1],68 in (173 cm)[1],Orthodox,"Flyweight
Super flyweight
Bantamweight
Super bantamweight
Featherweight",Nordine Oubaali,47,Win,41–6,KO,"4 (12), 1:52","May 29, 2021","Dignity Health Sports Park, Carson, California, U.S.",Won WBC bantamweight title,"38 years, 194 days",
Nonito Donaire,5 ft 6 in (168 cm)[1],68 in (173 cm)[1],Orthodox,"Flyweight
Super flyweight
Bantamweight
Super bantamweight
Featherweight",Naoya Inoue,46,Loss,40–6,UD,12,"Nov 7, 2019","Super Arena, Saitama, Japan",Lost WBA (Super) bantamweight title; For IBF and The Ring bantamweight titles; World Boxing Super Series: bantamweight final,"36 years, 356 days",
Nonito Donaire,5 ft 6 in (168 cm)[1],68 in (173 cm)[1],Orthodox,"Flyweight
Super flyweight
Bantamweight
Super bantamweight
Featherweight",Stephon Young,45,Win,40–5,KO,"6 (12), 2:37","Apr 27, 2019","Cajundome, Lafayette, Louisiana, U.S.",Retained WBA (Super) bantamweight title; World Boxing Super Series: bantamweight semi-final,"36 years, 162 days",
Nonito Donaire,5 ft 6 in (168 cm)[1],68 in (173 cm)[1],Orthodox,"Flyweight
Super flyweight
Bantamweight
Super bantamweight
Featherweight",Ryan Burnett,44,Win,39–5,RTD,"4 (12), 3:00","Nov 3, 2018","The SSE Hydro, Glasgow, Scotland",Won WBA (Super) bantamweight title World Boxing Super Series: bantamweight quarter-final,"35 years, 352 days",
Nonito Donaire,5 ft 6 in (168 cm)[1],68 in (173 cm)[1],Orthodox,"Flyweight
Super flyweight
Bantamweight
Super bantamweight
Featherweight",Carl Frampton,43,Loss,38–5,UD,12,"Apr 21, 2018","SSE Arena, Belfast, Northern Ireland",For vacant WBO interim featherweight title,"35 years, 156 days",
Nonito Donaire,5 ft 6 in (168 cm)[1],68 in (173 cm)[1],Orthodox,"Flyweight
Super flyweight
Bantamweight
Super bantamweight
Featherweight",Ruben Garcia Hernandez,42,Win,38–4,UD,10,"Sep 23, 2017","Alamodome, San Antonio, Texas, U.S.",Won vacant WBC Silver featherweight title,"34 years, 311 days",
Nonito Donaire,5 ft 6 in (168 cm)[1],68 in (173 cm)[1],Orthodox,"Flyweight
Super flyweight
Bantamweight
Super bantamweight
Featherweight",Jessie Magdaleno,41,Loss,37–4,UD,12,"Nov 5, 2016","Thomas & Mack Center, Paradise, Nevada, U.S.",Lost WBO super bantamweight title,"33 years, 355 days",
Nonito Donaire,5 ft 6 in (168 cm)[1],68 in (173 cm)[1],Orthodox,"Flyweight
Super flyweight
Bantamweight
Super bantamweight
Featherweight",Zsolt Bedák,40,Win,37–3,TKO,"3 (12), 2:44","Apr 23, 2016","Sports Complex, Cebu City, Philippines",Retained WBO super bantamweight title,"33 years, 159 days",
Nonito Donaire,5 ft 6 in (168 cm)[1],68 in (173 cm)[1],Orthodox,"Flyweight
Super flyweight
Bantamweight
Super bantamweight
Featherweight",Cesar Juarez,39,Win,36–3,UD,12,"Dec 11, 2015","Roberto Clemente Coliseum, San Juan, Puerto Rico",Won vacant WBO super bantamweight title,"33 years, 25 days",
Nonito Donaire,5 ft 6 in (168 cm)[1],68 in (173 cm)[1],Orthodox,"Flyweight
Super flyweight
Bantamweight
Super bantamweight
Featherweight",Anthony Settoul,38,Win,35–3,TKO,"2 (10), 1:41","Jul 18, 2015","Cotai Arena, Macau, SAR",,"32 years, 244 days",
Nonito Donaire,5 ft 6 in (168 cm)[1],68 in (173 cm)[1],Orthodox,"Flyweight
Super flyweight
Bantamweight
Super bantamweight
Featherweight",William Prado,37,Win,34–3,TKO,"2 (12), 2:16","Mar 28, 2015","Smart Araneta Coliseum, Quezon City, Philippines",Won vacant NABF super bantamweight title,"32 years, 132 days",
Nonito Donaire,5 ft 6 in (168 cm)[1],68 in (173 cm)[1],Orthodox,"Flyweight
Super flyweight
Bantamweight
Super bantamweight
Featherweight",Nicholas Walters,36,Loss,33–3,TKO,"6 (12), 2:59","Oct 18, 2014","StubHub Center, Carson, California, U.S.",Lost WBA (Undisputed) featherweight title,"31 years, 336 days",
Nonito Donaire,5 ft 6 in (168 cm)[1],68 in (173 cm)[1],Orthodox,"Flyweight
Super flyweight
Bantamweight
Super bantamweight
Featherweight",Simpiwe Vetyeka,35,Win,33–2,TD,"5 (12), 0:01","May 31, 2014","Cotai Arena, Macau, SAR",Won WBA (Undisputed) featherweight title Unanimous TD: Donaire cut from an accidental head clash,"31 years, 196 days",
Nonito Donaire,5 ft 6 in (168 cm)[1],68 in (173 cm)[1],Orthodox,"Flyweight
Super flyweight
Bantamweight
Super bantamweight
Featherweight",Vic Darchinyan,34,Win,32–2,TKO,"9 (10), 2:06","Nov 9, 2013","American Bank Center, Corpus Christi, Texas, U.S.",,"30 years, 358 days",
Nonito Donaire,5 ft 6 in (168 cm)[1],68 in (173 cm)[1],Orthodox,"Flyweight
Super flyweight
Bantamweight
Super bantamweight
Featherweight",Guillermo Rigondeaux,33,Loss,31–2,UD,12,"Apr 13, 2013","Radio City Music Hall, New York City, New York, U.S.",Lost WBO and The Ring super bantamweight titles; For WBA (Super) super bantamweight title,"30 years, 148 days",
Nonito Donaire,5 ft 6 in (168 cm)[1],68 in (173 cm)[1],Orthodox,"Flyweight
Super flyweight
Bantamweight
Super bantamweight
Featherweight",Jorge Arce,32,Win,31–1,KO,"3 (12), 2:59","Dec 15, 2012","Toyota Center, Houston, Texas, U.S.",Retained WBO and The Ring super bantamweight titles,"30 years, 29 days",
Nonito Donaire,5 ft 6 in (168 cm)[1],68 in (173 cm)[1],Orthodox,"Flyweight
Super flyweight
Bantamweight
Super bantamweight
Featherweight",Toshiaki Nishioka,31,Win,30–1,TKO,"9 (12), 1:54","Oct 13, 2012","Home Depot Center, Carson, California, U.S.",Retained WBO super bantamweight title; Won vacant The Ring super bantamweight title,"29 years, 332 days",
Nonito Donaire,5 ft 6 in (168 cm)[1],68 in (173 cm)[1],Orthodox,"Flyweight
Super flyweight
Bantamweight
Super bantamweight
Featherweight",Jeffrey Mathebula,30,Win,29–1,UD,12,"Jul 7, 2012","Home Depot Center, Carson, California, U.S.",Retained WBO super bantamweight title; Won IBF super bantamweight title,"29 years, 234 days",
Nonito Donaire,5 ft 6 in (168 cm)[1],68 in (173 cm)[1],Orthodox,"Flyweight
Super flyweight
Bantamweight
Super bantamweight
Featherweight",Wilfredo Vázquez Jr.,29,Win,28–1,SD,12,"Feb 4, 2012","Alamodome, San Antonio, Texas, U.S.",Won vacant WBO super bantamweight title,"29 years, 80 days",
Nonito Donaire,5 ft 6 in (168 cm)[1],68 in (173 cm)[1],Orthodox,"Flyweight
Super flyweight
Bantamweight
Super bantamweight
Featherweight",Omar Narváez,28,Win,27–1,UD,12,"Oct 22, 2011","The Theater at Madison Square Garden, New York City, New York, U.S.",Retained WBC and WBO bantamweight titles,"28 years, 340 days",
Nonito Donaire,5 ft 6 in (168 cm)[1],68 in (173 cm)[1],Orthodox,"Flyweight
Super flyweight
Bantamweight
Super bantamweight
Featherweight",Fernando Montiel,27,Win,26–1,TKO,"2 (12), 2:25","Feb 19, 2011","Mandalay Bay Events Center, Paradise, Nevada, U.S.",Won WBC and WBO bantamweight titles,"28 years, 95 days",
Nonito Donaire,5 ft 6 in (168 cm)[1],68 in (173 cm)[1],Orthodox,"Flyweight
Super flyweight
Bantamweight
Super bantamweight
Featherweight",Volodymyr Sydorenko,26,Win,25–1,KO,"4 (12), 1:48","Dec 4, 2010","Honda Center, Anaheim, California, U.S.",Won vacant WBC Continental Americas bantamweight title,"28 years, 18 days",
Nonito Donaire,5 ft 6 in (168 cm)[1],68 in (173 cm)[1],Orthodox,"Flyweight
Super flyweight
Bantamweight
Super bantamweight
Featherweight",Hernán Márquez,25,Win,24–1,TKO,"8 (12), 2:59","Jul 10, 2010","José Miguel Agrelot Coliseum, San Juan, Puerto Rico",Retained WBA interim super flyweight title,"27 years, 236 days",
Nonito Donaire,5 ft 6 in (168 cm)[1],68 in (173 cm)[1],Orthodox,"Flyweight
Super flyweight
Bantamweight
Super bantamweight
Featherweight",Manuel Vargas,24,Win,23–1,KO,"3 (12), 1:33","Feb 13, 2010","Las Vegas Hilton, Winchester, Nevada, U.S.",Retained WBA interim super flyweight title,"27 years, 89 days",
Nonito Donaire,5 ft 6 in (168 cm)[1],68 in (173 cm)[1],Orthodox,"Flyweight
Super flyweight
Bantamweight
Super bantamweight
Featherweight",Rafael Concepción,23,Win,22–1,UD,12,"Aug 15, 2009","The Joint, Paradise, Nevada, U.S.",Won vacant WBA interim super flyweight title,"26 years, 272 days",
Nonito Donaire,5 ft 6 in (168 cm)[1],68 in (173 cm)[1],Orthodox,"Flyweight
Super flyweight
Bantamweight
Super bantamweight
Featherweight",Raúl Martínez,22,Win,21–1,TKO,"4 (12), 2:42","Apr 19, 2009","Araneta Coliseum, Quezon City, Philippines",Retained IBF and IBO flyweight titles,"26 years, 154 days",
Nonito Donaire,5 ft 6 in (168 cm)[1],68 in (173 cm)[1],Orthodox,"Flyweight
Super flyweight
Bantamweight
Super bantamweight
Featherweight",Moruti Mthalane,21,Win,20–1,TKO,"6 (12), 1:31","Nov 1, 2008","Mandalay Bay Events Center, Paradise, Nevada, U.S.",Retained IBF and IBO flyweight titles,"25 years, 351 days",
Nonito Donaire,5 ft 6 in (168 cm)[1],68 in (173 cm)[1],Orthodox,"Flyweight
Super flyweight
Bantamweight
Super bantamweight
Featherweight",Luis Maldonado,20,Win,19–1,TKO,"8 (12), 1:16","Dec 1, 2007","Foxwoods Resort Casino, Ledyard, Connecticut, U.S.",Retained IBF and IBO flyweight titles,"25 years, 15 days",
Nonito Donaire,5 ft 6 in (168 cm)[1],68 in (173 cm)[1],Orthodox,"Flyweight
Super flyweight
Bantamweight
Super bantamweight
Featherweight",Vic Darchinyan,19,Win,18–1,TKO,"5 (12), 1:38","Jul 7, 2007","The Arena at Harbor Yard, Bridgeport, Connecticut, U.S.",Won IBF and IBO flyweight titles,"24 years, 233 days",
Nonito Donaire,5 ft 6 in (168 cm)[1],68 in (173 cm)[1],Orthodox,"Flyweight
Super flyweight
Bantamweight
Super bantamweight
Featherweight",Kevin Hudgins,18,Win,17–1,TKO,"1 (8), 2:29","May 12, 2007","Events Center, Reno, Nevada, U.S.",,"24 years, 177 days",
Nonito Donaire,5 ft 6 in (168 cm)[1],68 in (173 cm)[1],Orthodox,"Flyweight
Super flyweight
Bantamweight
Super bantamweight
Featherweight",Oscar Andrade,17,Win,16–1,UD,12,"Oct 7, 2006","Mandalay Bay Events Center, Paradise, Nevada, U.S.",Retained NABF super flyweight title,"23 years, 325 days",
Nonito Donaire,5 ft 6 in (168 cm)[1],68 in (173 cm)[1],Orthodox,"Flyweight
Super flyweight
Bantamweight
Super bantamweight
Featherweight",Jose Luis Cardenas,16,Win,15–1,TKO,"2 (8), 1:48","Jul 29, 2006","Chumash Casino Resort, Santa Ynez, California, U.S.",,"23 years, 255 days",
Nonito Donaire,5 ft 6 in (168 cm)[1],68 in (173 cm)[1],Orthodox,"Flyweight
Super flyweight
Bantamweight
Super bantamweight
Featherweight",Karen Harutyunyan,15,Win,14–1,SD,10,"Jan 20, 2006","Pechanga Resort & Casino, Temecula, California, U.S.",Won NABF super flyweight title,"23 years, 65 days",
Nonito Donaire,5 ft 6 in (168 cm)[1],68 in (173 cm)[1],Orthodox,"Flyweight
Super flyweight
Bantamweight
Super bantamweight
Featherweight",Ilido Julio,14,Win,13–1,UD,8,"Nov 5, 2005","Caesars Tahoe, Stateline, Nevada, U.S.",,"22 years, 354 days",
Nonito Donaire,5 ft 6 in (168 cm)[1],68 in (173 cm)[1],Orthodox,"Flyweight
Super flyweight
Bantamweight
Super bantamweight
Featherweight",Daniel Gonzalez,13,Win,12–1,KO,"1 (8), 2:19","Oct 1, 2005","Events Center, Reno, Nevada, U.S.",,"22 years, 319 days",
Nonito Donaire,5 ft 6 in (168 cm)[1],68 in (173 cm)[1],Orthodox,"Flyweight
Super flyweight
Bantamweight
Super bantamweight
Featherweight",Larry Olvera,12,Win,11–1,UD,6,"Jul 2, 2005","Events Center, Reno, Nevada, U.S.",,"22 years, 228 days",
Nonito Donaire,5 ft 6 in (168 cm)[1],68 in (173 cm)[1],Orthodox,"Flyweight
Super flyweight
Bantamweight
Super bantamweight
Featherweight",Paulino Villalobos,11,Win,10–1,TKO,"6 (8), 3:00","May 13, 2005","Civic Auditorium, San Jose, California, U.S.",,"22 years, 178 days",
Nonito Donaire,5 ft 6 in (168 cm)[1],68 in (173 cm)[1],Orthodox,"Flyweight
Super flyweight
Bantamweight
Super bantamweight
Featherweight",Gilberto Bolanos,10,Win,9–1,UD,8,"Nov 12, 2004","Quiet Cannon, Montebello, California, U.S.",,"21 years, 362 days",
Nonito Donaire,5 ft 6 in (168 cm)[1],68 in (173 cm)[1],Orthodox,"Flyweight
Super flyweight
Bantamweight
Super bantamweight
Featherweight",Ricardo Barrera,9,Win,8–1,TKO,"4 (6), 3:00","Jun 18, 2004","Quiet Cannon, Montebello, California, U.S.",,"21 years, 215 days",
Nonito Donaire,5 ft 6 in (168 cm)[1],68 in (173 cm)[1],Orthodox,"Flyweight
Super flyweight
Bantamweight
Super bantamweight
Featherweight",Jorge Lopez,8,Win,7–1,TKO,"1 (6), 1:43","Jun 27, 2003","Mare Island Sports Center, Vallejo, California, U.S.",,"20 years, 223 days",
Nonito Donaire,5 ft 6 in (168 cm)[1],68 in (173 cm)[1],Orthodox,"Flyweight
Super flyweight
Bantamweight
Super bantamweight
Featherweight",Mark Sales,7,Win,6–1,UD,8,"Nov 2, 2002","Joe Cantada Boxing Arena, Taguig, Philippines",,"19 years, 351 days",
Nonito Donaire,5 ft 6 in (168 cm)[1],68 in (173 cm)[1],Orthodox,"Flyweight
Super flyweight
Bantamweight
Super bantamweight
Featherweight",Kaichon Sor Vorapin,6,Win,5–1,KO,2 (12),"Sep 1, 2002","University of Guam, Mangilao, Guam",Won vacant WBO Asia Pacific flyweight title,"19 years, 289 days",
Nonito Donaire,5 ft 6 in (168 cm)[1],68 in (173 cm)[1],Orthodox,"Flyweight
Super flyweight
Bantamweight
Super bantamweight
Featherweight",Noel Alma,5,Win,4–1,TKO,2 (4),"May 31, 2002","Elorde Sports Complex, Parañaque, Philippines",,"19 years, 196 days",
Nonito Donaire,5 ft 6 in (168 cm)[1],68 in (173 cm)[1],Orthodox,"Flyweight
Super flyweight
Bantamweight
Super bantamweight
Featherweight",Jose Luis Torres,4,Win,3–1,TKO,"1 (4), 0:30","Jul 3, 2001","Hyatt Regency Hotel, Monterey, California, U.S.",,"18 years, 229 days",
Nonito Donaire,5 ft 6 in (168 cm)[1],68 in (173 cm)[1],Orthodox,"Flyweight
Super flyweight
Bantamweight
Super bantamweight
Featherweight",Saul Santoyo,3,Win,2–1,UD,4,"Jun 8, 2001","Hollywood Park Racetrack, Inglewood, California, U.S.",,"18 years, 204 days",
Nonito Donaire,5 ft 6 in (168 cm)[1],68 in (173 cm)[1],Orthodox,"Flyweight
Super flyweight
Bantamweight
Super bantamweight
Featherweight",Rosendo Sanchez,2,Loss,1–1,UD,5,"Mar 10, 2001","Pacific Sports Center, Vallejo, California, U.S.",,"18 years, 114 days",
Nonito Donaire,5 ft 6 in (168 cm)[1],68 in (173 cm)[1],Orthodox,"Flyweight
Super flyweight
Bantamweight
Super bantamweight
Featherweight",Jose Lazaro,1,Win,1–0,KO,"1 (4), 1:46","Feb 22, 2001","Hollywood Park Racetrack, Inglewood, California, U.S.",,"18 years, 98 days",
Oscar De La Hoya,5 ft 11 in (180 cm) in[2],73 in (185 cm)[2],Orthodox,"Super featherweight
Lightweight
Light welterweight
Welterweight
Light middleweight
Middleweight",Manny Pacquiao,45,Loss,39–6,RTD,"8 (12), 3:00","Dec 6, 2008","MGM Grand Garden Arena, Paradise, Nevada, U.S.",,,
Oscar De La Hoya,5 ft 11 in (180 cm) in[2],73 in (185 cm)[2],Orthodox,"Super featherweight
Lightweight
Light welterweight
Welterweight
Light middleweight
Middleweight",Steve Forbes,44,Win,39–5,UD,12,"May 3, 2008","Home Depot Center, Carson, California, U.S.",,,
Oscar De La Hoya,5 ft 11 in (180 cm) in[2],73 in (185 cm)[2],Orthodox,"Super featherweight
Lightweight
Light welterweight
Welterweight
Light middleweight
Middleweight",Floyd Mayweather Jr.,43,Loss,38–5,SD,12,"May 5, 2007","MGM Grand Garden Arena, Paradise, Nevada, U.S.",Lost WBC light middleweight title,,
Oscar De La Hoya,5 ft 11 in (180 cm) in[2],73 in (185 cm)[2],Orthodox,"Super featherweight
Lightweight
Light welterweight
Welterweight
Light middleweight
Middleweight",Ricardo Mayorga,42,Win,38–4,TKO,"6 (12), 1:25","May 6, 2006","MGM Grand Garden Arena, Paradise, Nevada, U.S.",Won WBC light middleweight title,,
Oscar De La Hoya,5 ft 11 in (180 cm) in[2],73 in (185 cm)[2],Orthodox,"Super featherweight
Lightweight
Light welterweight
Welterweight
Light middleweight
Middleweight",Bernard Hopkins,41,Loss,37–4,KO,"9 (12), 1:38","Sep 18, 2004","MGM Grand Garden Arena, Paradise, Nevada, U.S.","Lost WBO middleweight title; For WBA (Undisputed), WBC, IBF, and The Ring middleweight titles",,
Oscar De La Hoya,5 ft 11 in (180 cm) in[2],73 in (185 cm)[2],Orthodox,"Super featherweight
Lightweight
Light welterweight
Welterweight
Light middleweight
Middleweight",Felix Sturm,40,Win,37–3,UD,12,"Jun 5, 2004","MGM Grand Garden Arena, Paradise, Nevada, U.S.",Won WBO middleweight title,,
Oscar De La Hoya,5 ft 11 in (180 cm) in[2],73 in (185 cm)[2],Orthodox,"Super featherweight
Lightweight
Light welterweight
Welterweight
Light middleweight
Middleweight",Shane Mosley,39,Loss,36–3,UD,12,"Sep 13, 2003","MGM Grand Garden Arena, Paradise, Nevada, U.S.","Lost WBA (Unified), WBC, IBA, and The Ring light middleweight titles",,
Oscar De La Hoya,5 ft 11 in (180 cm) in[2],73 in (185 cm)[2],Orthodox,"Super featherweight
Lightweight
Light welterweight
Welterweight
Light middleweight
Middleweight",Yori Boy Campas,38,Win,36–2,TKO,"7 (12), 2:54","May 3, 2003","Mandalay Bay Events Center, Paradise, Nevada, U.S.","Retained WBA (Unified), WBC, IBA, and The Ring light middleweight titles",,
Oscar De La Hoya,5 ft 11 in (180 cm) in[2],73 in (185 cm)[2],Orthodox,"Super featherweight
Lightweight
Light welterweight
Welterweight
Light middleweight
Middleweight",Fernando Vargas,37,Win,35–2,TKO,"11 (12), 1:48","Sep 14, 2002","Mandalay Bay Events Center, Paradise, Nevada, U.S.","Retained WBC light middleweight title; Won WBA (Unified), IBA, and vacant The Ring light middleweight titles",,
Oscar De La Hoya,5 ft 11 in (180 cm) in[2],73 in (185 cm)[2],Orthodox,"Super featherweight
Lightweight
Light welterweight
Welterweight
Light middleweight
Middleweight",Javier Castillejo,36,Win,34–2,UD,12,"Jun 23, 2001","MGM Grand Garden Arena, Paradise, Nevada, U.S.",Won WBC light middleweight title,,
Oscar De La Hoya,5 ft 11 in (180 cm) in[2],73 in (185 cm)[2],Orthodox,"Super featherweight
Lightweight
Light welterweight
Welterweight
Light middleweight
Middleweight",Arturo Gatti,35,Win,33–2,TKO,"5 (12), 1:16","Mar 24, 2001","MGM Grand Garden Arena, Paradise, Nevada, U.S.",,,
Oscar De La Hoya,5 ft 11 in (180 cm) in[2],73 in (185 cm)[2],Orthodox,"Super featherweight
Lightweight
Light welterweight
Welterweight
Light middleweight
Middleweight",Shane Mosley,34,Loss,32–2,SD,12,"Jun 17, 2000","Staples Center, Los Angeles, California, U.S.",Lost WBC and IBA welterweight titles,,
Oscar De La Hoya,5 ft 11 in (180 cm) in[2],73 in (185 cm)[2],Orthodox,"Super featherweight
Lightweight
Light welterweight
Welterweight
Light middleweight
Middleweight",Derrell Coley,33,Win,32–1,KO,"7 (12), 3:00","Feb 26, 2000","Madison Square Garden, New York City, New York, U.S.",Won vacant IBA welterweight title,,
Oscar De La Hoya,5 ft 11 in (180 cm) in[2],73 in (185 cm)[2],Orthodox,"Super featherweight
Lightweight
Light welterweight
Welterweight
Light middleweight
Middleweight",Félix Trinidad,32,Loss,31–1,MD,12,"Sep 18, 1999","Mandalay Bay Events Center, Paradise, Nevada, U.S.",Lost WBC welterweight title; For IBF welterweight title,,
Oscar De La Hoya,5 ft 11 in (180 cm) in[2],73 in (185 cm)[2],Orthodox,"Super featherweight
Lightweight
Light welterweight
Welterweight
Light middleweight
Middleweight",Oba Carr,31,Win,31–0,TKO,"11 (12), 0:55","May 22, 1999","Mandalay Bay Events Center, Paradise, Nevada, U.S.",Retained WBC welterweight title,,
Oscar De La Hoya,5 ft 11 in (180 cm) in[2],73 in (185 cm)[2],Orthodox,"Super featherweight
Lightweight
Light welterweight
Welterweight
Light middleweight
Middleweight",Ike Quartey,30,Win,30–0,SD,12,"Feb 13, 1999","Thomas & Mack Center, Paradise, Nevada, U.S.",Retained WBC welterweight title,,
Oscar De La Hoya,5 ft 11 in (180 cm) in[2],73 in (185 cm)[2],Orthodox,"Super featherweight
Lightweight
Light welterweight
Welterweight
Light middleweight
Middleweight",Julio César Chávez,29,Win,29–0,RTD,"8 (12), 3:00","Sep 18, 1998","Thomas & Mack Center, Paradise, Nevada, U.S.",Retained WBC welterweight title,,
Oscar De La Hoya,5 ft 11 in (180 cm) in[2],73 in (185 cm)[2],Orthodox,"Super featherweight
Lightweight
Light welterweight
Welterweight
Light middleweight
Middleweight",Patrick Charpentier,28,Win,28–0,TKO,"3 (12), 1:56","Jun 13, 1998","Sun Bowl, El Paso, Texas, U.S.",Retained WBC welterweight title,,
Oscar De La Hoya,5 ft 11 in (180 cm) in[2],73 in (185 cm)[2],Orthodox,"Super featherweight
Lightweight
Light welterweight
Welterweight
Light middleweight
Middleweight",Wilfredo Rivera,27,Win,27–0,TKO,"8 (12), 2:48","Dec 6, 1997","Boardwalk Hall, Atlantic City, New Jersey, U.S.",Retained WBC welterweight title,,
Oscar De La Hoya,5 ft 11 in (180 cm) in[2],73 in (185 cm)[2],Orthodox,"Super featherweight
Lightweight
Light welterweight
Welterweight
Light middleweight
Middleweight",Héctor Camacho,26,Win,26–0,UD,12,"Sep 13, 1997","Thomas & Mack Center, Paradise, Nevada, U.S.",Retained WBC welterweight title,,
Oscar De La Hoya,5 ft 11 in (180 cm) in[2],73 in (185 cm)[2],Orthodox,"Super featherweight
Lightweight
Light welterweight
Welterweight
Light middleweight
Middleweight",David Kamau,25,Win,25–0,KO,"2 (12), 2:54","Jun 14, 1997","Alamodome, San Antonio, Texas, U.S.",Retained WBC welterweight title,,
Oscar De La Hoya,5 ft 11 in (180 cm) in[2],73 in (185 cm)[2],Orthodox,"Super featherweight
Lightweight
Light welterweight
Welterweight
Light middleweight
Middleweight",Pernell Whitaker,24,Win,24–0,UD,12,"Apr 12, 1997","Thomas & Mack Center, Paradise, Nevada, U.S.",Won WBC welterweight title,,
Oscar De La Hoya,5 ft 11 in (180 cm) in[2],73 in (185 cm)[2],Orthodox,"Super featherweight
Lightweight
Light welterweight
Welterweight
Light middleweight
Middleweight",Miguel Ángel González,23,Win,23–0,UD,12,"Jan 18, 1997","Thomas & Mack Center, Paradise, Nevada, U.S.",Retained WBC super lightweight title,,
Oscar De La Hoya,5 ft 11 in (180 cm) in[2],73 in (185 cm)[2],Orthodox,"Super featherweight
Lightweight
Light welterweight
Welterweight
Light middleweight
Middleweight",Julio César Chávez,22,Win,22–0,TKO,"4 (12), 2:37","Jun 7, 1996","Caesars Palace, Paradise, Nevada, U.S.",Won WBC super lightweight title,,
Oscar De La Hoya,5 ft 11 in (180 cm) in[2],73 in (185 cm)[2],Orthodox,"Super featherweight
Lightweight
Light welterweight
Welterweight
Light middleweight
Middleweight",Darryl Tyson,21,Win,21–0,KO,"2 (10), 2:38","Feb 9, 1996","Caesars Palace, Paradise, Nevada, U.S.",,,
Oscar De La Hoya,5 ft 11 in (180 cm) in[2],73 in (185 cm)[2],Orthodox,"Super featherweight
Lightweight
Light welterweight
Welterweight
Light middleweight
Middleweight",Jesse James Leija,20,Win,20–0,RTD,"2 (12), 3:00","Dec 15, 1995","Madison Square Garden, New York City, New York, U.S.",Retained WBO lightweight title,,
Oscar De La Hoya,5 ft 11 in (180 cm) in[2],73 in (185 cm)[2],Orthodox,"Super featherweight
Lightweight
Light welterweight
Welterweight
Light middleweight
Middleweight",Genaro Hernández,19,Win,19–0,RTD,"6 (12), 3:00","Sep 9, 1995","Caesars Palace, Paradise, Nevada, U.S.",Retained WBO lightweight title,,
Oscar De La Hoya,5 ft 11 in (180 cm) in[2],73 in (185 cm)[2],Orthodox,"Super featherweight
Lightweight
Light welterweight
Welterweight
Light middleweight
Middleweight",Rafael Ruelas,18,Win,18–0,TKO,"2 (12), 1:43","May 6, 1995","Caesars Palace, Paradise, Nevada, U.S.",Retained WBO lightweight title; Won IBF lightweight title,,
Oscar De La Hoya,5 ft 11 in (180 cm) in[2],73 in (185 cm)[2],Orthodox,"Super featherweight
Lightweight
Light welterweight
Welterweight
Light middleweight
Middleweight",John John Molina,17,Win,17–0,UD,12,"Feb 18, 1995","MGM Grand Garden Arena, Paradise, Nevada, U.S.",Retained WBO lightweight title,,
Oscar De La Hoya,5 ft 11 in (180 cm) in[2],73 in (185 cm)[2],Orthodox,"Super featherweight
Lightweight
Light welterweight
Welterweight
Light middleweight
Middleweight",John Avila,16,Win,16–0,TKO,"9 (12), 1:07","Dec 10, 1994","Grand Olympic Auditorium, Los Angeles, California, U.S.",Retained WBO lightweight title,,
Oscar De La Hoya,5 ft 11 in (180 cm) in[2],73 in (185 cm)[2],Orthodox,"Super featherweight
Lightweight
Light welterweight
Welterweight
Light middleweight
Middleweight",Carl Griffith,15,Win,15–0,TKO,"3 (12), 1:02","Nov 18, 1994","MGM Grand Garden Arena, Paradise, Nevada, U.S.",Retained WBO lightweight title,,
Oscar De La Hoya,5 ft 11 in (180 cm) in[2],73 in (185 cm)[2],Orthodox,"Super featherweight
Lightweight
Light welterweight
Welterweight
Light middleweight
Middleweight",Jorge Páez,14,Win,14–0,KO,"2 (12), 0:39","Jul 29, 1994","MGM Grand Garden Arena, Paradise, Nevada, U.S.",Won vacant WBO lightweight title,,
Oscar De La Hoya,5 ft 11 in (180 cm) in[2],73 in (185 cm)[2],Orthodox,"Super featherweight
Lightweight
Light welterweight
Welterweight
Light middleweight
Middleweight",Giorgio Campanella,13,Win,13–0,TKO,"3 (12), 2:22","May 27, 1994","MGM Grand Garden Arena, Paradise, Nevada, U.S.",Retained WBO junior lightweight title,,
Oscar De La Hoya,5 ft 11 in (180 cm) in[2],73 in (185 cm)[2],Orthodox,"Super featherweight
Lightweight
Light welterweight
Welterweight
Light middleweight
Middleweight",Jimmi Bredahl,12,Win,12–0,RTD,"10 (12), 3:00","Mar 5, 1994","Grand Olympic Auditorium, Los Angeles, California, U.S.",Won WBO junior lightweight title,,
Oscar De La Hoya,5 ft 11 in (180 cm) in[2],73 in (185 cm)[2],Orthodox,"Super featherweight
Lightweight
Light welterweight
Welterweight
Light middleweight
Middleweight",Narciso Valenzuela,11,Win,11–0,KO,"1 (10), 2:25","Oct 30, 1993","America West Arena, Phoenix, Arizona, U.S.",,,
Oscar De La Hoya,5 ft 11 in (180 cm) in[2],73 in (185 cm)[2],Orthodox,"Super featherweight
Lightweight
Light welterweight
Welterweight
Light middleweight
Middleweight",Angelo Nunez,10,Win,10–0,RTD,"4 (10), 3:00","Aug 27, 1993","Wilshire Hotel, Beverly Hills, California, U.S.",,,
Oscar De La Hoya,5 ft 11 in (180 cm) in[2],73 in (185 cm)[2],Orthodox,"Super featherweight
Lightweight
Light welterweight
Welterweight
Light middleweight
Middleweight",Renaldo Carter,9,Win,9–0,TKO,"6 (10), 2:10","Aug 14, 1993","Casino Magic, Bay St. Louis, Mississippi, U.S.",,,
Oscar De La Hoya,5 ft 11 in (180 cm) in[2],73 in (185 cm)[2],Orthodox,"Super featherweight
Lightweight
Light welterweight
Welterweight
Light middleweight
Middleweight",Troy Dorsey,8,Win,8–0,RTD,"1 (10), 3:00","Jun 7, 1993","Thomas & Mack Center, Paradise, Nevada, U.S.",,,
Oscar De La Hoya,5 ft 11 in (180 cm) in[2],73 in (185 cm)[2],Orthodox,"Super featherweight
Lightweight
Light welterweight
Welterweight
Light middleweight
Middleweight",Frank Avelar,7,Win,7–0,TKO,"4 (10), 2:00","May 8, 1993","Caesars Tahoe, Stateline, Nevada, U.S.",,,
Oscar De La Hoya,5 ft 11 in (180 cm) in[2],73 in (185 cm)[2],Orthodox,"Super featherweight
Lightweight
Light welterweight
Welterweight
Light middleweight
Middleweight",Mike Grable,6,Win,6–0,UD,8,"Apr 6, 1993","Blue Cross Arena, Rochester, New York, U.S.",,,
Oscar De La Hoya,5 ft 11 in (180 cm) in[2],73 in (185 cm)[2],Orthodox,"Super featherweight
Lightweight
Light welterweight
Welterweight
Light middleweight
Middleweight",Jeff Mayweather,5,Win,5–0,TKO,"4 (8), 1:35","Mar 13, 1993","Las Vegas Hilton, Winchester, Nevada, U.S.",,,
Oscar De La Hoya,5 ft 11 in (180 cm) in[2],73 in (185 cm)[2],Orthodox,"Super featherweight
Lightweight
Light welterweight
Welterweight
Light middleweight
Middleweight",Curtis Strong,4,Win,4–0,TKO,"4 (6), 1:40","Feb 6, 1993","Sports Arena, San Diego, California, U.S.",,,
Oscar De La Hoya,5 ft 11 in (180 cm) in[2],73 in (185 cm)[2],Orthodox,"Super featherweight
Lightweight
Light welterweight
Welterweight
Light middleweight
Middleweight",Paris Alexander,3,Win,3–0,TKO,"2 (6), 1:52","Jan 3, 1993","Hollywood Palladium, Los Angeles, California, U.S.",,,
Oscar De La Hoya,5 ft 11 in (180 cm) in[2],73 in (185 cm)[2],Orthodox,"Super featherweight
Lightweight
Light welterweight
Welterweight
Light middleweight
Middleweight",Clifford Hicks,2,Win,2–0,KO,"1 (6), 1:17","Dec 12, 1992","America West Arena, Phoenix, Arizona, U.S.",,,
Oscar De La Hoya,5 ft 11 in (180 cm) in[2],73 in (185 cm)[2],Orthodox,"Super featherweight
Lightweight
Light welterweight
Welterweight
Light middleweight
Middleweight",Lamar Williams,1,Win,1–0,KO,"1 (6), 2:12","Nov 23, 1992","Great Western Forum, Inglewood, California, U.S.",,,
Zab Judah,5 ft 7 in (170 cm)[1],72 in (183 cm)[1],Southpaw,"Light welterweight
Welterweight
Light middleweight",Cletus Seldin,56,Loss,44–10 (2),TKO,"11 (12), 1:40","Jun 7, 2019","Turning Stone Resort & Casino, Verona, New York, U.S.",For vacant NABA light welterweight title,,
Zab Judah,5 ft 7 in (170 cm)[1],72 in (183 cm)[1],Southpaw,"Light welterweight
Welterweight
Light middleweight",Noel Mejia Rincon,55,Win,44–9 (2),UD,10,"Jan 27, 2018","Grey Eagle Resort & Casino, Calgary, Alberta, Canada",,,
Zab Judah,5 ft 7 in (170 cm)[1],72 in (183 cm)[1],Southpaw,"Light welterweight
Welterweight
Light middleweight",Jorge Luis Munguia,54,Win,43–9 (2),TKO,"2 (10), 1:27","Jan 21, 2017","Sun National Bank Center, Trenton, New Jersey, U.S.",,,
Zab Judah,5 ft 7 in (170 cm)[1],72 in (183 cm)[1],Southpaw,"Light welterweight
Welterweight
Light middleweight",Paulie Malignaggi,53,Loss,42–9 (2),UD,12,"Dec 7, 2013","Barclays Center, New York City, New York, U.S.",For vacant NABF welterweight title,,
Zab Judah,5 ft 7 in (170 cm)[1],72 in (183 cm)[1],Southpaw,"Light welterweight
Welterweight
Light middleweight",Danny Garcia,52,Loss,42–8 (2),UD,12,"Apr 27, 2013","Barclays Center, New York City, New York, U.S.","For WBA (Super), WBC, and The Ring light welterweight titles",,
Zab Judah,5 ft 7 in (170 cm)[1],72 in (183 cm)[1],Southpaw,"Light welterweight
Welterweight
Light middleweight",Vernon Paris,51,Win,42–7 (2),TKO,"9 (12), 2:07","Mar 24, 2012","Aviator Sports & Events Center, New York City, New York, U.S.",,,
Zab Judah,5 ft 7 in (170 cm)[1],72 in (183 cm)[1],Southpaw,"Light welterweight
Welterweight
Light middleweight",Amir Khan,50,Loss,41–7 (2),KO,"5 (12), 2:47","Jul 23, 2011","Mandalay Bay Events Center, Paradise, Nevada, U.S.",Lost IBF light welterweight title; For WBA (Super) light welterweight title,,
Zab Judah,5 ft 7 in (170 cm)[1],72 in (183 cm)[1],Southpaw,"Light welterweight
Welterweight
Light middleweight",Kaizer Mabuza,49,Win,41–6 (2),TKO,"7 (12), 0:59","Mar 5, 2011","Prudential Center, Newark, New Jersey, U.S.",Won vacant IBF light welterweight title,,
Zab Judah,5 ft 7 in (170 cm)[1],72 in (183 cm)[1],Southpaw,"Light welterweight
Welterweight
Light middleweight",Lucas Matthysse,48,Win,40–6 (2),SD,12,"Nov 6, 2010","Prudential Center, Newark, New Jersey, U.S.",Won vacant NABO light welterweight title,,
Zab Judah,5 ft 7 in (170 cm)[1],72 in (183 cm)[1],Southpaw,"Light welterweight
Welterweight
Light middleweight",José Santa Cruz,47,Win,39–6 (2),TKO,"3 (10), 2:33","Jul 16, 2010","Prudential Center, Newark, New Jersey, U.S.",,,
Zab Judah,5 ft 7 in (170 cm)[1],72 in (183 cm)[1],Southpaw,"Light welterweight
Welterweight
Light middleweight",Ubaldo Hernandez,46,Win,38–6 (2),TKO,"2 (10), 0:35","Nov 6, 2009","Palms Casino Resort, Paradise, Nevada, U.S.",,,
Zab Judah,5 ft 7 in (170 cm)[1],72 in (183 cm)[1],Southpaw,"Light welterweight
Welterweight
Light middleweight",Ernest Johnson,45,Win,37–6 (2),UD,10,"Nov 8, 2008","Madison Square Garden, New York City, New York, U.S.",,,
Zab Judah,5 ft 7 in (170 cm)[1],72 in (183 cm)[1],Southpaw,"Light welterweight
Welterweight
Light middleweight",Joshua Clottey,44,Loss,36–6 (2),TD,"9 (12), 1:12","Aug 2, 2008","Pearl Concert Theater, Paradise, Nevada, U.S.",For vacant IBF welterweight title; Unanimous TD: Judah cut from an accidental head clash,,
Zab Judah,5 ft 7 in (170 cm)[1],72 in (183 cm)[1],Southpaw,"Light welterweight
Welterweight
Light middleweight",Ryan Davis,43,Win,36–5 (2),UD,12,"Nov 17, 2007","Casablanca Casino, Providenciales, Turks and Caicos Islands",Won vacant IBC light middleweight title,,
Zab Judah,5 ft 7 in (170 cm)[1],72 in (183 cm)[1],Southpaw,"Light welterweight
Welterweight
Light middleweight",Edwin Vasquez,42,Win,35–5 (2),UD,10,"Sep 7, 2007","Hard Rock Hotel and Casino, Biloxi, Mississippi, U.S.",,,
Zab Judah,5 ft 7 in (170 cm)[1],72 in (183 cm)[1],Southpaw,"Light welterweight
Welterweight
Light middleweight",Miguel Cotto,41,Loss,34–5 (2),TKO,"11 (12), 0:49","Jun 9, 2007","Madison Square Garden, New York City, New York, U.S.",For WBA welterweight title,,
Zab Judah,5 ft 7 in (170 cm)[1],72 in (183 cm)[1],Southpaw,"Light welterweight
Welterweight
Light middleweight",Rubén Galván,40,NC,34–4 (2),NC,"1 (10), 1:11","Apr 13, 2007","Fitzgeralds Casino and Hotel, Tunica Resorts, Mississippi, U.S.",Galván cut from an accidental elbow,,
Zab Judah,5 ft 7 in (170 cm)[1],72 in (183 cm)[1],Southpaw,"Light welterweight
Welterweight
Light middleweight",Floyd Mayweather Jr.,39,Loss,34–4 (1),UD,12,"Apr 8, 2006","Thomas & Mack Center, Paradise, Nevada, U.S.",Lost IBF welterweight title; For vacant IBO welterweight title,,
Zab Judah,5 ft 7 in (170 cm)[1],72 in (183 cm)[1],Southpaw,"Light welterweight
Welterweight
Light middleweight",Carlos Baldomir,38,Loss,34–3 (1),UD,12,"Jan 7, 2006","Madison Square Garden, New York City, New York, U.S.",Lost WBC and The Ring welterweight titles,,
Zab Judah,5 ft 7 in (170 cm)[1],72 in (183 cm)[1],Southpaw,"Light welterweight
Welterweight
Light middleweight",Cosme Rivera,37,Win,34–2 (1),TKO,"3 (12), 2:11","May 14, 2005","MGM Grand Garden Arena, Paradise, Nevada, U.S.","Retained WBA (Undisputed), WBC, IBF, and The Ring welterweight titles",,
Zab Judah,5 ft 7 in (170 cm)[1],72 in (183 cm)[1],Southpaw,"Light welterweight
Welterweight
Light middleweight",Cory Spinks,36,Win,33–2 (1),TKO,"9 (12), 2:49","Feb 5, 2005","Savvis Center, St. Louis, Missouri, U.S.","Won WBA (Undisputed), WBC, IBF, and The Ring welterweight titles",,
Zab Judah,5 ft 7 in (170 cm)[1],72 in (183 cm)[1],Southpaw,"Light welterweight
Welterweight
Light middleweight",Wayne Martell,35,Win,32–2 (1),TKO,"1 (12), 2:08","Oct 2, 2004","Madison Square Garden, New York City, New York, U.S.",Retained WBO Inter-Continental welterweight title,,
Zab Judah,5 ft 7 in (170 cm)[1],72 in (183 cm)[1],Southpaw,"Light welterweight
Welterweight
Light middleweight",Rafael Pineda,34,Win,31–2 (1),SD,12,"May 15, 2004","Mandalay Bay Events Center, Paradise, Nevada, U.S.",Won vacant WBO Inter-Continental welterweight title,,
Zab Judah,5 ft 7 in (170 cm)[1],72 in (183 cm)[1],Southpaw,"Light welterweight
Welterweight
Light middleweight",Cory Spinks,33,Loss,30–2 (1),UD,12,"Apr 10, 2004","Mandalay Bay Events Center, Paradise, Nevada, U.S.","For WBA (Undisputed), WBC, IBF, and The Ring welterweight titles",,
Zab Judah,5 ft 7 in (170 cm)[1],72 in (183 cm)[1],Southpaw,"Light welterweight
Welterweight
Light middleweight",Jaime Rangel,32,Win,30–1 (1),KO,"1 (12), 1:12","Dec 13, 2003","Boardwalk Hall, Atlantic City, New Jersey, U.S.",Retained WBO light welterweight title,,
Zab Judah,5 ft 7 in (170 cm)[1],72 in (183 cm)[1],Southpaw,"Light welterweight
Welterweight
Light middleweight",DeMarcus Corley,31,Win,29–1 (1),SD,12,"Jul 12, 2003","The Orleans, Paradise, Nevada, U.S.",Won WBO light welterweight title,,
Zab Judah,5 ft 7 in (170 cm)[1],72 in (183 cm)[1],Southpaw,"Light welterweight
Welterweight
Light middleweight",Omar Gabriel Weis,30,Win,28–1 (1),UD,10,"Jul 13, 2002","Sam's Town Gambling Hall, Kansas City, Missouri, U.S.",,,
Zab Judah,5 ft 7 in (170 cm)[1],72 in (183 cm)[1],Southpaw,"Light welterweight
Welterweight
Light middleweight",Kostya Tszyu,29,Loss,27–1 (1),TKO,"2 (12), 2:59","Nov 3, 2001","MGM Grand Garden Arena, Paradise, Nevada, U.S.","Lost IBF light welterweight title; For WBA (Super), WBC, and vacant The Ring light welterweight titles",,
Zab Judah,5 ft 7 in (170 cm)[1],72 in (183 cm)[1],Southpaw,"Light welterweight
Welterweight
Light middleweight",Allan Vester,28,Win,27–0 (1),KO,"3 (12), 2:58","Jun 23, 2001","Mohegan Sun Arena, Montville, Connecticut, U.S.",Retained IBF light welterweight title,,
Zab Judah,5 ft 7 in (170 cm)[1],72 in (183 cm)[1],Southpaw,"Light welterweight
Welterweight
Light middleweight",Reggie Green,27,Win,26–0 (1),TKO,"10 (12), 1:29","Jan 13, 2001","Mohegan Sun Arena, Montville, Connecticut, U.S.",Retained IBF light welterweight title,,
Zab Judah,5 ft 7 in (170 cm)[1],72 in (183 cm)[1],Southpaw,"Light welterweight
Welterweight
Light middleweight",Hector Quiroz,26,Win,25–0 (1),TKO,"8 (12), 1:56","Oct 20, 2000","The Palace, Auburn Hills, Michigan, U.S.",Retained IBF light welterweight title,,
Zab Judah,5 ft 7 in (170 cm)[1],72 in (183 cm)[1],Southpaw,"Light welterweight
Welterweight
Light middleweight",Terron Millett,25,Win,24–0 (1),TKO,"4 (12), 2:47","Aug 5, 2000","Mohegan Sun Arena, Montville, Connecticut, U.S.",Retained IBF light welterweight title,,
Zab Judah,5 ft 7 in (170 cm)[1],72 in (183 cm)[1],Southpaw,"Light welterweight
Welterweight
Light middleweight",Junior Witter,24,Win,23–0 (1),UD,12,"Jun 24, 2000","Hampden Park, Glasgow, Scotland",Retained IBF light welterweight title,,
Zab Judah,5 ft 7 in (170 cm)[1],72 in (183 cm)[1],Southpaw,"Light welterweight
Welterweight
Light middleweight",Jan Piet Bergman,23,Win,22–0 (1),KO,"4 (12), 2:50","Feb 12, 2000","Mohegan Sun Arena, Montville, Connecticut, U.S.",Won vacant IBF light welterweight title,,
Zab Judah,5 ft 7 in (170 cm)[1],72 in (183 cm)[1],Southpaw,"Light welterweight
Welterweight
Light middleweight",David Sample,22,Win,21–0 (1),TKO,"1 (10), 2:27","Jul 9, 1999","Cape Cod Melody Tent, Hyannis, Massachusetts, U.S.",,,
Zab Judah,5 ft 7 in (170 cm)[1],72 in (183 cm)[1],Southpaw,"Light welterweight
Welterweight
Light middleweight",Juan Torres,21,Win,20–0 (1),KO,"1 (10), 1:26","Apr 16, 1999","Grand Casino, Tunica Resorts, Mississippi, U.S.",,,
Zab Judah,5 ft 7 in (170 cm)[1],72 in (183 cm)[1],Southpaw,"Light welterweight
Welterweight
Light middleweight",Wilfredo Negron,20,Win,19–0 (1),KO,"4 (12), 1:44","Jan 16, 1999","MGM Grand Garden Arena, Paradise, Nevada, U.S.",Won IBF interim light welterweight title,,
Zab Judah,5 ft 7 in (170 cm)[1],72 in (183 cm)[1],Southpaw,"Light welterweight
Welterweight
Light middleweight",Darryl Tyson,19,Win,18–0 (1),TKO,"11 (12), 2:39","Oct 15, 1998","Hilton, Washington, D.C., U.S.",Retained USBA interim light welterweight title,,
Zab Judah,5 ft 7 in (170 cm)[1],72 in (183 cm)[1],Southpaw,"Light welterweight
Welterweight
Light middleweight",Otilio Villarreal,18,Win,17–0 (1),TKO,"2 (10), 3:00","Jul 12, 1998","Cape Cod Melody Tent, Hyannis, Massachusetts, U.S.",,,
Zab Judah,5 ft 7 in (170 cm)[1],72 in (183 cm)[1],Southpaw,"Light welterweight
Welterweight
Light middleweight",Micky Ward,17,Win,16–0 (1),UD,12,"Jun 7, 1998","Miccosukee Resort & Gaming, Miami, Florida, U.S.",Won vacant USBA interim light welterweight title,,
Zab Judah,5 ft 7 in (170 cm)[1],72 in (183 cm)[1],Southpaw,"Light welterweight
Welterweight
Light middleweight",Angel Beltre,16,Win,15–0 (1),KO,"2 (8), 2:08","Apr 14, 1998","Foxwoods Resort Casino, Ledyard, Connecticut, U.S.",,,
Zab Judah,5 ft 7 in (170 cm)[1],72 in (183 cm)[1],Southpaw,"Light welterweight
Welterweight
Light middleweight",Esteban Flores,15,NC,14–0 (1),NC,"3 (8), 1:24","Mar 10, 1998","Armory, Pikesville, Maryland, U.S.","Originally TD after Flores was cut from an accidental head clash, later ruled NC",,
Zab Judah,5 ft 7 in (170 cm)[1],72 in (183 cm)[1],Southpaw,"Light welterweight
Welterweight
Light middleweight",Steve Valdez,14,Win,14–0,TKO,"1 (8), 3:00","Jan 17, 1998","Boardwalk Hall, Atlantic City, New Jersey, U.S.",,,
Zab Judah,5 ft 7 in (170 cm)[1],72 in (183 cm)[1],Southpaw,"Light welterweight
Welterweight
Light middleweight",Anthony Johnson,13,Win,13–0,UD,8,"Dec 13, 1997","Foxwoods Resort Casino, Ledyard, Connecticut, U.S.",,,
Zab Judah,5 ft 7 in (170 cm)[1],72 in (183 cm)[1],Southpaw,"Light welterweight
Welterweight
Light middleweight",Ricardo Vazquez,12,Win,12–0,TKO,"1 (8), 1:35","Nov 7, 1997","Bally's Las Vegas, Paradise, Nevada, U.S.",,,
Zab Judah,5 ft 7 in (170 cm)[1],72 in (183 cm)[1],Southpaw,"Light welterweight
Welterweight
Light middleweight",Rick Edson,11,Win,11–0,UD,6,"Oct 17, 1997","Foxwoods Resort Casino, Ledyard, Connecticut, U.S.",,,
Zab Judah,5 ft 7 in (170 cm)[1],72 in (183 cm)[1],Southpaw,"Light welterweight
Welterweight
Light middleweight",James Salava,10,Win,10–0,TKO,1 (6),"Oct 3, 1997","Tropicana Casino & Resort, Atlantic City, New Jersey, U.S.",,,
Zab Judah,5 ft 7 in (170 cm)[1],72 in (183 cm)[1],Southpaw,"Light welterweight
Welterweight
Light middleweight",Cesar Castro,9,Win,9–0,KO,1 (6),"Aug 24, 1997","The Roxy, Boston, Massachusetts, U.S.",,,
Zab Judah,5 ft 7 in (170 cm)[1],72 in (183 cm)[1],Southpaw,"Light welterweight
Welterweight
Light middleweight",Omar Vasquez,8,Win,8–0,UD,4,"Jun 10, 1997","Travis County Expo Center, Austin, Texas, U.S.",,,
Zab Judah,5 ft 7 in (170 cm)[1],72 in (183 cm)[1],Southpaw,"Light welterweight
Welterweight
Light middleweight",Troy Cain,7,Win,7–0,UD,6,"May 4, 1997","Circus Maximus Showroom, Atlantic City, New Jersey, U.S.",,,
Zab Judah,5 ft 7 in (170 cm)[1],72 in (183 cm)[1],Southpaw,"Light welterweight
Welterweight
Light middleweight",Paul Denard,6,Win,6–0,TKO,"4 (6), 1:28","Apr 5, 1997","Bally's Park Place, Atlantic City, New Jersey, U.S.",,,
Zab Judah,5 ft 7 in (170 cm)[1],72 in (183 cm)[1],Southpaw,"Light welterweight
Welterweight
Light middleweight",Chris Slaughter,5,Win,5–0,KO,1 (10),"Feb 22, 1997","Convention Hall, Atlantic City, New Jersey, U.S.",,,
Zab Judah,5 ft 7 in (170 cm)[1],72 in (183 cm)[1],Southpaw,"Light welterweight
Welterweight
Light middleweight",John Scalzi,4,Win,4–0,TKO,1 (4),"Jan 24, 1997","Convention Hall, Atlantic City, New Jersey, U.S.",,,
Zab Judah,5 ft 7 in (170 cm)[1],72 in (183 cm)[1],Southpaw,"Light welterweight
Welterweight
Light middleweight",Jose Luis Torres,3,Win,3–0,TKO,1 (4),"Dec 14, 1996","Convention Hall, Atlantic City, New Jersey, U.S.",,,
Zab Judah,5 ft 7 in (170 cm)[1],72 in (183 cm)[1],Southpaw,"Light welterweight
Welterweight
Light middleweight",Pablo Tejada,2,Win,2–0,TKO,4 (4),"Oct 4, 1996","Madison Square Garden, New York City, New York, U.S.",,,
Zab Judah,5 ft 7 in (170 cm)[1],72 in (183 cm)[1],Southpaw,"Light welterweight
Welterweight
Light middleweight",Michael Johnson,1,Win,1–0,TKO,"2 (4), 0:36","Sep 20, 1996","James L. Knight Center, Miami, Florida, U.S.",,,
Deontay Wilder,6 ft 7 in (201 cm)[1],83 in (211 cm)[1],Orthodox,Heavyweight,Zhilei Zhang,48,Loss,43–4–1,TKO,"5 (12), 1:51","Jun 1, 2024","Kingdom Arena, Riyadh, Saudi Arabia",,,
Deontay Wilder,6 ft 7 in (201 cm)[1],83 in (211 cm)[1],Orthodox,Heavyweight,Joseph Parker,47,Loss,43–3–1,UD,12,"Dec 23, 2023","Kingdom Arena, Riyadh, Saudi Arabia",For WBO Inter-Continental and vacant WBC International heavyweight titles,,
Deontay Wilder,6 ft 7 in (201 cm)[1],83 in (211 cm)[1],Orthodox,Heavyweight,Robert Helenius,46,Win,43–2–1,KO,"1 (12), 2:57","Oct 15, 2022","Barclays Center, New York City, New York, U.S.",,,
Deontay Wilder,6 ft 7 in (201 cm)[1],83 in (211 cm)[1],Orthodox,Heavyweight,Tyson Fury,45,Loss,42–2–1,KO,"11 (12), 1:10","Oct 9, 2021","T-Mobile Arena, Paradise, Nevada, U.S.",For WBC and The Ring heavyweight titles,,
Deontay Wilder,6 ft 7 in (201 cm)[1],83 in (211 cm)[1],Orthodox,Heavyweight,Tyson Fury,44,Loss,42–1–1,TKO,"7 (12), 1:39","Feb 22, 2020","MGM Grand Garden Arena, Paradise, Nevada, U.S.",Lost WBC heavyweight title; For vacant The Ring heavyweight title,,
Deontay Wilder,6 ft 7 in (201 cm)[1],83 in (211 cm)[1],Orthodox,Heavyweight,Luis Ortiz,43,Win,42–0–1,KO,"7 (12), 2:51","Nov 23, 2019","MGM Grand Garden Arena, Paradise, Nevada, U.S.",Retained WBC heavyweight title,,
Deontay Wilder,6 ft 7 in (201 cm)[1],83 in (211 cm)[1],Orthodox,Heavyweight,Dominic Breazeale,42,Win,41–0–1,KO,"1 (12), 2:17","May 18, 2019","Barclays Center, New York City, New York, U.S.",Retained WBC heavyweight title,,
Deontay Wilder,6 ft 7 in (201 cm)[1],83 in (211 cm)[1],Orthodox,Heavyweight,Tyson Fury,41,Draw,40–0–1,SD,12,"Dec 1, 2018","Staples Center, Los Angeles, California, U.S.",Retained WBC heavyweight title,,
Deontay Wilder,6 ft 7 in (201 cm)[1],83 in (211 cm)[1],Orthodox,Heavyweight,Luis Ortiz,40,Win,40–0,TKO,"10 (12), 2:05","Mar 3, 2018","Barclays Center, New York City, New York, U.S.",Retained WBC heavyweight title,,
Deontay Wilder,6 ft 7 in (201 cm)[1],83 in (211 cm)[1],Orthodox,Heavyweight,Bermane Stiverne,39,Win,39–0,KO,"1 (12), 2:59","Nov 4, 2017","Barclays Center, New York City, New York, U.S.",Retained WBC heavyweight title,,
Deontay Wilder,6 ft 7 in (201 cm)[1],83 in (211 cm)[1],Orthodox,Heavyweight,Gerald Washington,38,Win,38–0,TKO,"5 (12), 1:45","Feb 25, 2017","Legacy Arena, Birmingham, Alabama, U.S.",Retained WBC heavyweight title,,
Deontay Wilder,6 ft 7 in (201 cm)[1],83 in (211 cm)[1],Orthodox,Heavyweight,Chris Arreola,37,Win,37–0,RTD,"8 (12), 3:00","Jul 16, 2016","Legacy Arena, Birmingham, Alabama, U.S.",Retained WBC heavyweight title,,
Deontay Wilder,6 ft 7 in (201 cm)[1],83 in (211 cm)[1],Orthodox,Heavyweight,Artur Szpilka,36,Win,36–0,KO,"9 (12), 2:24","Jan 16, 2016","Barclays Center, New York City, New York, U.S.",Retained WBC heavyweight title,,
Deontay Wilder,6 ft 7 in (201 cm)[1],83 in (211 cm)[1],Orthodox,Heavyweight,Johann Duhaupas,35,Win,35–0,TKO,"11 (12), 0:55","Sep 26, 2015","Legacy Arena, Birmingham, Alabama, U.S.",Retained WBC heavyweight title,,
Deontay Wilder,6 ft 7 in (201 cm)[1],83 in (211 cm)[1],Orthodox,Heavyweight,Éric Molina,34,Win,34–0,KO,"9 (12), 1:03","Jun 13, 2015","Bartow Arena, Birmingham, Alabama, U.S.",Retained WBC heavyweight title,,
Deontay Wilder,6 ft 7 in (201 cm)[1],83 in (211 cm)[1],Orthodox,Heavyweight,Bermane Stiverne,33,Win,33–0,UD,12,"Jan 17, 2015","MGM Grand Garden Arena, Paradise, Nevada, U.S.",Won WBC heavyweight title,,
Deontay Wilder,6 ft 7 in (201 cm)[1],83 in (211 cm)[1],Orthodox,Heavyweight,Jason Gavern,32,Win,32–0,RTD,"4 (10), 3:00","Aug 16, 2014","StubHub Center, Carson, California, U.S.",,,
Deontay Wilder,6 ft 7 in (201 cm)[1],83 in (211 cm)[1],Orthodox,Heavyweight,Malik Scott,31,Win,31–0,KO,"1 (12), 1:36","Mar 15, 2014","Coliseo Rubén Rodríguez, Bayamón, Puerto Rico",,,
Deontay Wilder,6 ft 7 in (201 cm)[1],83 in (211 cm)[1],Orthodox,Heavyweight,Nicolai Firtha,30,Win,30–0,KO,"4 (10), 1:26","Oct 26, 2013","Boardwalk Hall, Atlantic City, New Jersey, U.S.",Retained WBC Continental Americas heavyweight title,,
Deontay Wilder,6 ft 7 in (201 cm)[1],83 in (211 cm)[1],Orthodox,Heavyweight,Siarhei Liakhovich,29,Win,29–0,KO,"1 (10), 1:43","Aug 9, 2013","Fantasy Springs Resort Casino, Indio, California, U.S.",Retained WBC Continental Americas heavyweight title,,
Deontay Wilder,6 ft 7 in (201 cm)[1],83 in (211 cm)[1],Orthodox,Heavyweight,Audley Harrison,28,Win,28–0,TKO,"1 (12), 1:10","Apr 27, 2013","Motorpoint Arena, Sheffield, England",,,
Deontay Wilder,6 ft 7 in (201 cm)[1],83 in (211 cm)[1],Orthodox,Heavyweight,Matthew Greer,27,Win,27–0,TKO,"2 (8), 1:16","Jan 19, 2013","Centro de Convenciones, Villahermosa, Mexico",,,
Deontay Wilder,6 ft 7 in (201 cm)[1],83 in (211 cm)[1],Orthodox,Heavyweight,Kelvin Price,26,Win,26–0,KO,"3 (10), 0:51","Dec 15, 2012","Memorial Sports Arena, Los Angeles, California, U.S.",Won vacant WBC Continental Americas heavyweight title,,
Deontay Wilder,6 ft 7 in (201 cm)[1],83 in (211 cm)[1],Orthodox,Heavyweight,Damon McCreary,25,Win,25–0,KO,"2 (10), 0:55","Sep 8, 2012","The Hangar, Costa Mesa, California, U.S.",,,
Deontay Wilder,6 ft 7 in (201 cm)[1],83 in (211 cm)[1],Orthodox,Heavyweight,Kertson Manswell,24,Win,24–0,TKO,"1 (10), 2:10","Aug 4, 2012","Civic Center Expo Hall, Mobile, Alabama, U.S.",,,
Deontay Wilder,6 ft 7 in (201 cm)[1],83 in (211 cm)[1],Orthodox,Heavyweight,Owen Beck,23,Win,23–0,RTD,"3 (8), 3:00","Jun 23, 2012","Killer Buzz Arena, Tuscaloosa, Alabama, U.S.",,,
Deontay Wilder,6 ft 7 in (201 cm)[1],83 in (211 cm)[1],Orthodox,Heavyweight,Jesse Oltmanns,22,Win,22–0,TKO,"1 (8), 0:26","May 26, 2012","Oasis Hotel Complex, Cancún, Mexico",,,
Deontay Wilder,6 ft 7 in (201 cm)[1],83 in (211 cm)[1],Orthodox,Heavyweight,Marlon Hayes,21,Win,21–0,TKO,"4 (8), 3:00","Feb 25, 2012","Scottrade Center, St. Louis, Missouri, U.S.",,,
Deontay Wilder,6 ft 7 in (201 cm)[1],83 in (211 cm)[1],Orthodox,Heavyweight,David Long,20,Win,20–0,KO,"1 (8), 1:17","Nov 26, 2011","U.S. Bank Arena, Cincinnati, Ohio, U.S.",,,
Deontay Wilder,6 ft 7 in (201 cm)[1],83 in (211 cm)[1],Orthodox,Heavyweight,Daniel Cota,19,Win,19–0,KO,"3 (8), 2:55","Nov 5, 2011","Centro de Convenciones, Cancún, Mexico",,,
Deontay Wilder,6 ft 7 in (201 cm)[1],83 in (211 cm)[1],Orthodox,Heavyweight,Dominique Alexander,18,Win,18–0,TKO,"2 (6), 2:02","Aug 27, 2011","Water Oaks Farm Arena, Tuscaloosa, Alabama, U.S.",,,
Deontay Wilder,6 ft 7 in (201 cm)[1],83 in (211 cm)[1],Orthodox,Heavyweight,Damon Reed,17,Win,17–0,KO,"2 (6), 1:59","Jun 18, 2011","Tuscaloosa Amphitheater, Tuscaloosa, Alabama, U.S.",,,
Deontay Wilder,6 ft 7 in (201 cm)[1],83 in (211 cm)[1],Orthodox,Heavyweight,Reggie Pena,16,Win,16–0,TKO,"1 (6), 2:03","May 6, 2011","Fantasy Springs Resort Casino, Indio, California, U.S.",,,
Deontay Wilder,6 ft 7 in (201 cm)[1],83 in (211 cm)[1],Orthodox,Heavyweight,DeAndrey Abron,15,Win,15–0,TKO,"2 (6), 1:23","Feb 19, 2011","Shelton State Community College, Tuscaloosa, Alabama, U.S.",,,
Deontay Wilder,6 ft 7 in (201 cm)[1],83 in (211 cm)[1],Orthodox,Heavyweight,Danny Sheehan,14,Win,14–0,KO,"1 (6), 1:48","Dec 2, 2010","Hilton Towers Ballroom, Lafayette, Louisiana, U.S.",,,
Deontay Wilder,6 ft 7 in (201 cm)[1],83 in (211 cm)[1],Orthodox,Heavyweight,Harold Sconiers,13,Win,13–0,TKO,"4 (6), 1:09","Oct 15, 2010","Fantasy Springs Resort Casino, Indio, California, U.S.",,,
Deontay Wilder,6 ft 7 in (201 cm)[1],83 in (211 cm)[1],Orthodox,Heavyweight,Shannon Caudle,12,Win,12–0,KO,"1 (6), 1:04","Sep 25, 2010","Fitzgeralds Casino and Hotel, Tunica Resorts, Mississippi, U.S.",,,
Deontay Wilder,6 ft 7 in (201 cm)[1],83 in (211 cm)[1],Orthodox,Heavyweight,Dustin Nichols,11,Win,11–0,TKO,"1 (6), 3:00","Jul 3, 2010","Club Palace, Hattiesburg, Mississippi, U.S.",,,
Deontay Wilder,6 ft 7 in (201 cm)[1],83 in (211 cm)[1],Orthodox,Heavyweight,Alvaro Morales,10,Win,10–0,TKO,"3 (6), 1:23","Apr 30, 2010","Tropicana Las Vegas, Paradise, Nevada, U.S.",,,
Deontay Wilder,6 ft 7 in (201 cm)[1],83 in (211 cm)[1],Orthodox,Heavyweight,Ty Cobb,9,Win,9–0,KO,"1 (6), 0:33","Apr 2, 2010","The Joint, Paradise, Nevada, U.S.",,,
Deontay Wilder,6 ft 7 in (201 cm)[1],83 in (211 cm)[1],Orthodox,Heavyweight,Jerry Vaughn,8,Win,8–0,KO,"1 (6), 1:02","Nov 28, 2009","Duke Energy Convention Center, Cincinnati, Ohio, U.S.",,,
Deontay Wilder,6 ft 7 in (201 cm)[1],83 in (211 cm)[1],Orthodox,Heavyweight,Travis Allen,7,Win,7–0,TKO,"1 (4), 1:30","Aug 14, 2009","Desert Diamond Casino, Tucson, Arizona, U.S.",,,
Deontay Wilder,6 ft 7 in (201 cm)[1],83 in (211 cm)[1],Orthodox,Heavyweight,Kelsey Arnold,6,Win,6–0,KO,"1 (4), 1:13","Jun 26, 2009","Desert Diamond Casino, Tucson, Arizona, U.S.",,,
Deontay Wilder,6 ft 7 in (201 cm)[1],83 in (211 cm)[1],Orthodox,Heavyweight,Charles Brown,5,Win,5–0,KO,"1 (6), 0:55","May 23, 2009","Duke Energy Convention Center, Cincinnati, Ohio, U.S.",,,
Deontay Wilder,6 ft 7 in (201 cm)[1],83 in (211 cm)[1],Orthodox,Heavyweight,Joseph Rabotte,4,Win,4–0,KO,"1 (4), 2:33","Apr 24, 2009","UIC Pavilion, Chicago, Illinois, U.S.",,,
Deontay Wilder,6 ft 7 in (201 cm)[1],83 in (211 cm)[1],Orthodox,Heavyweight,Richard Greene Jr.,3,Win,3–0,RTD,"1 (4), 0:11","Mar 14, 2009","Duke Energy Convention Center, Cincinnati, Ohio, U.S.",,,
Deontay Wilder,6 ft 7 in (201 cm)[1],83 in (211 cm)[1],Orthodox,Heavyweight,Shannon Gray,2,Win,2–0,TKO,"1 (4), 2:12","Mar 6, 2009","James M. Trotter Convention Center, Columbus, Mississippi, U.S.",,,
Deontay Wilder,6 ft 7 in (201 cm)[1],83 in (211 cm)[1],Orthodox,Heavyweight,Ethan Cox,1,Win,1–0,TKO,"2 (4), 2:54","Nov 15, 2008","Memorial Gymnasium, Nashville, Tennessee, U.S.",,,
Marvin Hagler,5 ft 10 in (178 cm)[1],75 in (191 cm)[1],Southpaw[a],Middleweight,Sugar Ray Leonard,67,Loss,62–3–2,SD,12,"Apr 6, 1987","Caesars Palace, Paradise, Nevada, U.S.",Lost WBC and The Ring middleweight titles,,
Marvin Hagler,5 ft 10 in (178 cm)[1],75 in (191 cm)[1],Southpaw[a],Middleweight,John Mugabi,66,Win,62–2–2,KO,"11 (12), 1:29","Mar 10, 1986","Caesars Palace, Paradise, Nevada, U.S.","Retained WBA, WBC, IBF, and The Ring middleweight titles",,
Marvin Hagler,5 ft 10 in (178 cm)[1],75 in (191 cm)[1],Southpaw[a],Middleweight,Thomas Hearns,65,Win,61–2–2,TKO,"3 (12), 1:52","Apr 15, 1985","Caesars Palace, Paradise, Nevada, U.S.","Retained WBA, WBC, IBF, and The Ring middleweight titles",,
Marvin Hagler,5 ft 10 in (178 cm)[1],75 in (191 cm)[1],Southpaw[a],Middleweight,Mustafa Hamsho,64,Win,60–2–2,TKO,"3 (15), 2:31","Oct 19, 1984","Madison Square Garden, New York City, New York, U.S.","Retained WBA, WBC, IBF, and The Ring middleweight titles",,
Marvin Hagler,5 ft 10 in (178 cm)[1],75 in (191 cm)[1],Southpaw[a],Middleweight,Juan Roldán,63,Win,59–2–2,TKO,"10 (15), 0:39","Mar 30, 1984","Riviera, Winchester, Nevada, U.S.","Retained WBA, WBC, IBF, and The Ring middleweight titles",,
Marvin Hagler,5 ft 10 in (178 cm)[1],75 in (191 cm)[1],Southpaw[a],Middleweight,Roberto Durán,62,Win,58–2–2,UD,15,"Nov 10, 1983","Caesars Palace, Paradise, Nevada, U.S.","Retained WBA, WBC, IBF, and The Ring middleweight titles",,
Marvin Hagler,5 ft 10 in (178 cm)[1],75 in (191 cm)[1],Southpaw[a],Middleweight,Wilford Scypion,61,Win,57–2–2,KO,"4 (15), 2:47","May 27, 1983","Civic Center, Providence, Rhode Island, U.S.",Retained The Ring middleweight title; Won inaugural IBF middleweight title,,
Marvin Hagler,5 ft 10 in (178 cm)[1],75 in (191 cm)[1],Southpaw[a],Middleweight,Tony Sibson,60,Win,56–2–2,TKO,"6 (15), 2:40","Feb 11, 1983","Centrum, Worcester, Massachusetts, U.S.","Retained WBA, WBC, and The Ring middleweight titles",,
Marvin Hagler,5 ft 10 in (178 cm)[1],75 in (191 cm)[1],Southpaw[a],Middleweight,Fulgencio Obelmejias,59,Win,55–2–2,TKO,"5 (15), 2:35","Oct 30, 1982","Teatro Ariston, Sanremo, Italy","Retained WBA, WBC, and The Ring middleweight titles",,
Marvin Hagler,5 ft 10 in (178 cm)[1],75 in (191 cm)[1],Southpaw[a],Middleweight,William Lee,58,Win,54–2–2,TKO,"1 (15), 1:07","Mar 7, 1982","Bally's Park Place, Atlantic City, New Jersey, U.S.","Retained WBA, WBC, and The Ring middleweight titles",,
Marvin Hagler,5 ft 10 in (178 cm)[1],75 in (191 cm)[1],Southpaw[a],Middleweight,Mustafa Hamsho,57,Win,53–2–2,TKO,"11 (15), 2:09","Oct 3, 1981","Horizon, Rosemont, Illinois, U.S.","Retained WBA, WBC, and The Ring middleweight titles",,
Marvin Hagler,5 ft 10 in (178 cm)[1],75 in (191 cm)[1],Southpaw[a],Middleweight,Vito Antuofermo,56,Win,52–2–2,RTD,"4 (15), 3:00","Jun 13, 1981","Boston Garden, Boston, Massachusetts, U.S.","Retained WBA, WBC, and The Ring middleweight titles",,
Marvin Hagler,5 ft 10 in (178 cm)[1],75 in (191 cm)[1],Southpaw[a],Middleweight,Fulgencio Obelmejias,55,Win,51–2–2,TKO,"8 (15), 0:20","Jan 17, 1981","Boston Garden, Boston, Massachusetts, U.S.","Retained WBA, WBC, and The Ring middleweight titles",,
Marvin Hagler,5 ft 10 in (178 cm)[1],75 in (191 cm)[1],Southpaw[a],Middleweight,Alan Minter,54,Win,50–2–2,TKO,"3 (15), 1:45","Sep 27, 1980","Wembley Arena, London, England","Won WBA, WBC, and The Ring middleweight titles",,
Marvin Hagler,5 ft 10 in (178 cm)[1],75 in (191 cm)[1],Southpaw[a],Middleweight,Marcos Geraldo,53,Win,49–2–2,UD,10,"May 17, 1980","Caesars Palace, Paradise, Nevada, U.S.",,,
Marvin Hagler,5 ft 10 in (178 cm)[1],75 in (191 cm)[1],Southpaw[a],Middleweight,Bobby Watts,52,Win,48–2–2,TKO,2 (10),"Apr 19, 1980","Cumberland County Civic Center, Portland, Maine, U.S.",,,
Marvin Hagler,5 ft 10 in (178 cm)[1],75 in (191 cm)[1],Southpaw[a],Middleweight,Loucif Hamani,51,Win,47–2–2,KO,"2 (10), 1:42","Feb 16, 1980","Cumberland County Civic Center, Portland, Maine, U.S.",,,
Marvin Hagler,5 ft 10 in (178 cm)[1],75 in (191 cm)[1],Southpaw[a],Middleweight,Vito Antuofermo,50,Draw,46–2–2,SD,15,"Nov 30, 1979","Caesars Palace, Paradise, Nevada, U.S.","For WBA, WBC, and The Ring middleweight titles",,
Marvin Hagler,5 ft 10 in (178 cm)[1],75 in (191 cm)[1],Southpaw[a],Middleweight,Norberto Rufino Cabrera,49,Win,46–2–1,TKO,8 (10),"Jun 30, 1979","Esplanade de Fontvieille, Monte Carlo, Monaco",,,
Marvin Hagler,5 ft 10 in (178 cm)[1],75 in (191 cm)[1],Southpaw[a],Middleweight,Jamie Thomas,48,Win,45–2–1,TKO,"3 (10), 2:38","May 26, 1979","Cumberland County Civic Center, Portland, Maine, U.S.",,,
Marvin Hagler,5 ft 10 in (178 cm)[1],75 in (191 cm)[1],Southpaw[a],Middleweight,Bob Patterson,47,Win,44–2–1,TKO,"3 (10), 1:00","Mar 12, 1979","Civic Center, Providence, Rhode Island, U.S.",,,
Marvin Hagler,5 ft 10 in (178 cm)[1],75 in (191 cm)[1],Southpaw[a],Middleweight,Sugar Ray Seales,46,Win,43–2–1,TKO,"1 (10), 1:26","Feb 3, 1979","Boston Garden, Boston, Massachusetts, U.S.",,,
Marvin Hagler,5 ft 10 in (178 cm)[1],75 in (191 cm)[1],Southpaw[a],Middleweight,Willie Warren,45,Win,42–2–1,TKO,7 (10),"Nov 11, 1978","Boston Garden, Boston, Massachusetts, U.S.",,,
Marvin Hagler,5 ft 10 in (178 cm)[1],75 in (191 cm)[1],Southpaw[a],Middleweight,Bennie Briscoe,44,Win,41–2–1,UD,10,"Aug 24, 1978","Spectrum, Philadelphia, Pennsylvania, U.S.",,,
Marvin Hagler,5 ft 10 in (178 cm)[1],75 in (191 cm)[1],Southpaw[a],Middleweight,Kevin Finnegan,43,Win,40–2–1,TKO,7 (10),"May 13, 1978","Boston Garden, Boston, Massachusetts, U.S.",,,
Marvin Hagler,5 ft 10 in (178 cm)[1],75 in (191 cm)[1],Southpaw[a],Middleweight,Doug Demmings,42,Win,39–2–1,TKO,8 (10),"Apr 7, 1978","Grand Olympic Auditorium, Los Angeles, California, U.S.",,,
Marvin Hagler,5 ft 10 in (178 cm)[1],75 in (191 cm)[1],Southpaw[a],Middleweight,Kevin Finnegan,41,Win,38–2–1,TKO,9 (10),"Mar 4, 1978","Boston Garden, Boston, Massachusetts, U.S.",,,
Marvin Hagler,5 ft 10 in (178 cm)[1],75 in (191 cm)[1],Southpaw[a],Middleweight,Mike Colbert,40,Win,37–2–1,TKO,12 (15),"Nov 26, 1977","Boston Garden, Boston, Massachusetts, U.S.",Won vacant Massachusetts middleweight title,,
Marvin Hagler,5 ft 10 in (178 cm)[1],75 in (191 cm)[1],Southpaw[a],Middleweight,Jim Henry,39,Win,36–2–1,UD,10,"Oct 15, 1977","Marvel Gymnasium, Providence, Rhode Island, U.S.",,,
Marvin Hagler,5 ft 10 in (178 cm)[1],75 in (191 cm)[1],Southpaw[a],Middleweight,Ray Phillips,38,Win,35–2–1,TKO,"7 (10), 1:11","Sep 24, 1977","Boston Garden, Boston, Massachusetts, U.S.",,,
Marvin Hagler,5 ft 10 in (178 cm)[1],75 in (191 cm)[1],Southpaw[a],Middleweight,Willie Monroe,37,Win,34–2–1,TKO,"2 (10), 1:46","Aug 23, 1977","Spectrum, Philadelphia, Pennsylvania, U.S.",Won vacant North American middleweight title,,
Marvin Hagler,5 ft 10 in (178 cm)[1],75 in (191 cm)[1],Southpaw[a],Middleweight,Roy Jones Sr.,36,Win,33–2–1,TKO,"3 (10), 2:10","Jun 10, 1977","Civic Center, Hartford, Connecticut, U.S.",,,
Marvin Hagler,5 ft 10 in (178 cm)[1],75 in (191 cm)[1],Southpaw[a],Middleweight,Reggie Ford,35,Win,32–2–1,KO,"3 (10), 2:14","Mar 16, 1977","Boston Arena, Boston, Massachusetts, U.S.",,,
Marvin Hagler,5 ft 10 in (178 cm)[1],75 in (191 cm)[1],Southpaw[a],Middleweight,Willie Monroe,34,Win,31–2–1,TKO,"12 (12), 1:20","Feb 15, 1977","John B. Hynes Memorial Auditorium, Boston, Massachusetts, U.S.",,,
Marvin Hagler,5 ft 10 in (178 cm)[1],75 in (191 cm)[1],Southpaw[a],Middleweight,George Davis,33,Win,30–2–1,TKO,"6 (10), 2:56","Dec 21, 1976","John B. Hynes Memorial Auditorium, Boston, Massachusetts, U.S.",,,
Marvin Hagler,5 ft 10 in (178 cm)[1],75 in (191 cm)[1],Southpaw[a],Middleweight,Eugene Hart,32,Win,29–2–1,RTD,8 (10),"Sep 14, 1976","Spectrum, Philadelphia, Pennsylvania, U.S.",,,
Marvin Hagler,5 ft 10 in (178 cm)[1],75 in (191 cm)[1],Southpaw[a],Middleweight,DC Walker,31,Win,28–2–1,TKO,6 (10),"Aug 3, 1976","Schneider Arena, North Providence, Rhode Island, U.S.",,,
Marvin Hagler,5 ft 10 in (178 cm)[1],75 in (191 cm)[1],Southpaw[a],Middleweight,Bob Smith,30,Win,27–2–1,TKO,"5 (10), 2:05","Jun 2, 1976","Roseland Ballroom, Taunton, Massachusetts, U.S.",,,
Marvin Hagler,5 ft 10 in (178 cm)[1],75 in (191 cm)[1],Southpaw[a],Middleweight,Willie Monroe,29,Loss,26–2–1,UD,10,"Mar 9, 1976","Spectrum, Philadelphia, Pennsylvania, U.S.",,,
Marvin Hagler,5 ft 10 in (178 cm)[1],75 in (191 cm)[1],Southpaw[a],Middleweight,Matt Donovan,28,Win,26–1–1,TKO,"2 (10), 2:40","Feb 7, 1976","Boston Arena, Boston, Massachusetts, U.S.",,,
Marvin Hagler,5 ft 10 in (178 cm)[1],75 in (191 cm)[1],Southpaw[a],Middleweight,Bobby Watts,27,Loss,25–1–1,MD,10,"Jan 13, 1976","Spectrum, Philadelphia, Pennsylvania, U.S.",,,
Marvin Hagler,5 ft 10 in (178 cm)[1],75 in (191 cm)[1],Southpaw[a],Middleweight,Johnny Baldwin,26,Win,25–0–1,UD,10,"Dec 20, 1975","John B. Hynes Memorial Auditorium, Boston, Massachusetts, U.S.",,,
Marvin Hagler,5 ft 10 in (178 cm)[1],75 in (191 cm)[1],Southpaw[a],Middleweight,Lamont Lovelady,25,Win,24–0–1,TKO,7 (10),"Sep 30, 1975","Boston Garden, Boston, Massachusetts, U.S.",,,
Marvin Hagler,5 ft 10 in (178 cm)[1],75 in (191 cm)[1],Southpaw[a],Middleweight,Jesse Bender,24,Win,23–0–1,KO,"1 (10), 1:38","Aug 7, 1975","Exposition Building, Portland, Maine, U.S.",,,
Marvin Hagler,5 ft 10 in (178 cm)[1],75 in (191 cm)[1],Southpaw[a],Middleweight,Jimmy Owens,23,Win,22–0–1,DQ,6 (10),"May 24, 1975","Brockton High School Gymnasium, Brockton, Massachusetts, U.S.",Owens disqualified for repeated clinching,,
Marvin Hagler,5 ft 10 in (178 cm)[1],75 in (191 cm)[1],Southpaw[a],Middleweight,Jimmy Owens,22,Win,21–0–1,SD,10,"Apr 14, 1975","Boston Arena, Boston, Massachusetts, U.S.",,,
Marvin Hagler,5 ft 10 in (178 cm)[1],75 in (191 cm)[1],Southpaw[a],Middleweight,Joey Blair,21,Win,20–0–1,KO,"2 (10), 2:22","Mar 31, 1975","Harvard Club, Boston, Massachusetts, U.S.",,,
Marvin Hagler,5 ft 10 in (178 cm)[1],75 in (191 cm)[1],Southpaw[a],Middleweight,Dornell Wigfall,20,Win,19–0–1,KO,"6 (10), 1:25","Feb 15, 1975","Brockton High School Gymnasium, Brockton, Massachusetts, U.S.",,,
Marvin Hagler,5 ft 10 in (178 cm)[1],75 in (191 cm)[1],Southpaw[a],Middleweight,DC Walker,19,Win,18–0–1,TKO,"2 (10), 2:58","Dec 20, 1974","Boston Garden, Boston, Massachusetts, U.S.",,,
Marvin Hagler,5 ft 10 in (178 cm)[1],75 in (191 cm)[1],Southpaw[a],Middleweight,Sugar Ray Seales,18,Draw,17–0–1,MD,10,"Nov 26, 1974","Center Coliseum, Seattle, Washington, U.S.",,,
Marvin Hagler,5 ft 10 in (178 cm)[1],75 in (191 cm)[1],Southpaw[a],Middleweight,George Green,17,Win,17–0,KO,"1 (10), 0:30","Nov 16, 1974","Brockton High School Gymnasium, Brockton, Massachusetts, U.S.",,,
Marvin Hagler,5 ft 10 in (178 cm)[1],75 in (191 cm)[1],Southpaw[a],Middleweight,Morris Jordan,16,Win,16–0,TKO,"4 (10), 2:20","Oct 29, 1974","Brockton High School Gymnasium, Brockton, Massachusetts, U.S.",,,
Marvin Hagler,5 ft 10 in (178 cm)[1],75 in (191 cm)[1],Southpaw[a],Middleweight,Sugar Ray Seales,15,Win,15–0,UD,10,"Aug 30, 1974","WNAC-TV Studio, Boston, Massachusetts, U.S.",,,
Marvin Hagler,5 ft 10 in (178 cm)[1],75 in (191 cm)[1],Southpaw[a],Middleweight,Peachy Davis,14,Win,14–0,KO,"1 (10), 1:00","Aug 13, 1974","Sargent Field, New Bedford, Massachusetts, U.S.",,,
Marvin Hagler,5 ft 10 in (178 cm)[1],75 in (191 cm)[1],Southpaw[a],Middleweight,Bobby Williams,13,Win,13–0,TKO,"3 (10), 1:11","Jul 16, 1974","Boston Arena, Boston, Massachusetts, U.S.",,,
Marvin Hagler,5 ft 10 in (178 cm)[1],75 in (191 cm)[1],Southpaw[a],Middleweight,Curtis Phillips,12,Win,12–0,TKO,5 (10),"May 30, 1974","Exposition Building, Portland, Maine, U.S.",,,
Marvin Hagler,5 ft 10 in (178 cm)[1],75 in (191 cm)[1],Southpaw[a],Middleweight,James Redford,11,Win,11–0,TKO,2 (10),"May 4, 1974","Brockton High School Gymnasium, Brockton, Massachusetts, U.S.",,,
Marvin Hagler,5 ft 10 in (178 cm)[1],75 in (191 cm)[1],Southpaw[a],Middleweight,Tracy Morrison,10,Win,10–0,TKO,"8 (10), 2:04","Apr 5, 1974","WNAC-TV Studio, Boston, Massachusetts, U.S.",,,
Marvin Hagler,5 ft 10 in (178 cm)[1],75 in (191 cm)[1],Southpaw[a],Middleweight,Bob Harrington,9,Win,9–0,KO,"5 (10), 2:00","Feb 5, 1974","Boston Garden, Boston, Massachusetts, U.S.",,,
Marvin Hagler,5 ft 10 in (178 cm)[1],75 in (191 cm)[1],Southpaw[a],Middleweight,James Redford,8,Win,8–0,KO,4 (8),"Dec 18, 1973","John B. Hynes Memorial Auditorium, Boston, Massachusetts, U.S.",,,
Marvin Hagler,5 ft 10 in (178 cm)[1],75 in (191 cm)[1],Southpaw[a],Middleweight,Manny Freitas,7,Win,7–0,TKO,"1 (8), 1:33","Dec 6, 1973","Exposition Building, Portland, Maine, U.S.",,,
Marvin Hagler,5 ft 10 in (178 cm)[1],75 in (191 cm)[1],Southpaw[a],Middleweight,Cocoa Kid,6,Win,6–0,KO,2 (8),"Nov 17, 1973","Brockton, Massachusetts, U.S.",,,
Marvin Hagler,5 ft 10 in (178 cm)[1],75 in (191 cm)[1],Southpaw[a],Middleweight,Cove Green,5,Win,5–0,TKO,"4 (8), 1:27","Oct 26, 1973","Brockton High School Gymnasium, Brockton, Massachusetts, U.S.",,,
Marvin Hagler,5 ft 10 in (178 cm)[1],75 in (191 cm)[1],Southpaw[a],Middleweight,Dornell Wigfall,4,Win,4–0,PTS,8,"Oct 6, 1973","Brockton High School Gymnasium, Brockton, Massachusetts, U.S.",,,
Marvin Hagler,5 ft 10 in (178 cm)[1],75 in (191 cm)[1],Southpaw[a],Middleweight,Muhammed Smith,3,Win,3–0,KO,2 (6),"Aug 8, 1973","Boston Arena, Boston, Massachusetts, U.S.",,,
Marvin Hagler,5 ft 10 in (178 cm)[1],75 in (191 cm)[1],Southpaw[a],Middleweight,Sonny Williams,2,Win,2–0,UD,6,"Jul 25, 1973","Boston Arena, Boston, Massachusetts, U.S.",,,
Marvin Hagler,5 ft 10 in (178 cm)[1],75 in (191 cm)[1],Southpaw[a],Middleweight,Terry Ryan,1,Win,1–0,KO,2 (4),"May 18, 1973","Brockton High School Gymnasium, Brockton, Massachusetts, U.S.",,,
Julio César Chávez,5 ft 7+1⁄2 in (171 cm)[1],68 in (173 cm)[1],Orthodox,"Super featherweight
Lightweight
Light welterweight
Welterweight",Grover Wiley,115,Loss,107–6–2,RTD,"4 (10), 3:00","Sep 17, 2005","America West Arena, Phoenix, Arizona, U.S.",,,
Julio César Chávez,5 ft 7+1⁄2 in (171 cm)[1],68 in (173 cm)[1],Orthodox,"Super featherweight
Lightweight
Light welterweight
Welterweight",Ivan Robinson,114,Win,107–5–2,UD,10,"May 28, 2005","Staples Center, Los Angeles, California, U.S.",,,
Julio César Chávez,5 ft 7+1⁄2 in (171 cm)[1],68 in (173 cm)[1],Orthodox,"Super featherweight
Lightweight
Light welterweight
Welterweight",Frankie Randall,113,Win,106–5–2,UD,10,"May 22, 2004","Plaza de Toros, Mexico City, Mexico",,,
Julio César Chávez,5 ft 7+1⁄2 in (171 cm)[1],68 in (173 cm)[1],Orthodox,"Super featherweight
Lightweight
Light welterweight
Welterweight",Willy Wise,112,Win,105–5–2,TKO,2 (10),"Nov 22, 2003","Centro de Espectáculos Alamar, Tijuana, Mexico",,,
Julio César Chávez,5 ft 7+1⁄2 in (171 cm)[1],68 in (173 cm)[1],Orthodox,"Super featherweight
Lightweight
Light welterweight
Welterweight",Terry Thomas,111,Win,104–5–2,TKO,"2 (10), 0:50","Nov 24, 2001","Plaza de Toros Monumental, Ciudad Juárez, Mexico",,,
Julio César Chávez,5 ft 7+1⁄2 in (171 cm)[1],68 in (173 cm)[1],Orthodox,"Super featherweight
Lightweight
Light welterweight
Welterweight",Kostya Tszyu,110,Loss,103–5–2,TKO,"6 (12), 1:28","Jul 29, 2000","Veteran's Memorial Coliseum, Phoenix, Arizona, U.S.",For WBC light welterweight title,,
Julio César Chávez,5 ft 7+1⁄2 in (171 cm)[1],68 in (173 cm)[1],Orthodox,"Super featherweight
Lightweight
Light welterweight
Welterweight",Buck Smith,109,Win,103–4–2,TKO,3 (10),"Dec 18, 1999","Culiacán, Mexico",,,
Julio César Chávez,5 ft 7+1⁄2 in (171 cm)[1],68 in (173 cm)[1],Orthodox,"Super featherweight
Lightweight
Light welterweight
Welterweight",Willy Wise,108,Loss,102–4–2,UD,10,"Oct 2, 1999","Las Vegas Hilton, Winchester, Nevada, U.S.",,,
Julio César Chávez,5 ft 7+1⁄2 in (171 cm)[1],68 in (173 cm)[1],Orthodox,"Super featherweight
Lightweight
Light welterweight
Welterweight",Marty Jakubowski,107,Win,102–3–2,TKO,4 (10),"Jul 10, 1999","Plaza de Toros Calafia, Mexicali, Mexico",,,
Julio César Chávez,5 ft 7+1⁄2 in (171 cm)[1],68 in (173 cm)[1],Orthodox,"Super featherweight
Lightweight
Light welterweight
Welterweight",Verdell Smith,106,Win,101–3–2,TKO,"4 (10), 1:36","Apr 1, 1999","Don Haskins Center, El Paso, Texas, U.S.",,,
Julio César Chávez,5 ft 7+1⁄2 in (171 cm)[1],68 in (173 cm)[1],Orthodox,"Super featherweight
Lightweight
Light welterweight
Welterweight",Oscar De La Hoya,105,Loss,100–3–2,RTD,"8 (12), 3:00","Sep 18, 1998","Thomas & Mack Center, Paradise, Nevada, U.S.",For WBC welterweight title,,
Julio César Chávez,5 ft 7+1⁄2 in (171 cm)[1],68 in (173 cm)[1],Orthodox,"Super featherweight
Lightweight
Light welterweight
Welterweight",Ken Sigurani,104,Win,100–2–2,TKO,"3 (10), 2:09","Jun 25, 1998","Foxwoods Resort Casino, Ledyard, Connecticut, U.S.",,,
Julio César Chávez,5 ft 7+1⁄2 in (171 cm)[1],68 in (173 cm)[1],Orthodox,"Super featherweight
Lightweight
Light welterweight
Welterweight",Miguel Ángel González,103,Draw,99–2–2,SD,12,"Mar 7, 1998","Plaza de Toros, Mexico City, Mexico",For vacant WBC light welterweight title,,
Julio César Chávez,5 ft 7+1⁄2 in (171 cm)[1],68 in (173 cm)[1],Orthodox,"Super featherweight
Lightweight
Light welterweight
Welterweight",Larry LaCoursiere,102,Win,99–2–1,UD,10,"Jun 28, 1997","MGM Grand Garden Arena, Paradise, Nevada, U.S.",,,
Julio César Chávez,5 ft 7+1⁄2 in (171 cm)[1],68 in (173 cm)[1],Orthodox,"Super featherweight
Lightweight
Light welterweight
Welterweight",Tony Martin,101,Win,98–2–1,UD,10,"Mar 29, 1997","Las Vegas Hilton, Winchester, Nevada, U.S.",,,
Julio César Chávez,5 ft 7+1⁄2 in (171 cm)[1],68 in (173 cm)[1],Orthodox,"Super featherweight
Lightweight
Light welterweight
Welterweight",Joey Gamache,100,Win,97–2–1,TKO,"8 (10), 3:00","Oct 12, 1996","Arrowhead Pond, Anaheim, California, U.S.",,,
Julio César Chávez,5 ft 7+1⁄2 in (171 cm)[1],68 in (173 cm)[1],Orthodox,"Super featherweight
Lightweight
Light welterweight
Welterweight",Oscar De La Hoya,99,Loss,96–2–1,TKO,"4 (12), 2:37","Jun 7, 1996","Caesars Palace, Paradise, Nevada, U.S.",Lost WBC light welterweight title,,
Julio César Chávez,5 ft 7+1⁄2 in (171 cm)[1],68 in (173 cm)[1],Orthodox,"Super featherweight
Lightweight
Light welterweight
Welterweight",Scott Walker,98,Win,96–1–1,TKO,"2 (10), 2:45","Feb 9, 1996","Caesars Palace, Paradise, Nevada, U.S.",,,
Julio César Chávez,5 ft 7+1⁄2 in (171 cm)[1],68 in (173 cm)[1],Orthodox,"Super featherweight
Lightweight
Light welterweight
Welterweight",David Kamau,97,Win,95–1–1,UD,12,"Sep 16, 1995","The Mirage, Paradise, Nevada, U.S.",Retained WBC light welterweight title,,
Julio César Chávez,5 ft 7+1⁄2 in (171 cm)[1],68 in (173 cm)[1],Orthodox,"Super featherweight
Lightweight
Light welterweight
Welterweight",Craig Houk,96,Win,94–1–1,KO,"1 (10), 1:19","Jul 29, 1995","United Center, Chicago, Illinois, U.S.",,,
Julio César Chávez,5 ft 7+1⁄2 in (171 cm)[1],68 in (173 cm)[1],Orthodox,"Super featherweight
Lightweight
Light welterweight
Welterweight",Giovanni Parisi,95,Win,93–1–1,UD,12,"Apr 8, 1995","Caesars Palace, Paradise, Nevada, U.S.",Retained WBC light welterweight title,,
Julio César Chávez,5 ft 7+1⁄2 in (171 cm)[1],68 in (173 cm)[1],Orthodox,"Super featherweight
Lightweight
Light welterweight
Welterweight",Tony Lopez,94,Win,92–1–1,TKO,"10 (12), 1:41","Dec 10, 1994","Estadio de Béisbol, Monterrey, Mexico",Retained WBC light welterweight title,,
Julio César Chávez,5 ft 7+1⁄2 in (171 cm)[1],68 in (173 cm)[1],Orthodox,"Super featherweight
Lightweight
Light welterweight
Welterweight",Meldrick Taylor,93,Win,91–1–1,TKO,"8 (12), 1:41","Sep 17, 1994","MGM Grand Garden Arena, Paradise, Nevada, U.S.",Retained WBC light welterweight title,,
Julio César Chávez,5 ft 7+1⁄2 in (171 cm)[1],68 in (173 cm)[1],Orthodox,"Super featherweight
Lightweight
Light welterweight
Welterweight",Frankie Randall,92,Win,90–1–1,TD,"8 (12), 2:57","May 7, 1994","MGM Grand Garden Arena, Paradise, Nevada, U.S.",Won WBC light welterweight title; Split TD after Chávez was cut from an accidental head clash,,
Julio César Chávez,5 ft 7+1⁄2 in (171 cm)[1],68 in (173 cm)[1],Orthodox,"Super featherweight
Lightweight
Light welterweight
Welterweight",Frankie Randall,91,Loss,89–1–1,SD,12,"Jan 29, 1994","MGM Grand Garden Arena, Paradise, Nevada, U.S.",Lost WBC light welterweight title,,
Julio César Chávez,5 ft 7+1⁄2 in (171 cm)[1],68 in (173 cm)[1],Orthodox,"Super featherweight
Lightweight
Light welterweight
Welterweight",Andy Holligan,90,Win,89–0–1,TKO,5 (12),"Dec 18, 1993","Estadio Cuauhtémoc, Puebla City, Mexico",Retained WBC light welterweight title,,
Julio César Chávez,5 ft 7+1⁄2 in (171 cm)[1],68 in (173 cm)[1],Orthodox,"Super featherweight
Lightweight
Light welterweight
Welterweight",Mike Powell,89,Win,88–0–1,TKO,4 (10),"Oct 30, 1993","Ciudad Juárez, Mexico",,,
Julio César Chávez,5 ft 7+1⁄2 in (171 cm)[1],68 in (173 cm)[1],Orthodox,"Super featherweight
Lightweight
Light welterweight
Welterweight",Pernell Whitaker,88,Draw,87–0–1,MD,12,"Sep 10, 1993","Alamodome, San Antonio, Texas, U.S.",For WBC welterweight title,,
Julio César Chávez,5 ft 7+1⁄2 in (171 cm)[1],68 in (173 cm)[1],Orthodox,"Super featherweight
Lightweight
Light welterweight
Welterweight",Terrence Alli,87,Win,87–0,TKO,"6 (12), 0:45","May 8, 1993","Thomas & Mack Center, Paradise, Nevada, U.S.",Retained WBC light welterweight title,,
Julio César Chávez,5 ft 7+1⁄2 in (171 cm)[1],68 in (173 cm)[1],Orthodox,"Super featherweight
Lightweight
Light welterweight
Welterweight",Silvio Walter Rojas,86,Win,86–0,KO,"3 (10), 2:05","Apr 10, 1993","Auditorio Benito Juárez, Guadalajara, Mexico",,,
Julio César Chávez,5 ft 7+1⁄2 in (171 cm)[1],68 in (173 cm)[1],Orthodox,"Super featherweight
Lightweight
Light welterweight
Welterweight",Greg Haugen,85,Win,85–0,TKO,"5 (12), 2:02","Feb 20, 1993","Estadio Azteca, Mexico City, Mexico",Retained WBC light welterweight title,,
Julio César Chávez,5 ft 7+1⁄2 in (171 cm)[1],68 in (173 cm)[1],Orthodox,"Super featherweight
Lightweight
Light welterweight
Welterweight",Marty Jakubowski,84,Win,84–0,TKO,"6 (10), 0:18","Dec 13, 1992","The Mirage, Paradise, Nevada, U.S.",,,
Julio César Chávez,5 ft 7+1⁄2 in (171 cm)[1],68 in (173 cm)[1],Orthodox,"Super featherweight
Lightweight
Light welterweight
Welterweight",Bruce Pearson,83,Win,83–0,KO,"3 (10), 1:30","Oct 31, 1992","Culiacán, Mexico",,,
Julio César Chávez,5 ft 7+1⁄2 in (171 cm)[1],68 in (173 cm)[1],Orthodox,"Super featherweight
Lightweight
Light welterweight
Welterweight",Héctor Camacho,82,Win,82–0,UD,12,"Sep 12, 1992","Thomas & Mack Center, Paradise, Nevada, U.S.",Retained WBC light welterweight title,,
Julio César Chávez,5 ft 7+1⁄2 in (171 cm)[1],68 in (173 cm)[1],Orthodox,"Super featherweight
Lightweight
Light welterweight
Welterweight",Frankie Mitchell,81,Win,81–0,TKO,"4 (12), 0:56","Aug 1, 1992","Las Vegas Hilton, Winchester, Nevada, U.S.",Retained WBC light welterweight title,,
Julio César Chávez,5 ft 7+1⁄2 in (171 cm)[1],68 in (173 cm)[1],Orthodox,"Super featherweight
Lightweight
Light welterweight
Welterweight",Angel Hernandez,80,Win,80–0,TKO,"5 (12), 1:11","Apr 10, 1992","Toreo de Cuatro Caminos, Mexico City, Mexico",Retained WBC light welterweight title,,
Julio César Chávez,5 ft 7+1⁄2 in (171 cm)[1],68 in (173 cm)[1],Orthodox,"Super featherweight
Lightweight
Light welterweight
Welterweight",Juan Soberanes Ramos,79,Win,79–0,KO,4 (10),"Mar 13, 1992","La Paz, Mexico",,,
Julio César Chávez,5 ft 7+1⁄2 in (171 cm)[1],68 in (173 cm)[1],Orthodox,"Super featherweight
Lightweight
Light welterweight
Welterweight",Ignacio Perdomo,78,Win,78–0,RTD,"7 (10), 3:00","Dec 13, 1991","Hermosillo, Mexico",,,
Julio César Chávez,5 ft 7+1⁄2 in (171 cm)[1],68 in (173 cm)[1],Orthodox,"Super featherweight
Lightweight
Light welterweight
Welterweight",Jorge Alberto Melian,77,Win,77–0,KO,"4 (10), 1:36","Nov 12, 1991","Mexico City, Mexico",,,
Julio César Chávez,5 ft 7+1⁄2 in (171 cm)[1],68 in (173 cm)[1],Orthodox,"Super featherweight
Lightweight
Light welterweight
Welterweight",Lonnie Smith,76,Win,76–0,UD,12,"Sep 14, 1991","The Mirage, Paradise, Nevada, U.S.",Retained WBC light welterweight title,,
Julio César Chávez,5 ft 7+1⁄2 in (171 cm)[1],68 in (173 cm)[1],Orthodox,"Super featherweight
Lightweight
Light welterweight
Welterweight",Tommy Small,75,Win,75–0,KO,"4 (10), 0:56","Apr 26, 1991","Estadio General Ángel Flores, Culiacán, Mexico",,,
Julio César Chávez,5 ft 7+1⁄2 in (171 cm)[1],68 in (173 cm)[1],Orthodox,"Super featherweight
Lightweight
Light welterweight
Welterweight",John Duplessis,74,Win,74–0,TKO,"4 (12), 2:42","Mar 18, 1991","The Mirage, Paradise, Nevada, U.S.",Retained WBC and IBF light welterweight titles,,
Julio César Chávez,5 ft 7+1⁄2 in (171 cm)[1],68 in (173 cm)[1],Orthodox,"Super featherweight
Lightweight
Light welterweight
Welterweight",Kyung-Duk Ahn,73,Win,73–0,TKO,"3 (12), 2:14","Dec 8, 1990","Convention Hall, Atlantic City, New Jersey, U.S.",Retained WBC and IBF light welterweight titles,,
Julio César Chávez,5 ft 7+1⁄2 in (171 cm)[1],68 in (173 cm)[1],Orthodox,"Super featherweight
Lightweight
Light welterweight
Welterweight",Jaime Balboa,72,Win,72–0,TKO,"4 (10), 2:10","Nov 8, 1990","Mazatlán, Mexico",,,
Julio César Chávez,5 ft 7+1⁄2 in (171 cm)[1],68 in (173 cm)[1],Orthodox,"Super featherweight
Lightweight
Light welterweight
Welterweight",Russell Mosley,71,Win,71–0,KO,3 (10),"Aug 18, 1990","Culiacán, Mexico",,,
Julio César Chávez,5 ft 7+1⁄2 in (171 cm)[1],68 in (173 cm)[1],Orthodox,"Super featherweight
Lightweight
Light welterweight
Welterweight",Akwei Addo,70,Win,70–0,KO,2 (10),"Jul 5, 1990","Palacio de Deportes, Madrid, Spain",,,
Julio César Chávez,5 ft 7+1⁄2 in (171 cm)[1],68 in (173 cm)[1],Orthodox,"Super featherweight
Lightweight
Light welterweight
Welterweight",Meldrick Taylor,69,Win,69–0,TKO,"12 (12), 2:58","Mar 17, 1990","Las Vegas Hilton, Winchester, Nevada, U.S.",Retained WBC light welterweight title; Won IBF light welterweight title,,
Julio César Chávez,5 ft 7+1⁄2 in (171 cm)[1],68 in (173 cm)[1],Orthodox,"Super featherweight
Lightweight
Light welterweight
Welterweight",Alberto de las Mercedes Cortes,68,Win,68–0,TKO,"3 (12), 1:56","Dec 16, 1989","Palacio de los Deportes, Mexico City, Mexico",Retained WBC light welterweight title,,
Julio César Chávez,5 ft 7+1⁄2 in (171 cm)[1],68 in (173 cm)[1],Orthodox,"Super featherweight
Lightweight
Light welterweight
Welterweight",Sammy Fuentes,67,Win,67–0,RTD,"10 (12), 3:00","Nov 18, 1989","Caesars Palace, Paradise, Nevada, U.S.",Retained WBC light welterweight title,,
Julio César Chávez,5 ft 7+1⁄2 in (171 cm)[1],68 in (173 cm)[1],Orthodox,"Super featherweight
Lightweight
Light welterweight
Welterweight",Ramon Aramburu,66,Win,66–0,KO,3 (10),"Oct 27, 1989","Mazatlán, Mexico",,,
Julio César Chávez,5 ft 7+1⁄2 in (171 cm)[1],68 in (173 cm)[1],Orthodox,"Super featherweight
Lightweight
Light welterweight
Welterweight",Rodolfo Batta,65,Win,65–0,KO,"1 (10), 2:56","Oct 9, 1989","Bullring by the Sea, Tijuana, Mexico",,,
Julio César Chávez,5 ft 7+1⁄2 in (171 cm)[1],68 in (173 cm)[1],Orthodox,"Super featherweight
Lightweight
Light welterweight
Welterweight",Kenny Vice,64,Win,64–0,TKO,"3 (10), 1:57","Jul 30, 1989","Convention Hall, Atlantic City, New Jersey, U.S.",,,
Julio César Chávez,5 ft 7+1⁄2 in (171 cm)[1],68 in (173 cm)[1],Orthodox,"Super featherweight
Lightweight
Light welterweight
Welterweight",Roger Mayweather,63,Win,63–0,RTD,"10 (12), 3:00","May 13, 1989","Great Western Forum, Inglewood, California, U.S.",Won WBC light welterweight title,,
Julio César Chávez,5 ft 7+1⁄2 in (171 cm)[1],68 in (173 cm)[1],Orthodox,"Super featherweight
Lightweight
Light welterweight
Welterweight",José Luis Ramírez,62,Win,62–0,TD,"11 (12), 0:54","Oct 29, 1988","Las Vegas Hilton, Winchester, Nevada, U.S.",Retained WBA lightweight title; Won WBC and vacant The Ring lightweight titles; Unanimous TD after Ramírez was cut from an accidental head clash,,
Julio César Chávez,5 ft 7+1⁄2 in (171 cm)[1],68 in (173 cm)[1],Orthodox,"Super featherweight
Lightweight
Light welterweight
Welterweight",Vernon Buchanan,61,Win,61–0,TKO,"3 (10), 2:02","Aug 1, 1988","Great Western Forum, Inglewood, California, U.S.",,,
Julio César Chávez,5 ft 7+1⁄2 in (171 cm)[1],68 in (173 cm)[1],Orthodox,"Super featherweight
Lightweight
Light welterweight
Welterweight",Rafael Limón,60,Win,60–0,TKO,7 (10),"Jun 4, 1988","Mazatlán, Mexico",,,
Julio César Chávez,5 ft 7+1⁄2 in (171 cm)[1],68 in (173 cm)[1],Orthodox,"Super featherweight
Lightweight
Light welterweight
Welterweight",Rodolfo Aguilar,59,Win,59–0,TKO,"6 (12), 1:13","Apr 16, 1988","Las Vegas Hilton, Winchester, Nevada, U.S.",Retained WBA lightweight title,,
Julio César Chávez,5 ft 7+1⁄2 in (171 cm)[1],68 in (173 cm)[1],Orthodox,"Super featherweight
Lightweight
Light welterweight
Welterweight",Nicky Perez,58,Win,58–0,TKO,3 (10),"Mar 5, 1988","Tijuana, Mexico",,,
Julio César Chávez,5 ft 7+1⁄2 in (171 cm)[1],68 in (173 cm)[1],Orthodox,"Super featherweight
Lightweight
Light welterweight
Welterweight",Edwin Rosario,57,Win,57–0,TKO,"11 (12), 2:38","Nov 21, 1987","Hilton, Winchester, Nevada, U.S.",Won WBA lightweight title,,
Julio César Chávez,5 ft 7+1⁄2 in (171 cm)[1],68 in (173 cm)[1],Orthodox,"Super featherweight
Lightweight
Light welterweight
Welterweight",Danilo Cabrera,56,Win,56–0,UD,12,"Aug 21, 1987","Agua Caliente Racetrack, Tijuana, Mexico",Retained WBC super featherweight title,,
Julio César Chávez,5 ft 7+1⁄2 in (171 cm)[1],68 in (173 cm)[1],Orthodox,"Super featherweight
Lightweight
Light welterweight
Welterweight",Francisco Tomas Da Cruz,55,Win,55–0,TKO,"3 (12), 2:31","Apr 18, 1987","Nîmes, France",Retained WBC super featherweight title,,
Julio César Chávez,5 ft 7+1⁄2 in (171 cm)[1],68 in (173 cm)[1],Orthodox,"Super featherweight
Lightweight
Light welterweight
Welterweight",Juan Laporte,54,Win,54–0,UD,12,"Dec 12, 1986","Madison Square Garden, New York City, New York, U.S.",Retained WBC super featherweight title,,
Julio César Chávez,5 ft 7+1⁄2 in (171 cm)[1],68 in (173 cm)[1],Orthodox,"Super featherweight
Lightweight
Light welterweight
Welterweight",Rocky Lockridge,53,Win,53–0,MD,12,"Aug 3, 1986","Stade Louis II, Fontvieille, Monaco",Retained WBC super featherweight title,,
Julio César Chávez,5 ft 7+1⁄2 in (171 cm)[1],68 in (173 cm)[1],Orthodox,"Super featherweight
Lightweight
Light welterweight
Welterweight",Refugio Rojas,52,Win,52–0,TKO,"7 (12), 2:33","Jun 13, 1986","Madison Square Garden, New York City, New York, U.S.",Retained WBC super featherweight title,,
Julio César Chávez,5 ft 7+1⁄2 in (171 cm)[1],68 in (173 cm)[1],Orthodox,"Super featherweight
Lightweight
Light welterweight
Welterweight",Faustino Martires Barrios,51,Win,51–0,TKO,"5 (12), 2:02","May 15, 1986","Stade Pierre de Coubertin, Paris, France",Retained WBC super featherweight title,,
Julio César Chávez,5 ft 7+1⁄2 in (171 cm)[1],68 in (173 cm)[1],Orthodox,"Super featherweight
Lightweight
Light welterweight
Welterweight",Roberto Collins Lindo,50,Win,50–0,KO,"2 (10), 0:31","Mar 22, 1986","Riviera, Winchester, Nevada, U.S.",,,
Julio César Chávez,5 ft 7+1⁄2 in (171 cm)[1],68 in (173 cm)[1],Orthodox,"Super featherweight
Lightweight
Light welterweight
Welterweight",Jeff Bumpus,49,Win,49–0,TD,"5 (10), 1:19","Dec 19, 1985","Grand Olympic Auditorium, Los Angeles, California, U.S.",Unanimous TD after Chávez was cut from an accidental head clash,,
Julio César Chávez,5 ft 7+1⁄2 in (171 cm)[1],68 in (173 cm)[1],Orthodox,"Super featherweight
Lightweight
Light welterweight
Welterweight",Dwight Pratchett,48,Win,48–0,UD,12,"Sep 21, 1985","Riviera, Winchester, Nevada, U.S.",Retained WBC super featherweight title,,
Julio César Chávez,5 ft 7+1⁄2 in (171 cm)[1],68 in (173 cm)[1],Orthodox,"Super featherweight
Lightweight
Light welterweight
Welterweight",Roger Mayweather,47,Win,47–0,TKO,"2 (12), 2:30","Jul 7, 1985","Riviera, Winchester, Nevada, U.S.",Retained WBC super featherweight title,,
Julio César Chávez,5 ft 7+1⁄2 in (171 cm)[1],68 in (173 cm)[1],Orthodox,"Super featherweight
Lightweight
Light welterweight
Welterweight",Ruben Castillo,46,Win,46–0,TKO,"6 (12), 2:56","Apr 19, 1985","The Forum, Inglewood, California, U.S.",Retained WBC super featherweight title,,
Julio César Chávez,5 ft 7+1⁄2 in (171 cm)[1],68 in (173 cm)[1],Orthodox,"Super featherweight
Lightweight
Light welterweight
Welterweight",Manuel Hernandez,45,Win,45–0,TKO,3 (10),"Jan 1, 1985","Toreo de Cuatro Caminos, Mexico City, Mexico",,,
Julio César Chávez,5 ft 7+1⁄2 in (171 cm)[1],68 in (173 cm)[1],Orthodox,"Super featherweight
Lightweight
Light welterweight
Welterweight",Mario Martínez,44,Win,44–0,TKO,"8 (12), 3:00","Sep 13, 1984","Grand Olympic Auditorium, Los Angeles, California, U.S.",Won vacant WBC super featherweight title,,
Julio César Chávez,5 ft 7+1⁄2 in (171 cm)[1],68 in (173 cm)[1],Orthodox,"Super featherweight
Lightweight
Light welterweight
Welterweight",Delfino Mendoza,43,Win,43–0,KO,3,"Jun 13, 1984","Hermosillo, Mexico",,,
Julio César Chávez,5 ft 7+1⁄2 in (171 cm)[1],68 in (173 cm)[1],Orthodox,"Super featherweight
Lightweight
Light welterweight
Welterweight",Ramon Avitia,42,Win,42–0,KO,6,"May 4, 1984","Culiacán, Mexico",,,
Julio César Chávez,5 ft 7+1⁄2 in (171 cm)[1],68 in (173 cm)[1],Orthodox,"Super featherweight
Lightweight
Light welterweight
Welterweight",Armando Flores,41,Win,41–0,KO,3,"Dec 30, 1983","Mazatlán, Mexico",,,
Julio César Chávez,5 ft 7+1⁄2 in (171 cm)[1],68 in (173 cm)[1],Orthodox,"Super featherweight
Lightweight
Light welterweight
Welterweight",Adriano Arreola,40,Win,40–0,PTS,10,"Sep 1, 1983","Grand Olympic Auditorium, Los Angeles, California, U.S.",,,
Julio César Chávez,5 ft 7+1⁄2 in (171 cm)[1],68 in (173 cm)[1],Orthodox,"Super featherweight
Lightweight
Light welterweight
Welterweight",Benjamin Abarca,39,Win,39–0,KO,5,"Jul 16, 1983","Culiacán, Mexico",,,
Julio César Chávez,5 ft 7+1⁄2 in (171 cm)[1],68 in (173 cm)[1],Orthodox,"Super featherweight
Lightweight
Light welterweight
Welterweight",Romero Sandoval,38,Win,38–0,KO,"2 (10), 1:58","Jun 15, 1983","Grand Olympic Auditorium, Los Angeles, California, U.S.",,,
Julio César Chávez,5 ft 7+1⁄2 in (171 cm)[1],68 in (173 cm)[1],Orthodox,"Super featherweight
Lightweight
Light welterweight
Welterweight",Javier Fragoso,37,Win,37–0,KO,4,"May 1, 1983","Roberto Clemente Coliseum, San Juan, Puerto Rico",,,
Julio César Chávez,5 ft 7+1⁄2 in (171 cm)[1],68 in (173 cm)[1],Orthodox,"Super featherweight
Lightweight
Light welterweight
Welterweight",Ernesto Herrera,36,Win,36–0,KO,2,"Apr 4, 1983","Tijuana, Mexico",,,
Julio César Chávez,5 ft 7+1⁄2 in (171 cm)[1],68 in (173 cm)[1],Orthodox,"Super featherweight
Lightweight
Light welterweight
Welterweight",Othoniel Lopez,35,Win,35–0,KO,4,"Feb 25, 1983","Ensenada, Mexico",,,
Julio César Chávez,5 ft 7+1⁄2 in (171 cm)[1],68 in (173 cm)[1],Orthodox,"Super featherweight
Lightweight
Light welterweight
Welterweight",Jerry Lewis,34,Win,34–0,KO,6 (10),"Dec 11, 1982","Memorial Auditorium, Sacramento, California, U.S.",,,
Julio César Chávez,5 ft 7+1⁄2 in (171 cm)[1],68 in (173 cm)[1],Orthodox,"Super featherweight
Lightweight
Light welterweight
Welterweight",Jerry Lewis,33,Win,33–0,KO,5,"Oct 23, 1982","Tijuana, Mexico",,,
Julio César Chávez,5 ft 7+1⁄2 in (171 cm)[1],68 in (173 cm)[1],Orthodox,"Super featherweight
Lightweight
Light welterweight
Welterweight",Jose Resendez,32,Win,32–0,KO,6 (10),"Sep 28, 1982","Auditorio Fausto Gutierrez Moreno, Tijuana, Mexico",,,
Julio César Chávez,5 ft 7+1⁄2 in (171 cm)[1],68 in (173 cm)[1],Orthodox,"Super featherweight
Lightweight
Light welterweight
Welterweight",Santos Rodriguez,31,Win,31–0,KO,8,"Aug 20, 1982","Culiacán, Mexico",,,
Julio César Chávez,5 ft 7+1⁄2 in (171 cm)[1],68 in (173 cm)[1],Orthodox,"Super featherweight
Lightweight
Light welterweight
Welterweight",Gustavo Salgado,30,Win,30–0,KO,2 (10),"Jul 19, 1982","Auditorio Fausto Gutierrez Moreno, Tijuana, Mexico",,,
Julio César Chávez,5 ft 7+1⁄2 in (171 cm)[1],68 in (173 cm)[1],Orthodox,"Super featherweight
Lightweight
Light welterweight
Welterweight",Juan Carlos Alvarado,29,Win,29–0,KO,3,"May 8, 1982","Culiacán, Mexico",,,
Julio César Chávez,5 ft 7+1⁄2 in (171 cm)[1],68 in (173 cm)[1],Orthodox,"Super featherweight
Lightweight
Light welterweight
Welterweight",Benny Abarca,28,Win,28–0,PTS,10,"Apr 26, 1982","Tijuana, Mexico",,,
Julio César Chávez,5 ft 7+1⁄2 in (171 cm)[1],68 in (173 cm)[1],Orthodox,"Super featherweight
Lightweight
Light welterweight
Welterweight",Johnny Jensen,27,Win,27–0,KO,3,"Mar 11, 1982","Tijuana, Mexico",,,
Julio César Chávez,5 ft 7+1⁄2 in (171 cm)[1],68 in (173 cm)[1],Orthodox,"Super featherweight
Lightweight
Light welterweight
Welterweight",Carlos Bryant,26,Win,26–0,KO,2,"Feb 19, 1982","Culiacán, Mexico",,,
Julio César Chávez,5 ft 7+1⁄2 in (171 cm)[1],68 in (173 cm)[1],Orthodox,"Super featherweight
Lightweight
Light welterweight
Welterweight",Ramon Peraza,25,Win,25–0,KO,1,"Feb 4, 1982","Tijuana, Mexico",,,
Julio César Chávez,5 ft 7+1⁄2 in (171 cm)[1],68 in (173 cm)[1],Orthodox,"Super featherweight
Lightweight
Light welterweight
Welterweight",Jesús García,24,Win,24–0,KO,2,"Jan 29, 1982","Guamúchil, Mexico",,,
Julio César Chávez,5 ft 7+1⁄2 in (171 cm)[1],68 in (173 cm)[1],Orthodox,"Super featherweight
Lightweight
Light welterweight
Welterweight",Ramon Luque,23,Win,23–0,KO,1,"Jan 12, 1982","Tijuana, Mexico",,,
Julio César Chávez,5 ft 7+1⁄2 in (171 cm)[1],68 in (173 cm)[1],Orthodox,"Super featherweight
Lightweight
Light welterweight
Welterweight",Manuel Vasquez,22,Win,22–0,KO,7,"Dec 17, 1981","Culiacán, Mexico",,,
Julio César Chávez,5 ft 7+1⁄2 in (171 cm)[1],68 in (173 cm)[1],Orthodox,"Super featherweight
Lightweight
Light welterweight
Welterweight",Jose Angel Medina,21,Win,21–0,KO,6,"Oct 19, 1981","Tijuana, Mexico",,,
Julio César Chávez,5 ft 7+1⁄2 in (171 cm)[1],68 in (173 cm)[1],Orthodox,"Super featherweight
Lightweight
Light welterweight
Welterweight",Jorge Ramirez,20,Win,20–0,KO,2,"Sep 25, 1981","Culiacán, Mexico",,,
Julio César Chávez,5 ft 7+1⁄2 in (171 cm)[1],68 in (173 cm)[1],Orthodox,"Super featherweight
Lightweight
Light welterweight
Welterweight",Daniel Felizardo,19,Win,19–0,KO,3 (10),"Aug 31, 1981","Tijuana, Mexico",,,
Julio César Chávez,5 ft 7+1⁄2 in (171 cm)[1],68 in (173 cm)[1],Orthodox,"Super featherweight
Lightweight
Light welterweight
Welterweight",Jesus Cuate Lara,18,Win,18–0,KO,2 (10),"Aug 7, 1981","Culiacán, Mexico",,,
Julio César Chávez,5 ft 7+1⁄2 in (171 cm)[1],68 in (173 cm)[1],Orthodox,"Super featherweight
Lightweight
Light welterweight
Welterweight",Daniel Martinez,17,Win,17–0,KO,1,"Jul 27, 1981","Tijuana, Mexico",,,
Julio César Chávez,5 ft 7+1⁄2 in (171 cm)[1],68 in (173 cm)[1],Orthodox,"Super featherweight
Lightweight
Light welterweight
Welterweight",Bobby Fernandez,16,Win,16–0,KO,3,"Jul 10, 1981","Culiacán, Mexico",,,
Julio César Chávez,5 ft 7+1⁄2 in (171 cm)[1],68 in (173 cm)[1],Orthodox,"Super featherweight
Lightweight
Light welterweight
Welterweight",Fidel Navarro,15,Win,15–0,KO,1,"Jun 26, 1981","Culiacán, Mexico",,,
Julio César Chávez,5 ft 7+1⁄2 in (171 cm)[1],68 in (173 cm)[1],Orthodox,"Super featherweight
Lightweight
Light welterweight
Welterweight",Victor Gamez,14,Win,14–0,KO,1,"Jun 5, 1981","Culiacán, Mexico",,,
Julio César Chávez,5 ft 7+1⁄2 in (171 cm)[1],68 in (173 cm)[1],Orthodox,"Super featherweight
Lightweight
Light welterweight
Welterweight",Eduardo Lalo Acosta,13,Win,13–0,KO,2,"May 8, 1981","Culiacán, Mexico",,,
Julio César Chávez,5 ft 7+1⁄2 in (171 cm)[1],68 in (173 cm)[1],Orthodox,"Super featherweight
Lightweight
Light welterweight
Welterweight",Miguel Ruiz,12,Win,12–0,KO,1,"Mar 4, 1981","Culiacán, Mexico",,,
Julio César Chávez,5 ft 7+1⁄2 in (171 cm)[1],68 in (173 cm)[1],Orthodox,"Super featherweight
Lightweight
Light welterweight
Welterweight",Julio Gaxiola,11,Win,11–0,KO,4,"Feb 2, 1981","Tijuana, Mexico",,,
Julio César Chávez,5 ft 7+1⁄2 in (171 cm)[1],68 in (173 cm)[1],Orthodox,"Super featherweight
Lightweight
Light welterweight
Welterweight",Roberto Flores,10,Win,10–0,KO,3,"Dec 15, 1980","Culiacán, Mexico",,,
Julio César Chávez,5 ft 7+1⁄2 in (171 cm)[1],68 in (173 cm)[1],Orthodox,"Super featherweight
Lightweight
Light welterweight
Welterweight",Andres Felix,9,Win,9–0,KO,2,"Nov 26, 1980","Culiacán, Mexico",,,
Julio César Chávez,5 ft 7+1⁄2 in (171 cm)[1],68 in (173 cm)[1],Orthodox,"Super featherweight
Lightweight
Light welterweight
Welterweight",Jesus Martinez,8,Win,8–0,KO,1,"Oct 13, 1980","Culiacán, Mexico",,,
Julio César Chávez,5 ft 7+1⁄2 in (171 cm)[1],68 in (173 cm)[1],Orthodox,"Super featherweight
Lightweight
Light welterweight
Welterweight",Jesus Cuate Lara,7,Win,7–0,PTS,10,"Sep 22, 1980","Culiacán, Mexico",,,
Julio César Chávez,5 ft 7+1⁄2 in (171 cm)[1],68 in (173 cm)[1],Orthodox,"Super featherweight
Lightweight
Light welterweight
Welterweight",Miguel Cebrero,6,Win,6–0,PTS,10,"Sep 5, 1980","Culiacán, Mexico",,,
Julio César Chávez,5 ft 7+1⁄2 in (171 cm)[1],68 in (173 cm)[1],Orthodox,"Super featherweight
Lightweight
Light welterweight
Welterweight",Tito Geraldo,5,Win,5–0,PTS,6,"Jul 18, 1980","Guamúchil, Mexico",,,
Julio César Chávez,5 ft 7+1⁄2 in (171 cm)[1],68 in (173 cm)[1],Orthodox,"Super featherweight
Lightweight
Light welterweight
Welterweight",Roberto Garcia,4,Win,4–0,TKO,6 (6),"May 20, 1980","Guaymas, Mexico",,,
Julio César Chávez,5 ft 7+1⁄2 in (171 cm)[1],68 in (173 cm)[1],Orthodox,"Super featherweight
Lightweight
Light welterweight
Welterweight",Ramon Flores,3,Win,3–0,KO,3 (6),"Apr 8, 1980","Navojoa, Mexico",,,
Julio César Chávez,5 ft 7+1⁄2 in (171 cm)[1],68 in (173 cm)[1],Orthodox,"Super featherweight
Lightweight
Light welterweight
Welterweight",Fidencio Cebreros,2,Win,2–0,PTS,6,"Mar 3, 1980","Culiacán, Mexico",,,
Julio César Chávez,5 ft 7+1⁄2 in (171 cm)[1],68 in (173 cm)[1],Orthodox,"Super featherweight
Lightweight
Light welterweight
Welterweight",Andres Felix,1,Win,1–0,KO,6 (6),"Feb 5, 1980","Culiacán, Mexico",,,
Teofimo Lopez,5 ft 8 in (173 cm)[1],68+1⁄2 in (174 cm)[1],Orthodox,"Lightweight
Light welterweight",Arnold Barboza Jr.,23,Win,22–1,UD,12,"May 2, 2025","Times Square, New York City, New York, U.S.",Retained WBO and The Ring light welterweight titles,,
Teofimo Lopez,5 ft 8 in (173 cm)[1],68+1⁄2 in (174 cm)[1],Orthodox,"Lightweight
Light welterweight",Steve Claggett,22,Win,21–1,UD,12,"Jun 29, 2024","James L. Knight Center, Miami Beach, Florida, U.S.",Retained WBO and The Ring light welterweight titles,,
Teofimo Lopez,5 ft 8 in (173 cm)[1],68+1⁄2 in (174 cm)[1],Orthodox,"Lightweight
Light welterweight",Jamaine Ortiz,21,Win,20–1,UD,12,"Feb 8, 2024","Michelob Ultra Arena, Paradise, Nevada, U.S.",Retained WBO and The Ring light welterweight titles,,
Teofimo Lopez,5 ft 8 in (173 cm)[1],68+1⁄2 in (174 cm)[1],Orthodox,"Lightweight
Light welterweight",Josh Taylor,20,Win,19–1,UD,12,"Jun 10, 2023","Hulu Theater at Madison Square Garden, New York City, New York, U.S.",Won WBO and The Ring light welterweight titles,,
Teofimo Lopez,5 ft 8 in (173 cm)[1],68+1⁄2 in (174 cm)[1],Orthodox,"Lightweight
Light welterweight",Sandor Martín,19,Win,18–1,SD,10,"Dec 10, 2022","Madison Square Garden, New York City, New York, U.S.",Retained WBO International light welterweight title,,
Teofimo Lopez,5 ft 8 in (173 cm)[1],68+1⁄2 in (174 cm)[1],Orthodox,"Lightweight
Light welterweight",Pedro Campa,18,Win,17–1,TKO,"7 (10), 2:14","Aug 13, 2022","Resorts World Las Vegas, Winchester, Nevada, U.S.",Won vacant NABF and WBO International light welterweight titles,,
Teofimo Lopez,5 ft 8 in (173 cm)[1],68+1⁄2 in (174 cm)[1],Orthodox,"Lightweight
Light welterweight",George Kambosos Jr.,17,Loss,16–1,SD,12,"Nov 27, 2021","Hulu Theater at Madison Square Garden, New York City, New York, U.S.","Lost WBA (Super), IBF, WBO, and The Ring lightweight titles",,
Teofimo Lopez,5 ft 8 in (173 cm)[1],68+1⁄2 in (174 cm)[1],Orthodox,"Lightweight
Light welterweight",Vasiliy Lomachenko,16,Win,16–0,UD,12,"Oct 17, 2020","MGM Grand Conference Center, Paradise, Nevada, U.S.","Retained IBF lightweight title; Won WBA (Super), WBO, and The Ring lightweight titles",,
Teofimo Lopez,5 ft 8 in (173 cm)[1],68+1⁄2 in (174 cm)[1],Orthodox,"Lightweight
Light welterweight",Richard Commey,15,Win,15–0,TKO,"2 (12), 1:13","Dec 14, 2019","Madison Square Garden, New York City, New York, U.S.",Won IBF lightweight title,,
Teofimo Lopez,5 ft 8 in (173 cm)[1],68+1⁄2 in (174 cm)[1],Orthodox,"Lightweight
Light welterweight",Masayoshi Nakatani,14,Win,14–0,UD,12,"Jul 19, 2019","MGM National Harbor, Oxon Hill, Maryland, U.S.",,,
Teofimo Lopez,5 ft 8 in (173 cm)[1],68+1⁄2 in (174 cm)[1],Orthodox,"Lightweight
Light welterweight",Edis Tatli,13,Win,13–0,KO,"5 (12), 1:32","Apr 20, 2019","Madison Square Garden, New York City, New York, U.S.",Retained NABF lightweight title,,
Teofimo Lopez,5 ft 8 in (173 cm)[1],68+1⁄2 in (174 cm)[1],Orthodox,"Lightweight
Light welterweight",Diego Magdaleno,12,Win,12–0,KO,"7 (10), 1:08","Feb 2, 2019","The Ford Center at The Star, Frisco, Texas, U.S.","Retained NABA, NABF, and USBA lightweight titles",,
Teofimo Lopez,5 ft 8 in (173 cm)[1],68+1⁄2 in (174 cm)[1],Orthodox,"Lightweight
Light welterweight",Mason Menard,11,Win,11–0,KO,"1 (10), 0:44","Dec 8, 2018","Hulu Theater at Madison Square Garden, New York City, New York, U.S.","Won vacant NABA, NABF, and USBA lightweight titles",,
Teofimo Lopez,5 ft 8 in (173 cm)[1],68+1⁄2 in (174 cm)[1],Orthodox,"Lightweight
Light welterweight",William Silva,10,Win,10–0,TKO,"6 (10), 0:15","Jul 14, 2018","Lakefront Arena, New Orleans, Louisiana, U.S.",Won vacant WBC Continental Americas lightweight title,,
Teofimo Lopez,5 ft 8 in (173 cm)[1],68+1⁄2 in (174 cm)[1],Orthodox,"Lightweight
Light welterweight",Vitor Jones Freitas,9,Win,9–0,KO,"1 (8), 1:04","May 12, 2018","Madison Square Garden, New York City, New York, U.S.",,,
Teofimo Lopez,5 ft 8 in (173 cm)[1],68+1⁄2 in (174 cm)[1],Orthodox,"Lightweight
Light welterweight",Juan Pablo Sanchez,8,Win,8–0,UD,6,"Feb 3, 2018","American Bank Center, Corpus Christi, Texas, U.S.",,,
Teofimo Lopez,5 ft 8 in (173 cm)[1],68+1⁄2 in (174 cm)[1],Orthodox,"Lightweight
Light welterweight",Josh Ross,7,Win,7–0,TKO,"2 (6), 1:57","Oct 13, 2017","A La Carte Event Pavilion, Tampa, Florida, U.S.",,,
Teofimo Lopez,5 ft 8 in (173 cm)[1],68+1⁄2 in (174 cm)[1],Orthodox,"Lightweight
Light welterweight",Christian Santibanez,6,Win,6–0,UD,6,"Jul 7, 2017","A La Carte Event Pavilion, Tampa, Florida, U.S.",,,
Teofimo Lopez,5 ft 8 in (173 cm)[1],68+1⁄2 in (174 cm)[1],Orthodox,"Lightweight
Light welterweight",Ronald Rivas,5,Win,5–0,KO,"2 (6), 2:21","May 20, 2017","Madison Square Garden, New York City, New York, U.S.",,,
Teofimo Lopez,5 ft 8 in (173 cm)[1],68+1⁄2 in (174 cm)[1],Orthodox,"Lightweight
Light welterweight",Jorge Luis Munguia,4,Win,4–0,TKO,"2 (6), 0:48","Apr 21, 2017","Osceola Heritage Center, Kissimmee, Florida, U.S.",,,
Teofimo Lopez,5 ft 8 in (173 cm)[1],68+1⁄2 in (174 cm)[1],Orthodox,"Lightweight
Light welterweight",Daniel Bastien,3,Win,3–0,KO,"2 (6), 0:39","Mar 17, 2017","The Theater at Madison Square Garden, New York City, New York, U.S.",,,
Teofimo Lopez,5 ft 8 in (173 cm)[1],68+1⁄2 in (174 cm)[1],Orthodox,"Lightweight
Light welterweight",Francisco Medel,2,Win,2–0,TKO,"4 (4), 0:58","Feb 24, 2017","Tony Rosa Community Center, Palm Bay, Florida, U.S.",,,
Teofimo Lopez,5 ft 8 in (173 cm)[1],68+1⁄2 in (174 cm)[1],Orthodox,"Lightweight
Light welterweight",Ishwar Siqueiros,1,Win,1–0,KO,"2 (4), 2:03","Nov 5, 2016","Thomas & Mack Center, Paradise, Nevada, U.S.",,,
Bernard Hopkins,6 ft 1 in (185 cm)[1],71 in (180 cm)[1],Orthodox,"Middleweight
Light heavyweight",Joe Smith Jr.,67,Loss,55–8–2 (2),TKO,"8 (12), 0:53","Dec 17, 2016","The Forum, Inglewood, California, U.S.",For WBC International light heavyweight title,"51 years, 337 days",
Bernard Hopkins,6 ft 1 in (185 cm)[1],71 in (180 cm)[1],Orthodox,"Middleweight
Light heavyweight",Sergey Kovalev,66,Loss,55–7–2 (2),UD,12,"Nov 8, 2014","Boardwalk Hall, Atlantic City, New Jersey, U.S.",Lost WBA (Super) and IBF light heavyweight titles; For WBO light heavyweight title,"49 years, 297 days",
Bernard Hopkins,6 ft 1 in (185 cm)[1],71 in (180 cm)[1],Orthodox,"Middleweight
Light heavyweight",Beibut Shumenov,65,Win,55–6–2 (2),SD,12,"Apr 19, 2014","D.C. Armory, Washington, D.C., U.S.","Retained IBF light heavyweight title; Won WBA (Super), and IBA light heavyweight titles","49 years, 94 days",
Bernard Hopkins,6 ft 1 in (185 cm)[1],71 in (180 cm)[1],Orthodox,"Middleweight
Light heavyweight",Karo Murat,64,Win,54–6–2 (2),UD,12,"Oct 26, 2013","Boardwalk Hall, Atlantic City, New Jersey, U.S.",Retained IBF light heavyweight title,"48 years, 284 days",
Bernard Hopkins,6 ft 1 in (185 cm)[1],71 in (180 cm)[1],Orthodox,"Middleweight
Light heavyweight",Tavoris Cloud,63,Win,53–6–2 (2),UD,12,"Mar 9, 2013","Barclays Center, New York City, New York, U.S.",Won IBF light heavyweight title,"48 years, 53 days",
Bernard Hopkins,6 ft 1 in (185 cm)[1],71 in (180 cm)[1],Orthodox,"Middleweight
Light heavyweight",Chad Dawson,62,Loss,52–6–2 (2),MD,12,"Apr 28, 2012","Boardwalk Hall, Atlantic City, New Jersey, U.S.",Lost WBC and The Ring light heavyweight titles,"47 years, 104 days",
Bernard Hopkins,6 ft 1 in (185 cm)[1],71 in (180 cm)[1],Orthodox,"Middleweight
Light heavyweight",Chad Dawson,61,NC,52–5–2 (2),NC,"2 (12), 2:48","Oct 15, 2011","Staples Center, Los Angeles, California, U.S.","WBC and The Ring light heavyweight titles at stake; Originally TKO win for Dawson, later ruled NC after an incorrect referee call","46 years, 273 days",
Bernard Hopkins,6 ft 1 in (185 cm)[1],71 in (180 cm)[1],Orthodox,"Middleweight
Light heavyweight",Jean Pascal,60,Win,52–5–2 (1),UD,12,"May 21, 2011","Bell Centre, Montreal, Quebec, Canada",Won WBC and The Ring light heavyweight titles,"46 years, 126 days",
Bernard Hopkins,6 ft 1 in (185 cm)[1],71 in (180 cm)[1],Orthodox,"Middleweight
Light heavyweight",Jean Pascal,59,Draw,51–5–2 (1),MD,12,"Dec 18, 2010","Colisée Pepsi, Quebec City, Quebec, Canada",For WBC and The Ring light heavyweight titles,"45 years, 337 days",
Bernard Hopkins,6 ft 1 in (185 cm)[1],71 in (180 cm)[1],Orthodox,"Middleweight
Light heavyweight",Roy Jones Jr.,58,Win,51–5–1 (1),UD,12,"Apr 3, 2010","Mandalay Bay Events Center, Paradise, Nevada, U.S.",,"45 years, 78 days",
Bernard Hopkins,6 ft 1 in (185 cm)[1],71 in (180 cm)[1],Orthodox,"Middleweight
Light heavyweight",Enrique Ornelas,57,Win,50–5–1 (1),UD,12,"Dec 2, 2009","Liacouras Center, Philadelphia, Pennsylvania, U.S.",,"44 years, 321 days",
Bernard Hopkins,6 ft 1 in (185 cm)[1],71 in (180 cm)[1],Orthodox,"Middleweight
Light heavyweight",Kelly Pavlik,56,Win,49–5–1 (1),UD,12,"Oct 18, 2008","Boardwalk Hall, Atlantic City, New Jersey, U.S.",,"43 years, 277 days",
Bernard Hopkins,6 ft 1 in (185 cm)[1],71 in (180 cm)[1],Orthodox,"Middleweight
Light heavyweight",Joe Calzaghe,55,Loss,48–5–1 (1),SD,12,"Apr 19, 2008","Thomas & Mack Center, Paradise, Nevada, U.S.",Lost The Ring light heavyweight title,"43 years, 95 days",
Bernard Hopkins,6 ft 1 in (185 cm)[1],71 in (180 cm)[1],Orthodox,"Middleweight
Light heavyweight",Winky Wright,54,Win,48–4–1 (1),UD,12,"Jul 21, 2007","Mandalay Bay Events Center, Paradise, Nevada, U.S.",Retained The Ring light heavyweight title,"42 years, 187 days",
Bernard Hopkins,6 ft 1 in (185 cm)[1],71 in (180 cm)[1],Orthodox,"Middleweight
Light heavyweight",Antonio Tarver,53,Win,47–4–1 (1),UD,12,"Jun 10, 2006","Boardwalk Hall, Atlantic City, New Jersey, U.S.",Won IBO and The Ring light heavyweight titles,"41 years, 146 days",
Bernard Hopkins,6 ft 1 in (185 cm)[1],71 in (180 cm)[1],Orthodox,"Middleweight
Light heavyweight",Jermain Taylor,52,Loss,46–4–1 (1),UD,12,"Dec 3, 2005","Mandalay Bay Events Center, Paradise, Nevada, U.S.","For WBA (Undisputed), WBC, WBO, and The Ring middleweight titles","40 years, 322 days",
Bernard Hopkins,6 ft 1 in (185 cm)[1],71 in (180 cm)[1],Orthodox,"Middleweight
Light heavyweight",Jermain Taylor,51,Loss,46–3–1 (1),SD,12,"Jul 16, 2005","MGM Grand Garden Arena, Paradise, Nevada, U.S.","Lost WBA (Undisputed), WBC, IBF, WBO, and The Ring middleweight titles","40 years, 182 days",
Bernard Hopkins,6 ft 1 in (185 cm)[1],71 in (180 cm)[1],Orthodox,"Middleweight
Light heavyweight",Howard Eastman,50,Win,46–2–1 (1),UD,12,"Feb 19, 2005","Staples Center, Los Angeles, California, U.S.","Retained WBA (Undisputed), WBC, IBF, WBO, and The Ring middleweight titles","40 years, 35 days",
Bernard Hopkins,6 ft 1 in (185 cm)[1],71 in (180 cm)[1],Orthodox,"Middleweight
Light heavyweight",Oscar De La Hoya,49,Win,45–2–1 (1),KO,"9 (12), 1:38","Sep 18, 2004","MGM Grand Garden Arena, Paradise, Nevada, U.S.","Retained WBA (Undisputed), WBC, IBF, and The Ring middleweight titles; Won WBO middleweight title","39 years, 247 days",
Bernard Hopkins,6 ft 1 in (185 cm)[1],71 in (180 cm)[1],Orthodox,"Middleweight
Light heavyweight",Robert Allen,48,Win,44–2–1 (1),UD,12,"Jun 5, 2004","MGM Grand Garden Arena, Paradise, Nevada, U.S.","Retained WBA (Undisputed), WBC, IBF, and The Ring middleweight titles","39 years, 142 days",
Bernard Hopkins,6 ft 1 in (185 cm)[1],71 in (180 cm)[1],Orthodox,"Middleweight
Light heavyweight",William Joppy,47,Win,43–2–1 (1),UD,12,"Dec 13, 2003","Boardwalk Hall, Atlantic City, New Jersey, U.S.","Retained WBA (Undisputed), WBC, IBF, and The Ring middleweight titles","38 years, 332 days",
Bernard Hopkins,6 ft 1 in (185 cm)[1],71 in (180 cm)[1],Orthodox,"Middleweight
Light heavyweight",Morrade Hakkar,46,Win,42–2–1 (1),RTD,"8 (12), 3:00","Mar 29, 2003","Spectrum, Philadelphia, Pennsylvania, U.S.","Retained WBA (Unified), WBC, IBF, and The Ring middleweight titles","38 years, 73 days",
Bernard Hopkins,6 ft 1 in (185 cm)[1],71 in (180 cm)[1],Orthodox,"Middleweight
Light heavyweight",Carl Daniels,45,Win,41–2–1 (1),RTD,"10 (12), 3:00","Feb 2, 2002","Sovereign Center, Reading, Pennsylvania, U.S.","Retained WBA (Super), WBC, IBF, and The Ring middleweight titles","37 years, 18 days",
Bernard Hopkins,6 ft 1 in (185 cm)[1],71 in (180 cm)[1],Orthodox,"Middleweight
Light heavyweight",Félix Trinidad,44,Win,40–2–1 (1),TKO,"12 (12), 1:18","Sep 29, 2001","Madison Square Garden, New York City, New York, U.S.",Retained IBF and WBC middleweight titles; Won WBA (Super) and vacant The Ring middleweight titles,"36 years, 257 days",
Bernard Hopkins,6 ft 1 in (185 cm)[1],71 in (180 cm)[1],Orthodox,"Middleweight
Light heavyweight",Keith Holmes,43,Win,39–2–1 (1),UD,12,"Apr 14, 2001","Madison Square Garden, New York City, New York, U.S.",Retained IBF middleweight title; Won WBC middleweight title,"36 years, 89 days",
Bernard Hopkins,6 ft 1 in (185 cm)[1],71 in (180 cm)[1],Orthodox,"Middleweight
Light heavyweight",Antwun Echols,42,Win,38–2–1 (1),TKO,"10 (12), 1:42","Dec 1, 2000","The Venetian Las Vegas, Paradise, Nevada, U.S.",Retained IBF middleweight title,"35 years, 321 days",
Bernard Hopkins,6 ft 1 in (185 cm)[1],71 in (180 cm)[1],Orthodox,"Middleweight
Light heavyweight",Syd Vanderpool,41,Win,37–2–1 (1),UD,12,"May 13, 2000","Conseco Fieldhouse, Indianapolis, Indiana, U.S.",Retained IBF middleweight title,"35 years, 119 days",
Bernard Hopkins,6 ft 1 in (185 cm)[1],71 in (180 cm)[1],Orthodox,"Middleweight
Light heavyweight",Antwun Echols,40,Win,36–2–1 (1),UD,12,"Dec 12, 1999","Miccosukee Resort & Gaming, Miami, Florida, U.S.",Retained IBF middleweight title,"34 years, 331 days",
Bernard Hopkins,6 ft 1 in (185 cm)[1],71 in (180 cm)[1],Orthodox,"Middleweight
Light heavyweight",Robert Allen,39,Win,35–2–1 (1),TKO,"7 (12), 1:18","Feb 6, 1999","Convention Center, Washington, D.C., U.S.",Retained IBF middleweight title,"34 years, 22 days",
Bernard Hopkins,6 ft 1 in (185 cm)[1],71 in (180 cm)[1],Orthodox,"Middleweight
Light heavyweight",Robert Allen,38,NC,34–2–1 (1),NC,"4 (12), 2:57","Aug 28, 1998","Las Vegas Hilton, Winchester, Nevada, U.S.",IBF middleweight title at stake; Hopkins unable to continue after the referee accidentally pushed him out of the ring,"33 years, 225 days",
Bernard Hopkins,6 ft 1 in (185 cm)[1],71 in (180 cm)[1],Orthodox,"Middleweight
Light heavyweight",Simon Brown,37,Win,34–2–1,TKO,"6 (12), 1:00","Jan 31, 1998","Etess Arena, Atlantic City, New Jersey, U.S.",Retained IBF middleweight title,"33 years, 16 days",
Bernard Hopkins,6 ft 1 in (185 cm)[1],71 in (180 cm)[1],Orthodox,"Middleweight
Light heavyweight",Andrew Council,36,Win,33–2–1,UD,12,"Nov 18, 1997","The Show Place Arena, Upper Marlboro, Maryland, U.S.",Retained IBF middleweight title,"32 years, 307 days",
Bernard Hopkins,6 ft 1 in (185 cm)[1],71 in (180 cm)[1],Orthodox,"Middleweight
Light heavyweight",Glen Johnson,35,Win,32–2–1,TKO,"11 (12), 1:23","Jul 20, 1997","Fantasy Springs Resort Casino, Indio, California, U.S.",Retained IBF middleweight title,"32 years, 186 days",
Bernard Hopkins,6 ft 1 in (185 cm)[1],71 in (180 cm)[1],Orthodox,"Middleweight
Light heavyweight",John David Jackson,34,Win,31–2–1,TKO,"7 (12), 2:22","Apr 19, 1997","Municipal Memorial Auditorium, Shreveport, Louisiana, U.S.",Retained IBF middleweight title,"32 years, 94 days",
Bernard Hopkins,6 ft 1 in (185 cm)[1],71 in (180 cm)[1],Orthodox,"Middleweight
Light heavyweight",William Bo James,33,Win,30–2–1,TKO,"11 (12), 2:02","Jul 16, 1996","Resorts Casino Hotel, Atlantic City, New Jersey, U.S.",Retained IBF middleweight title,"31 years, 183 days",
Bernard Hopkins,6 ft 1 in (185 cm)[1],71 in (180 cm)[1],Orthodox,"Middleweight
Light heavyweight",Joe Lipsey,32,Win,29–2–1,KO,"4 (12), 2:50","Mar 16, 1996","MGM Grand Garden Arena, Paradise, Nevada, U.S.",Retained IBF middleweight title,"31 years, 61 days",
Bernard Hopkins,6 ft 1 in (185 cm)[1],71 in (180 cm)[1],Orthodox,"Middleweight
Light heavyweight",Steve Frank,31,Win,28–2–1,TKO,"1 (12), 0:24","Jan 27, 1996","Veterans Memorial Coliseum, Phoenix, Arizona, U.S.",Retained IBF middleweight title,"31 years, 12 days",
Bernard Hopkins,6 ft 1 in (185 cm)[1],71 in (180 cm)[1],Orthodox,"Middleweight
Light heavyweight",Segundo Mercado,30,Win,27–2–1,TKO,"7 (12), 1:10","Apr 29, 1995","USAir Arena, Landover, Maryland, U.S.",Won vacant IBF middleweight title,"30 years, 104 days",
Bernard Hopkins,6 ft 1 in (185 cm)[1],71 in (180 cm)[1],Orthodox,"Middleweight
Light heavyweight",Segundo Mercado,29,Draw,26–2–1,SD,12,"Dec 17, 1994","Coliseo General Rumiñahui, Quito, Ecuador",For vacant IBF middleweight title,"29 years, 336 days",
Bernard Hopkins,6 ft 1 in (185 cm)[1],71 in (180 cm)[1],Orthodox,"Middleweight
Light heavyweight",Lupe Aquino,28,Win,26–2,UD,12,"May 17, 1994","Resorts Casino Hotel, Atlantic City, New Jersey, U.S.",Retained USBA middleweight title,"29 years, 122 days",
Bernard Hopkins,6 ft 1 in (185 cm)[1],71 in (180 cm)[1],Orthodox,"Middleweight
Light heavyweight",Melvin Wynn,27,Win,25–2,TKO,"3 (10), 0:48","Feb 26, 1994","Sands, Atlantic City, New Jersey, U.S.",,"29 years, 42 days",
Bernard Hopkins,6 ft 1 in (185 cm)[1],71 in (180 cm)[1],Orthodox,"Middleweight
Light heavyweight",Wendall Hall,26,Win,24–2,TKO,"3 (12), 0:28","Nov 23, 1993","The Blue Horizon, Philadelphia, Pennsylvania, U.S.",Retained USBA middleweight title,"28 years, 312 days",
Bernard Hopkins,6 ft 1 in (185 cm)[1],71 in (180 cm)[1],Orthodox,"Middleweight
Light heavyweight",Roy Ritchie,25,Win,23–2,TKO,"7 (12), 1:47","Aug 3, 1993","Riviera, Winchester, Nevada, U.S.",Retained USBA middleweight title,"28 years, 200 days",
Bernard Hopkins,6 ft 1 in (185 cm)[1],71 in (180 cm)[1],Orthodox,"Middleweight
Light heavyweight",Roy Jones Jr.,24,Loss,22–2,UD,12,"May 22, 1993","Robert F. Kennedy Memorial Stadium, Washington, D.C., U.S.",For vacant IBF middleweight title,"28 years, 127 days",
Bernard Hopkins,6 ft 1 in (185 cm)[1],71 in (180 cm)[1],Orthodox,"Middleweight
Light heavyweight",Gilbert Baptist,23,Win,22–1,UD,12,"Feb 16, 1993","McNichols Sports Arena, Denver, Colorado, U.S.",Retained USBA middleweight title,"28 years, 32 days",
Bernard Hopkins,6 ft 1 in (185 cm)[1],71 in (180 cm)[1],Orthodox,"Middleweight
Light heavyweight",Wayne Powell,22,Win,21–1,TKO,"1 (12), 0:21","Dec 4, 1992","Resorts Casino Hotel, Atlantic City, New Jersey, U.S.",Won vacant USBA middleweight title,"27 years, 324 days",
Bernard Hopkins,6 ft 1 in (185 cm)[1],71 in (180 cm)[1],Orthodox,"Middleweight
Light heavyweight",Eric Rhinehart,21,Win,20–1,KO,"1 (10), 1:47","Sep 14, 1992","Eli's Pier 34, Philadelphia, Pennsylvania, U.S.",,"27 years, 243 days",
Bernard Hopkins,6 ft 1 in (185 cm)[1],71 in (180 cm)[1],Orthodox,"Middleweight
Light heavyweight",James Stokes,20,Win,19–1,KO,"1 (10), 1:44","Aug 28, 1992","Trump Plaza Hotel and Casino, Atlantic City, New Jersey, U.S.",,"27 years, 226 days",
Bernard Hopkins,6 ft 1 in (185 cm)[1],71 in (180 cm)[1],Orthodox,"Middleweight
Light heavyweight",Aníbal Miranda,19,Win,18–1,PTS,10,"May 21, 1992","Cirque d'hiver, Paris, France",,"27 years, 127 days",
Bernard Hopkins,6 ft 1 in (185 cm)[1],71 in (180 cm)[1],Orthodox,"Middleweight
Light heavyweight",Randy Smith,18,Win,17–1,UD,10,"Apr 3, 1992","Trump Plaza Hotel and Casino, Atlantic City, New Jersey, U.S.",,"27 years, 79 days",
Bernard Hopkins,6 ft 1 in (185 cm)[1],71 in (180 cm)[1],Orthodox,"Middleweight
Light heavyweight",Dennis Milton,17,Win,16–1,RTD,"4 (10), 3:00","Jan 31, 1992","The Blue Horizon, Philadelphia, Pennsylvania, U.S.",,"27 years, 16 days",
Bernard Hopkins,6 ft 1 in (185 cm)[1],71 in (180 cm)[1],Orthodox,"Middleweight
Light heavyweight",Willie Kemp,16,Win,15–1,UD,10,"Dec 13, 1991","Convention Hall, Atlantic City, New Jersey, U.S.",,"26 years, 332 days",
Bernard Hopkins,6 ft 1 in (185 cm)[1],71 in (180 cm)[1],Orthodox,"Middleweight
Light heavyweight",David McCluskey,15,Win,14–1,TKO,7 (10),"Nov 26, 1991","The Blue Horizon, Philadelphia, Pennsylvania, U.S.",,"26 years, 315 days",
Bernard Hopkins,6 ft 1 in (185 cm)[1],71 in (180 cm)[1],Orthodox,"Middleweight
Light heavyweight",Ralph Moncrief,14,Win,13–1,TKO,"1 (10), 1:28","Sep 23, 1991","The Blue Horizon, Philadelphia, Pennsylvania, U.S.",,"26 years, 251 days",
Bernard Hopkins,6 ft 1 in (185 cm)[1],71 in (180 cm)[1],Orthodox,"Middleweight
Light heavyweight",Danny Mitchell,13,Win,12–1,TKO,"1 (8), 3:00","Jul 9, 1991","The Blue Horizon, Philadelphia, Pennsylvania, U.S.",,"26 years, 175 days",
Bernard Hopkins,6 ft 1 in (185 cm)[1],71 in (180 cm)[1],Orthodox,"Middleweight
Light heavyweight",Pedro Márquez,12,Win,11–1,TKO,1 0:56,"Jun 20, 1991","Aspen Hotel, Parsippany, New Jersey, U.S.",,"26 years, 157 days",
Bernard Hopkins,6 ft 1 in (185 cm)[1],71 in (180 cm)[1],Orthodox,"Middleweight
Light heavyweight",Steve Langley,11,Win,10–1,TKO,"3 (6), 1:10","Mar 18, 1991","The Mirage, Paradise, Nevada, U.S.",,"26 years, 62 days",
Bernard Hopkins,6 ft 1 in (185 cm)[1],71 in (180 cm)[1],Orthodox,"Middleweight
Light heavyweight",Richard Quiles,10,Win,9–1,KO,1 (6),"Feb 26, 1991","National Guard Armory, Philadelphia, Pennsylvania, U.S.",,"26 years, 42 days",
Bernard Hopkins,6 ft 1 in (185 cm)[1],71 in (180 cm)[1],Orthodox,"Middleweight
Light heavyweight",Mike Sapp,9,Win,8–1,TKO,"1 (8), 0:35","Nov 17, 1990","Lee County Civic Center, Fort Myers, Florida, U.S.",,"25 years, 306 days",
Bernard Hopkins,6 ft 1 in (185 cm)[1],71 in (180 cm)[1],Orthodox,"Middleweight
Light heavyweight",Darren Oliver,8,Win,7–1,TKO,1 (?),"Oct 20, 1990","Trump Plaza Hotel and Casino, Atlantic City, New Jersey, U.S.",,"25 years, 269 days",
Bernard Hopkins,6 ft 1 in (185 cm)[1],71 in (180 cm)[1],Orthodox,"Middleweight
Light heavyweight",Percy Harris,7,Win,6–1,UD,6,"Aug 5, 1990","Convention Hall, Atlantic City, New Jersey, U.S.",,"25 years, 202 days",
Bernard Hopkins,6 ft 1 in (185 cm)[1],71 in (180 cm)[1],Orthodox,"Middleweight
Light heavyweight",Khalif Shabazz,6,Win,5–1,KO,"1 (6), 0:36","Jun 30, 1990","Trump's Castle, Atlantic City, New Jersey, U.S.",,"25 years, 166 days",
Bernard Hopkins,6 ft 1 in (185 cm)[1],71 in (180 cm)[1],Orthodox,"Middleweight
Light heavyweight",Jouvin Mercado,5,Win,4–1,TKO,"2 (4), 0:43","May 31, 1990","War Memorial Auditorium, Rochester, New York, U.S.",,"25 years, 136 days",
Bernard Hopkins,6 ft 1 in (185 cm)[1],71 in (180 cm)[1],Orthodox,"Middleweight
Light heavyweight",Eddie Tyler,4,Win,3–1,TKO,1 (6),"May 18, 1990","Sands, Atlantic City, New Jersey, U.S.",,"25 years, 123 days",
Bernard Hopkins,6 ft 1 in (185 cm)[1],71 in (180 cm)[1],Orthodox,"Middleweight
Light heavyweight",Keith Gray,3,Win,2–1,TKO,1 (?),"Apr 26, 1990","The Blue Horizon, Philadelphia, Pennsylvania, U.S.",,"25 years, 101 days",
Bernard Hopkins,6 ft 1 in (185 cm)[1],71 in (180 cm)[1],Orthodox,"Middleweight
Light heavyweight",Greg Paige,2,Win,1–1,UD,4,"Feb 22, 1990","The Blue Horizon, Philadelphia, Pennsylvania, U.S.",,"25 years, 38 days",
Bernard Hopkins,6 ft 1 in (185 cm)[1],71 in (180 cm)[1],Orthodox,"Middleweight
Light heavyweight",Clinton Mitchell,1,Loss,0–1,MD,4,"Oct 11, 1988","Resorts Casino Hotel, Atlantic City, New Jersey, U.S.",,"23 years, 270 days",
Oleksandr Usyk,1.91 m (6 ft 3 in)[1],198 cm (78 in)[1],Southpaw,"Cruiserweight
Heavyweight",Tyson Fury,23,Win,23–0,UD,12,21 Dec 2024,"Kingdom Arena, Riyadh, Saudi Arabia","Retained WBA (Super), WBC, WBO, IBO, and The Ring heavyweight titles",,
Oleksandr Usyk,1.91 m (6 ft 3 in)[1],198 cm (78 in)[1],Southpaw,"Cruiserweight
Heavyweight",Tyson Fury,22,Win,22–0,SD,12,18 May 2024,"Kingdom Arena, Riyadh, Saudi Arabia","Retained WBA (Super), IBF, WBO, IBO, and The Ring heavyweight titles;  Won WBC heavyweight title",,
Oleksandr Usyk,1.91 m (6 ft 3 in)[1],198 cm (78 in)[1],Southpaw,"Cruiserweight
Heavyweight",Daniel Dubois,21,Win,21–0,KO,"9 (12), 1:48",26 Aug 2023,"Stadion Wrocław, Wrocław, Poland","Retained WBA (Super), IBF, WBO, IBO, and The Ring heavyweight titles",,
Oleksandr Usyk,1.91 m (6 ft 3 in)[1],198 cm (78 in)[1],Southpaw,"Cruiserweight
Heavyweight",Anthony Joshua,20,Win,20–0,SD,12,20 Aug 2022,"King Abdullah Sports City, Jeddah, Saudi Arabia","Retained WBA (Super), IBF, WBO, and IBO heavyweight titles; Won vacant The Ring heavyweight title",,
Oleksandr Usyk,1.91 m (6 ft 3 in)[1],198 cm (78 in)[1],Southpaw,"Cruiserweight
Heavyweight",Anthony Joshua,19,Win,19–0,UD,12,25 Sep 2021,"Tottenham Hotspur Stadium, London, England","Won WBA (Super), IBF, WBO, and IBO heavyweight titles",,
Oleksandr Usyk,1.91 m (6 ft 3 in)[1],198 cm (78 in)[1],Southpaw,"Cruiserweight
Heavyweight",Derek Chisora,18,Win,18–0,UD,12,31 Oct 2020,"The SSE Arena, London, England",Won WBO Inter-Continental heavyweight title,,
Oleksandr Usyk,1.91 m (6 ft 3 in)[1],198 cm (78 in)[1],Southpaw,"Cruiserweight
Heavyweight",Chazz Witherspoon,17,Win,17–0,RTD,"7 (12), 3:00",12 Oct 2019,"Wintrust Arena, Chicago, Illinois, US",,,
Oleksandr Usyk,1.91 m (6 ft 3 in)[1],198 cm (78 in)[1],Southpaw,"Cruiserweight
Heavyweight",Tony Bellew,16,Win,16–0,KO,"8 (12), 2:00",10 Nov 2018,"Manchester Arena, Manchester, England","Retained WBA (Super), WBC, IBF, WBO, and The Ring cruiserweight titles",,
Oleksandr Usyk,1.91 m (6 ft 3 in)[1],198 cm (78 in)[1],Southpaw,"Cruiserweight
Heavyweight",Murat Gassiev,15,Win,15–0,UD,12,21 Jul 2018,"Olympic Stadium, Moscow, Russia","Retained WBC and WBO cruiserweight titles; Won WBA (Super), IBF and vacant The Ring cruiserweight titles; World Boxing Super Series: cruiserweight final",,
Oleksandr Usyk,1.91 m (6 ft 3 in)[1],198 cm (78 in)[1],Southpaw,"Cruiserweight
Heavyweight",Mairis Briedis,14,Win,14–0,MD,12,27 Jan 2018,"Arēna Rīga, Riga, Latvia",Retained WBO cruiserweight title; Won WBC cruiserweight title; World Boxing Super Series: cruiserweight semi-final,,
Oleksandr Usyk,1.91 m (6 ft 3 in)[1],198 cm (78 in)[1],Southpaw,"Cruiserweight
Heavyweight",Marco Huck,13,Win,13–0,TKO,"10 (12), 2:12",9 Sep 2017,"Max-Schmeling-Halle, Berlin, Germany",Retained WBO cruiserweight title; World Boxing Super Series: cruiserweight quarter-final,,
Oleksandr Usyk,1.91 m (6 ft 3 in)[1],198 cm (78 in)[1],Southpaw,"Cruiserweight
Heavyweight",Michael Hunter,12,Win,12–0,UD,12,8 Apr 2017,"MGM National Harbor, Oxon Hill, Maryland, US",Retained WBO cruiserweight title,,
Oleksandr Usyk,1.91 m (6 ft 3 in)[1],198 cm (78 in)[1],Southpaw,"Cruiserweight
Heavyweight",Thabiso Mchunu,11,Win,11–0,TKO,"9 (12), 1:53",17 Dec 2016,"The Forum, Inglewood, California, US",Retained WBO cruiserweight title,,
Oleksandr Usyk,1.91 m (6 ft 3 in)[1],198 cm (78 in)[1],Southpaw,"Cruiserweight
Heavyweight",Krzysztof Głowacki,10,Win,10–0,UD,12,17 Sep 2016,"Ergo Arena, Gdańsk, Poland",Won WBO cruiserweight title,,
Oleksandr Usyk,1.91 m (6 ft 3 in)[1],198 cm (78 in)[1],Southpaw,"Cruiserweight
Heavyweight",Pedro Rodriguez,9,Win,9–0,TKO,"7 (12), 1:57",12 Dec 2015,"Palace of Sports, Kyiv, Ukraine",Retained WBO Inter-Continental cruiserweight title,,
Oleksandr Usyk,1.91 m (6 ft 3 in)[1],198 cm (78 in)[1],Southpaw,"Cruiserweight
Heavyweight",Johnny Muller,8,Win,8–0,TKO,"3 (12), 2:59",29 Aug 2015,"Palace of Sports, Kyiv, Ukraine",Retained WBO Inter-Continental cruiserweight title,,
Oleksandr Usyk,1.91 m (6 ft 3 in)[1],198 cm (78 in)[1],Southpaw,"Cruiserweight
Heavyweight",Andrey Knyazev,7,Win,7–0,TKO,"8 (10), 2:24",18 Apr 2015,"Palace of Sports, Kyiv, Ukraine",Retained WBO Inter-Continental cruiserweight title,,
Oleksandr Usyk,1.91 m (6 ft 3 in)[1],198 cm (78 in)[1],Southpaw,"Cruiserweight
Heavyweight",Danie Venter,6,Win,6–0,TKO,"9 (10), 2:29",13 Dec 2014,"Palace of Sports, Kyiv, Ukraine",Retained WBO Inter-Continental cruiserweight title,,
Oleksandr Usyk,1.91 m (6 ft 3 in)[1],198 cm (78 in)[1],Southpaw,"Cruiserweight
Heavyweight",Daniel Bruwer,5,Win,5–0,TKO,"7 (10), 2:55",4 Oct 2014,"Arena Lviv, Lviv, Ukraine",Won vacant WBO interim Inter-Continental cruiserweight title,,
Oleksandr Usyk,1.91 m (6 ft 3 in)[1],198 cm (78 in)[1],Southpaw,"Cruiserweight
Heavyweight",Cesar David Crenz,4,Win,4–0,KO,"4 (8), 2:19",31 May 2014,"Sports Palace, Odesa, Ukraine",,,
Oleksandr Usyk,1.91 m (6 ft 3 in)[1],198 cm (78 in)[1],Southpaw,"Cruiserweight
Heavyweight",Ben Nsafoah,3,Win,3–0,KO,"3 (8), 1:43",26 Apr 2014,"König Pilsener Arena, Oberhausen, Germany",,,
Oleksandr Usyk,1.91 m (6 ft 3 in)[1],198 cm (78 in)[1],Southpaw,"Cruiserweight
Heavyweight",Epifanio Mendoza,2,Win,2–0,TKO,"4 (6), 2:10",7 Dec 2013,"Ice Arena TEC Terminal, Brovary, Ukraine",,,
Oleksandr Usyk,1.91 m (6 ft 3 in)[1],198 cm (78 in)[1],Southpaw,"Cruiserweight
Heavyweight",Felipe Romero,1,Win,1–0,TKO,"5 (6), 1:36",9 Nov 2013,"Palace of Sports, Kyiv, Ukraine",,,
Artur Beterbiev,5 ft 11+1⁄2 in (182 cm)[1],73 in (185 cm)[1],Orthodox,Light-heavyweight,Dmitry Bivol,22,Loss,21–1,MD,12,22 Feb 2025,"The Venue Riyadh Season, Riyadh, Saudi Arabia","Lost WBA (Super), WBC, IBF, WBO, IBO, and The Ring light-heavyweight titles",,
Artur Beterbiev,5 ft 11+1⁄2 in (182 cm)[1],73 in (185 cm)[1],Orthodox,Light-heavyweight,Dmitry Bivol,21,Win,21–0,MD,12,12 Oct 2024,"Kingdom Arena, Riyadh, Saudi Arabia","Retained WBC, IBF, and WBO light-heavyweight titles; Won WBA (Super), IBO, and vacant The Ring light-heavyweight titles",,
Artur Beterbiev,5 ft 11+1⁄2 in (182 cm)[1],73 in (185 cm)[1],Orthodox,Light-heavyweight,Callum Smith,20,Win,20–0,TKO,"7 (12), 2:00",13 Jan 2024,"Videotron Centre, Quebec City, Canada","Retained WBC, IBF, and WBO light-heavyweight titles",,
Artur Beterbiev,5 ft 11+1⁄2 in (182 cm)[1],73 in (185 cm)[1],Orthodox,Light-heavyweight,Anthony Yarde,19,Win,19–0,TKO,"8 (12), 2:01",28 Jan 2023,"OVO Arena Wembley, London, England","Retained WBC, IBF, and WBO light-heavyweight titles",,
Artur Beterbiev,5 ft 11+1⁄2 in (182 cm)[1],73 in (185 cm)[1],Orthodox,Light-heavyweight,Joe Smith Jr.,18,Win,18–0,TKO,"2 (12), 2:19",18 Jun 2022,"Hulu Theater, New York City, New York, U.S.",Retained WBC and IBF light-heavyweight titles; Won WBO light-heavyweight title,,
Artur Beterbiev,5 ft 11+1⁄2 in (182 cm)[1],73 in (185 cm)[1],Orthodox,Light-heavyweight,Marcus Browne,17,Win,17–0,KO,"9 (12), 0:46",17 Dec 2021,"Bell Centre, Montreal, Quebec, Canada",Retained WBC and IBF light-heavyweight titles,,
Artur Beterbiev,5 ft 11+1⁄2 in (182 cm)[1],73 in (185 cm)[1],Orthodox,Light-heavyweight,Adam Deines,16,Win,16–0,TKO,"10 (12), 1:30",20 Mar 2021,"Khodynka Ice Palace, Moscow, Russia",Retained WBC and IBF light-heavyweight titles,,
Artur Beterbiev,5 ft 11+1⁄2 in (182 cm)[1],73 in (185 cm)[1],Orthodox,Light-heavyweight,Oleksandr Gvozdyk,15,Win,15–0,TKO,"10 (12), 2:49",18 Oct 2019,"Liacouras Center, Philadelphia, Pennsylvania, U.S.",Retained IBF light-heavyweight title; Won WBC light-heavyweight title,,
Artur Beterbiev,5 ft 11+1⁄2 in (182 cm)[1],73 in (185 cm)[1],Orthodox,Light-heavyweight,Radivoje Kalajdzic,14,Win,14–0,KO,"5 (12), 0:13",4 May 2019,"Stockton Arena, Stockton, California, U.S.",Retained IBF light-heavyweight title,,
Artur Beterbiev,5 ft 11+1⁄2 in (182 cm)[1],73 in (185 cm)[1],Orthodox,Light-heavyweight,Callum Johnson,13,Win,13–0,KO,"4 (12), 2:36",6 Oct 2018,"Wintrust Arena, Chicago, Illinois, U.S.",Retained IBF light-heavyweight title,,
Artur Beterbiev,5 ft 11+1⁄2 in (182 cm)[1],73 in (185 cm)[1],Orthodox,Light-heavyweight,Enrico Kölling,12,Win,12–0,KO,"12 (12), 2:33",11 Nov 2017,"Save Mart Arena, Fresno, California, U.S.",Won vacant IBF light-heavyweight title,,
Artur Beterbiev,5 ft 11+1⁄2 in (182 cm)[1],73 in (185 cm)[1],Orthodox,Light-heavyweight,Isidro Ranoni Prieto,11,Win,11–0,TKO,"1 (12), 2:44",23 Dec 2016,"Casino du Lac-Leamy, Gatineau, Quebec, Canada",Retained NABA light-heavyweight title,,
Artur Beterbiev,5 ft 11+1⁄2 in (182 cm)[1],73 in (185 cm)[1],Orthodox,Light-heavyweight,Ezequiel Maderna,10,Win,10–0,TKO,"4 (12), 0:54",4 Jun 2016,"Bell Centre, Montreal, Quebec, Canada",Retained NABA light-heavyweight title,,
Artur Beterbiev,5 ft 11+1⁄2 in (182 cm)[1],73 in (185 cm)[1],Orthodox,Light-heavyweight,Alexander Johnson,9,Win,9–0,TKO,"7 (10), 1:38",12 Jun 2015,"UIC Pavilion, Chicago, Illinois, U.S.",Retained NABA light-heavyweight title; Won vacant WBO International light-heavyweight title,,
Artur Beterbiev,5 ft 11+1⁄2 in (182 cm)[1],73 in (185 cm)[1],Orthodox,Light-heavyweight,Gabriel Campillo,8,Win,8–0,KO,"4 (12), 0:37",4 Apr 2015,"Colisée Pepsi, Quebec City, Quebec, Canada",Retained IBF North American light-heavyweight title,,
Artur Beterbiev,5 ft 11+1⁄2 in (182 cm)[1],73 in (185 cm)[1],Orthodox,Light-heavyweight,Jeff Page Jr.,7,Win,7–0,TKO,"2 (10), 2:21",19 Dec 2014,"Colisée Pepsi, Quebec City, Quebec, Canada",Retained NABA light heavyweight title; Won vacant IBF North American and NABO light-heavyweight titles,,
Artur Beterbiev,5 ft 11+1⁄2 in (182 cm)[1],73 in (185 cm)[1],Orthodox,Light-heavyweight,Tavoris Cloud,6,Win,6–0,KO,"2 (12), 0:38",27 Sep 2014,"Bell Centre, Montreal, Quebec, Canada",Won vacant NABA light-heavyweight title,,
Artur Beterbiev,5 ft 11+1⁄2 in (182 cm)[1],73 in (185 cm)[1],Orthodox,Light-heavyweight,Alvaro Enriquez,5,Win,5–0,TKO,"1 (6), 2:38",22 Aug 2014,"Complexe Sportif Sportscene, Montreal, Quebec, Canada",,,
Artur Beterbiev,5 ft 11+1⁄2 in (182 cm)[1],73 in (185 cm)[1],Orthodox,Light-heavyweight,Gabriel Lecrosnier,4,Win,4–0,TKO,"4 (6), 2:44",18 Jan 2014,"Bell Centre, Montreal, Quebec, Canada",,,
Artur Beterbiev,5 ft 11+1⁄2 in (182 cm)[1],73 in (185 cm)[1],Orthodox,Light-heavyweight,Billy Bailey,3,Win,3–0,KO,"1 (6), 2:49",30 Nov 2013,"Colisée Pepsi, Quebec City, Quebec, Canada",,,
Artur Beterbiev,5 ft 11+1⁄2 in (182 cm)[1],73 in (185 cm)[1],Orthodox,Light-heavyweight,Rayco Saunders,2,Win,2–0,RTD,"3 (6), 3:00",28 Sep 2013,"Bell Centre, Montreal, Quebec, Canada",,,
Artur Beterbiev,5 ft 11+1⁄2 in (182 cm)[1],73 in (185 cm)[1],Orthodox,Light-heavyweight,Christian Cruz,1,Win,1–0,TKO,"2 (4), 2:21",8 Jun 2013,"Bell Centre, Montreal, Quebec, Canada",,,
Floyd Mayweather Jr,,,,,Conor McGregor,50,Win,50–0,TKO,"10 (12), 1:05","Aug 26, 2017","T-Mobile Arena, Paradise, Nevada, U.S.",,"40 years, 183 days",
Floyd Mayweather Jr,,,,,Andre Berto,49,Win,49–0,UD,12,"Sep 12, 2015","MGM Grand Garden Arena, Paradise, Nevada, U.S.","Retained WBA (Unified), WBC, and The Ring welterweight titles","38 years, 200 days",
Floyd Mayweather Jr,,,,,Manny Pacquiao,48,Win,48–0,UD,12,"May 2, 2015","MGM Grand Garden Arena, Paradise, Nevada, U.S.","Retained WBA (Unified), WBC, and The Ring welterweight titles; Won WBO welterweight title","38 years, 67 days",
Floyd Mayweather Jr,,,,,Marcos Maidana,47,Win,47–0,UD,12,"Sep 13, 2014","MGM Grand Garden Arena, Paradise, Nevada, U.S.","Retained WBA (Unified), WBC, and The Ring welterweight titles; Retained WBC light middleweight title","37 years, 201 days",
Floyd Mayweather Jr,,,,,Marcos Maidana,46,Win,46–0,MD,12,"May 3, 2014","MGM Grand Garden Arena, Paradise, Nevada, U.S.",Retained WBC and The Ring welterweight titles; Won WBA (Unified) welterweight title,"37 years, 68 days",
Floyd Mayweather Jr,,,,,Canelo Álvarez,45,Win,45–0,MD,12,"Sep 14, 2013","MGM Grand Garden Arena, Paradise, Nevada, U.S.",Retained WBA (Super) light middleweight title; Won WBC and The Ring light middleweight titles,"36 years, 202 days",
Floyd Mayweather Jr,,,,,Robert Guerrero,44,Win,44–0,UD,12,"May 4, 2013","MGM Grand Garden Arena, Paradise, Nevada, U.S.",Retained WBC welterweight title; Won vacant The Ring welterweight title,"36 years, 69 days",
Floyd Mayweather Jr,,,,,Miguel Cotto,43,Win,43–0,UD,12,"May 5, 2012","MGM Grand Garden Arena, Paradise, Nevada, U.S.",Won WBA (Super) light middleweight title,"35 years, 71 days",
Floyd Mayweather Jr,,,,,Victor Ortiz,42,Win,42–0,KO,"4 (12), 2:59","Sep 17, 2011","MGM Grand Garden Arena, Paradise, Nevada, U.S.",Won WBC welterweight title,"34 years, 205 days",
Floyd Mayweather Jr,,,,,Shane Mosley,41,Win,41–0,UD,12,"May 1, 2010","MGM Grand Garden Arena, Paradise, Nevada, U.S.",,"33 years, 66 days",
Floyd Mayweather Jr,,,,,Juan Manuel Márquez,40,Win,40–0,UD,12,"Sep 19, 2009","MGM Grand Garden Arena, Paradise, Nevada, U.S.",,"32 years, 207 days",
Floyd Mayweather Jr,,,,,Ricky Hatton,39,Win,39–0,TKO,"10 (12), 1:35","Dec 8, 2007","MGM Grand Garden Arena, Paradise, Nevada, U.S.",Retained WBC and The Ring welterweight titles,"30 years, 287 days",
Floyd Mayweather Jr,,,,,Oscar De La Hoya,38,Win,38–0,SD,12,"May 5, 2007","MGM Grand Garden Arena, Paradise, Nevada, U.S.",Won WBC light middleweight title,"30 years, 70 days",
Floyd Mayweather Jr,,,,,Carlos Baldomir,37,Win,37–0,UD,12,"Nov 4, 2006","Mandalay Bay Events Center, Paradise, Nevada, U.S.","Retained IBO welterweight title; Won WBC, IBA, and The Ring welterweight titles","29 years, 253 days",
Floyd Mayweather Jr,,,,,Zab Judah,36,Win,36–0,UD,12,"Apr 8, 2006","Thomas & Mack Center, Paradise, Nevada, U.S.",Won IBF and vacant IBO welterweight titles,"29 years, 43 days",
Floyd Mayweather Jr,,,,,Sharmba Mitchell,35,Win,35–0,TKO,"6 (12), 2:06","Nov 19, 2005","Rose Garden, Portland, Oregon, U.S.",,"28 years, 268 days",
Floyd Mayweather Jr,,,,,Arturo Gatti,34,Win,34–0,RTD,"6 (12), 3:00","Jun 25, 2005","Boardwalk Hall, Atlantic City, New Jersey, U.S.",Won WBC super lightweight title,"28 years, 121 days",
Floyd Mayweather Jr,,,,,Henry Bruseles,33,Win,33–0,TKO,"8 (12), 2:55","Jan 22, 2005","American Airlines Arena, Miami, Florida, U.S.",,"27 years, 333 days",
Floyd Mayweather Jr,,,,,DeMarcus Corley,32,Win,32–0,UD,12,"May 22, 2004","Boardwalk Hall, Atlantic City, New Jersey, U.S.",,"27 years, 88 days",
Floyd Mayweather Jr,,,,,Phillip N'dou,31,Win,31–0,TKO,"7 (12), 1:08","Nov 1, 2003","Van Andel Arena, Grand Rapids, Michigan, U.S.",Retained WBC and The Ring lightweight titles,"26 years, 250 days",
Floyd Mayweather Jr,,,,,Victoriano Sosa,30,Win,30–0,UD,12,"Apr 19, 2003","Selland Arena, Fresno, California, U.S.",Retained WBC and The Ring lightweight titles,"26 years, 54 days",
Floyd Mayweather Jr,,,,,José Luis Castillo,29,Win,29–0,UD,12,"Dec 7, 2002","Mandalay Bay Events Center, Paradise, Nevada, U.S.",Retained WBC and The Ring lightweight titles,"25 years, 286 days",
Floyd Mayweather Jr,,,,,José Luis Castillo,28,Win,28–0,UD,12,"Apr 20, 2002","MGM Grand Garden Arena, Paradise, Nevada, U.S.",Won WBC and vacant The Ring lightweight titles,"25 years, 55 days",
Floyd Mayweather Jr,,,,,Jesús Chávez,27,Win,27–0,RTD,"9 (12), 3:00","Nov 10, 2001","Bill Graham Civic Auditorium, San Francisco, California, U.S.",Retained WBC super featherweight title,"24 years, 259 days",
Floyd Mayweather Jr,,,,,Carlos Hernández,26,Win,26–0,UD,12,"May 26, 2001","Van Andel Arena, Grand Rapids, Michigan, U.S.",Retained WBC super featherweight title,"24 years, 91 days",
Floyd Mayweather Jr,,,,,Diego Corrales,25,Win,25–0,TKO,"10 (12), 2:19","Jan 20, 2001","MGM Grand Garden Arena, Paradise, Nevada, U.S.",Retained WBC super featherweight title,"23 years, 331 days",
Floyd Mayweather Jr,,,,,Emanuel Augustus,24,Win,24–0,TKO,"9 (10), 1:06","Oct 21, 2000","Cobo Hall, Detroit, Michigan, U.S.",,"23 years, 240 days",
Floyd Mayweather Jr,,,,,Gregorio Vargas,23,Win,23–0,UD,12,"Mar 18, 2000","MGM Grand Garden Arena, Paradise, Nevada, U.S.",Retained WBC super featherweight title,"23 years, 84 days",
Floyd Mayweather Jr,,,,,Carlos Gerena,22,Win,22–0,RTD,"7 (12), 3:00","Sep 11, 1999","Mandalay Bay Events Center, Paradise, Nevada, U.S.",Retained WBC super featherweight title,"22 years, 199 days",
Floyd Mayweather Jr,,,,,Justin Juuko,21,Win,21–0,KO,"9 (12), 1:20","May 22, 1999","Mandalay Bay Events Center, Paradise, Nevada, U.S.",Retained WBC super featherweight title,"22 years, 87 days",
Floyd Mayweather Jr,,,,,Carlos Rios,20,Win,20–0,UD,12,"Feb 17, 1999","Van Andel Arena, Grand Rapids, Michigan, U.S.",Retained WBC super featherweight title,"21 years, 358 days",
Floyd Mayweather Jr,,,,,Angel Manfredy,19,Win,19–0,TKO,"2 (12), 2:47","Dec 19, 1998","Miccosukee Resort and Gaming, Miami, Florida, U.S.",Retained WBC super featherweight title,"21 years, 298 days",
Floyd Mayweather Jr,,,,,Genaro Hernández,18,Win,18–0,RTD,"8 (12), 3:00","Oct 3, 1998","Las Vegas Hilton, Winchester, Nevada, U.S.",Won WBC super featherweight title,"21 years, 221 days",
Floyd Mayweather Jr,,,,,Tony Pep,17,Win,17–0,UD,10,"Jun 14, 1998","Etess Arena, Atlantic City, New Jersey, U.S.",,"21 years, 110 days",
Floyd Mayweather Jr,,,,,Gustavo Cuello,16,Win,16–0,UD,10,"Apr 18, 1998","Grand Olympic Auditorium, Los Angeles, California, U.S.",,"21 years, 53 days",
Floyd Mayweather Jr,,,,,Miguel Melo,15,Win,15–0,TKO,"3 (10), 2:30","Mar 23, 1998","Foxwoods Resort Casino, Ledyard, Connecticut, U.S.",,"21 years, 27 days",
Floyd Mayweather Jr,,,,,Sam Girard,14,Win,14–0,KO,"2 (10), 2:47","Feb 28, 1998","Bally's, Atlantic City, New Jersey, U.S.",,"21 years, 4 days",
Floyd Mayweather Jr,,,,,Hector Arroyo,13,Win,13–0,TKO,"5 (10), 1:21","Jan 9, 1998","Grand Casino, Biloxi, Mississippi, U.S.",,"20 years, 319 days",
Floyd Mayweather Jr,,,,,Angelo Nuñez,12,Win,12–0,TKO,"3 (8), 2:42","Nov 20, 1997","Grand Olympic Auditorium, Los Angeles, California, U.S.",,"20 years, 269 days",
Floyd Mayweather Jr,,,,,Felipe Garcia,11,Win,11–0,KO,"6 (8), 2:56","Oct 14, 1997","Qwest Arena, Boise, Idaho, U.S.",,"20 years, 232 days",
Floyd Mayweather Jr,,,,,Louie Leija,10,Win,10–0,TKO,"2 (10), 2:33","Sep 6, 1997","County Coliseum, El Paso, Texas, U.S.",,"20 years, 194 days",
Floyd Mayweather Jr,,,,,Jesus Roberto Chavez,9,Win,9–0,TKO,"5 (6), 2:02","Jul 12, 1997","Grand Casino, Biloxi, Mississippi, U.S.",,"20 years, 138 days",
Floyd Mayweather Jr,,,,,Larry O'Shields,8,Win,8–0,UD,6,"Jun 14, 1997","Alamodome, San Antonio, Texas, U.S.",,"20 years, 110 days",
Floyd Mayweather Jr,,,,,Tony Duran,7,Win,7–0,TKO,"1 (6), 1:12","May 9, 1997","The Orleans, Paradise, Nevada, U.S.",,"20 years, 74 days",
Floyd Mayweather Jr,,,,,Bobby Giepert,6,Win,6–0,TKO,"1 (6), 1:30","Apr 12, 1997","Thomas & Mack Center, Paradise, Nevada, U.S.",,"20 years, 47 days",
Floyd Mayweather Jr,,,,,Kino Rodriguez,5,Win,5–0,TKO,"1 (6), 1:44","Mar 12, 1997","DeltaPlex Arena, Walker, Michigan, U.S.",,"20 years, 16 days",
Floyd Mayweather Jr,,,,,Edgar Ayala,4,Win,4–0,TKO,"2 (4), 1:39","Feb 1, 1997","Swiss Park Hall, Chula Vista, California, U.S.",,"19 years, 343 days",
Floyd Mayweather Jr,,,,,Jerry Cooper,3,Win,3–0,TKO,"1 (4), 1:39","Jan 18, 1997","Thomas & Mack Center, Paradise, Nevada, U.S.",,"19 years, 329 days",
Floyd Mayweather Jr,,,,,Reggie Sanders,2,Win,2–0,UD,4,"Nov 30, 1996","Tingley Coliseum, Albuquerque, New Mexico, U.S.",,"19 years, 280 days",
Floyd Mayweather Jr,,,,,Roberto Apodaca,1,Win,1–0,TKO,"2 (4), 0:37","Oct 11, 1996","Texas Station, North Las Vegas, Nevada, U.S.",,"19 years, 230 days",
Joe Frazier,5 ft 11+1⁄4 in (181 cm)[1][2],73+1⁄2 in (187 cm)[1],Orthodox,Heavyweight,Floyd Cummings,37,Draw,32–4–1,MD,,"Dec 3, 1981","International Amphitheatre, Chicago, Illinois, U.S.",,,10
Joe Frazier,5 ft 11+1⁄4 in (181 cm)[1][2],73+1⁄2 in (187 cm)[1],Orthodox,Heavyweight,George Foreman,36,Loss,32–4,TKO,,"Jun 15, 1976","Nassau Veterans Memorial Coliseum, Hempstead, New York, U.S.",For NABF heavyweight title,,"5 (12), 2:26"
Joe Frazier,5 ft 11+1⁄4 in (181 cm)[1][2],73+1⁄2 in (187 cm)[1],Orthodox,Heavyweight,Muhammad Ali,35,Loss,32–3,RTD,,"Oct 1, 1975","Philippine Coliseum, Quezon City, Philippines","For WBA, WBC, and The Ring heavyweight titles",,"14 (15), 3:00"
Joe Frazier,5 ft 11+1⁄4 in (181 cm)[1][2],73+1⁄2 in (187 cm)[1],Orthodox,Heavyweight,Jimmy Ellis,34,Win,32–2,TKO,,"Mar 2, 1975","Junction Oval, Melbourne, Australia",,,"9 (12), 0:59"
Joe Frazier,5 ft 11+1⁄4 in (181 cm)[1][2],73+1⁄2 in (187 cm)[1],Orthodox,Heavyweight,Jerry Quarry,33,Win,31–2,TKO,,"Jun 17, 1974","Madison Square Garden, New York City, New York, U.S.",,,"5 (10), 1:37"
Joe Frazier,5 ft 11+1⁄4 in (181 cm)[1][2],73+1⁄2 in (187 cm)[1],Orthodox,Heavyweight,Muhammad Ali,32,Loss,30–2,UD,,"Jan 28, 1974","Madison Square Garden, New York City, New York, U.S.",For NABF heavyweight title,,12
Joe Frazier,5 ft 11+1⁄4 in (181 cm)[1][2],73+1⁄2 in (187 cm)[1],Orthodox,Heavyweight,Joe Bugner,31,Win,30–1,PTS,,"Jul 2, 1973","Earls Court Exhibition Centre, London, England",,,12
Joe Frazier,5 ft 11+1⁄4 in (181 cm)[1][2],73+1⁄2 in (187 cm)[1],Orthodox,Heavyweight,George Foreman,30,Loss,29–1,TKO,,"Jan 22, 1973","National Stadium, Kingston, Jamaica","Lost WBA, WBC, and The Ring heavyweight titles",,"2 (15), 2:26"
Joe Frazier,5 ft 11+1⁄4 in (181 cm)[1][2],73+1⁄2 in (187 cm)[1],Orthodox,Heavyweight,Ron Stander,29,Win,29–0,RTD,,"May 25, 1972","Civic Auditorium, Omaha, Nebraska, U.S.","Retained WBA, WBC, and The Ring heavyweight titles",,"4 (15), 3:00"
Joe Frazier,5 ft 11+1⁄4 in (181 cm)[1][2],73+1⁄2 in (187 cm)[1],Orthodox,Heavyweight,Terry Daniels,28,Win,28–0,TKO,,"Jan 15, 1972","Rivergate Auditorium, New Orleans, Louisiana, U.S.","Retained WBA, WBC, and The Ring heavyweight titles",,"4 (15), 1:47"
Joe Frazier,5 ft 11+1⁄4 in (181 cm)[1][2],73+1⁄2 in (187 cm)[1],Orthodox,Heavyweight,Muhammad Ali,27,Win,27–0,UD,,"Mar 8, 1971","Madison Square Garden, New York City, New York, U.S.","Retained WBA, WBC, The Ring heavyweight titles",,15
Joe Frazier,5 ft 11+1⁄4 in (181 cm)[1][2],73+1⁄2 in (187 cm)[1],Orthodox,Heavyweight,Bob Foster,26,Win,26–0,KO,,"Nov 18, 1970","Cobo Arena, Detroit, Michigan, U.S.","Retained WBA, WBC, and The Ring heavyweight titles",,"2 (15), 0:49"
Joe Frazier,5 ft 11+1⁄4 in (181 cm)[1][2],73+1⁄2 in (187 cm)[1],Orthodox,Heavyweight,Jimmy Ellis,25,Win,25–0,RTD,,"Feb 16, 1970","Madison Square Garden, New York City, New York, U.S.",Retained NYSAC heavyweight title; Won WBA and vacant WBC heavyweight titles,,4 (15)
Joe Frazier,5 ft 11+1⁄4 in (181 cm)[1][2],73+1⁄2 in (187 cm)[1],Orthodox,Heavyweight,Jerry Quarry,24,Win,24–0,RTD,,"Jun 23, 1969","Madison Square Garden, New York City, New York, U.S.",Retained NYSAC heavyweight title,,"7 (15), 3:00"
Joe Frazier,5 ft 11+1⁄4 in (181 cm)[1][2],73+1⁄2 in (187 cm)[1],Orthodox,Heavyweight,Dave Zyglewicz,23,Win,23–0,KO,,"Apr 22, 1969","Sam Houston Coliseum, Houston, Texas, U.S.",Retained NYSAC heavyweight title,,"1 (15), 1:36"
Joe Frazier,5 ft 11+1⁄4 in (181 cm)[1][2],73+1⁄2 in (187 cm)[1],Orthodox,Heavyweight,Oscar Bonavena,22,Win,22–0,UD,,"Dec 10, 1968","Spectrum, Philadelphia, Pennsylvania, U.S.",Retained NYSAC heavyweight title,,15
Joe Frazier,5 ft 11+1⁄4 in (181 cm)[1][2],73+1⁄2 in (187 cm)[1],Orthodox,Heavyweight,Manuel Ramos,21,Win,21–0,TKO,,"Jun 24, 1968","Madison Square Garden, New York City, New York, U.S.",Retained NYSAC heavyweight title,,"2 (15), 3:00"
Joe Frazier,5 ft 11+1⁄4 in (181 cm)[1][2],73+1⁄2 in (187 cm)[1],Orthodox,Heavyweight,Buster Mathis,20,Win,20–0,TKO,,"Mar 4, 1968","Madison Square Garden, New York City, New York, U.S.",Won vacant NYSAC heavyweight title,,"11 (15), 2:33"
Joe Frazier,5 ft 11+1⁄4 in (181 cm)[1][2],73+1⁄2 in (187 cm)[1],Orthodox,Heavyweight,Marion Connor,19,Win,19–0,TKO,,"Dec 18, 1967","Boston Garden, Boston, Massachusetts, U.S.",,,"3 (10), 1:40"
Joe Frazier,5 ft 11+1⁄4 in (181 cm)[1][2],73+1⁄2 in (187 cm)[1],Orthodox,Heavyweight,Tony Doyle,18,Win,18–0,TKO,,"Oct 17, 1967","Spectrum, Philadelphia, Pennsylvania, U.S.",,,"2 (10), 1:04"
Joe Frazier,5 ft 11+1⁄4 in (181 cm)[1][2],73+1⁄2 in (187 cm)[1],Orthodox,Heavyweight,George Chuvalo,17,Win,17–0,TKO,,"Jul 19, 1967","Madison Square Garden, New York City, New York, U.S.",,,"4 (10), 0:16"
Joe Frazier,5 ft 11+1⁄4 in (181 cm)[1][2],73+1⁄2 in (187 cm)[1],Orthodox,Heavyweight,George Johnson,16,Win,16–0,UD,,"May 4, 1967","Grand Olympic Auditorium, Los Angeles, California, U.S.",,,10
Joe Frazier,5 ft 11+1⁄4 in (181 cm)[1][2],73+1⁄2 in (187 cm)[1],Orthodox,Heavyweight,Jefferson Davis,15,Win,15–0,TKO,,"Apr 11, 1967","Auditorium, Miami Beach, Florida, U.S.",,,"5 (10), 0:48"
Joe Frazier,5 ft 11+1⁄4 in (181 cm)[1][2],73+1⁄2 in (187 cm)[1],Orthodox,Heavyweight,Doug Jones,14,Win,14–0,KO,,"Feb 21, 1967","Convention Hall, Philadelphia, Pennsylvania, U.S.",,,"6 (10), 2:28"
Joe Frazier,5 ft 11+1⁄4 in (181 cm)[1][2],73+1⁄2 in (187 cm)[1],Orthodox,Heavyweight,Eddie Machen,13,Win,13–0,TKO,,"Nov 21, 1966","Grand Olympic Auditorium, Los Angeles, California, U.S.",,,"10 (10), 0:22"
Joe Frazier,5 ft 11+1⁄4 in (181 cm)[1][2],73+1⁄2 in (187 cm)[1],Orthodox,Heavyweight,Oscar Bonavena,12,Win,12–0,SD,,"Sep 21, 1966","Madison Square Garden, New York City, New York, U.S.",,,10
Joe Frazier,5 ft 11+1⁄4 in (181 cm)[1][2],73+1⁄2 in (187 cm)[1],Orthodox,Heavyweight,Billy Daniels,11,Win,11–0,RTD,,"Jul 25, 1966","Convention Hall, Philadelphia, Pennsylvania, U.S.",,,6 (10)
Joe Frazier,5 ft 11+1⁄4 in (181 cm)[1][2],73+1⁄2 in (187 cm)[1],Orthodox,Heavyweight,Al Jones,10,Win,10–0,KO,,"May 26, 1966","Grand Olympic Auditorium, Los Angeles, California, U.S.",,,"1 (10), 2:33"
Joe Frazier,5 ft 11+1⁄4 in (181 cm)[1][2],73+1⁄2 in (187 cm)[1],Orthodox,Heavyweight,Chuck Leslie,9,Win,9–0,KO,,"May 19, 1966","Grand Olympic Auditorium, Los Angeles, California, U.S.",,,"3 (10), 2:47"
Joe Frazier,5 ft 11+1⁄4 in (181 cm)[1][2],73+1⁄2 in (187 cm)[1],Orthodox,Heavyweight,Don Smith,8,Win,8–0,KO,,"Apr 28, 1966","Civic Arena, Pittsburgh, Pennsylvania, U.S.",,,"3 (10), 1:09"
Joe Frazier,5 ft 11+1⁄4 in (181 cm)[1][2],73+1⁄2 in (187 cm)[1],Orthodox,Heavyweight,Charley Polite,7,Win,7–0,TKO,,"Apr 4, 1966","Hotel Philadelphia Auditorium, Philadelphia, Pennsylvania, U.S.",,,"2 (10), 0:55"
Joe Frazier,5 ft 11+1⁄4 in (181 cm)[1][2],73+1⁄2 in (187 cm)[1],Orthodox,Heavyweight,Dick Wipperman,6,Win,6–0,TKO,,"Mar 4, 1966","Madison Square Garden, New York City, New York, U.S.",,,"5 (8), 2:58"
Joe Frazier,5 ft 11+1⁄4 in (181 cm)[1][2],73+1⁄2 in (187 cm)[1],Orthodox,Heavyweight,Mel Turnbow,5,Win,5–0,KO,,"Jan 17, 1966","Convention Hall, Philadelphia, Pennsylvania, U.S.",,,"1 (8), 1:41"
Joe Frazier,5 ft 11+1⁄4 in (181 cm)[1][2],73+1⁄2 in (187 cm)[1],Orthodox,Heavyweight,Abe Davis,4,Win,4–0,KO,,"Nov 11, 1965","Philadelphia Auditorium, Philadelphia, Pennsylvania, U.S.",,,"1 (8), 2:38"
Joe Frazier,5 ft 11+1⁄4 in (181 cm)[1][2],73+1⁄2 in (187 cm)[1],Orthodox,Heavyweight,Ray Staples,3,Win,3–0,TKO,,"Sep 28, 1965","Convention Hall, Philadelphia, Pennsylvania, U.S.",,,"2 (6), 2:06"
Joe Frazier,5 ft 11+1⁄4 in (181 cm)[1][2],73+1⁄2 in (187 cm)[1],Orthodox,Heavyweight,Mike Bruce,2,Win,2–0,TKO,,"Sep 20, 1965","Convention Hall, Philadelphia, Pennsylvania, U.S.",,,"3 (6), 1:39"
Joe Frazier,5 ft 11+1⁄4 in (181 cm)[1][2],73+1⁄2 in (187 cm)[1],Orthodox,Heavyweight,Woody Goss,1,Win,1–0,TKO,,"Aug 16, 1965","Convention Hall, Philadelphia, Pennsylvania, U.S.",,,"1 (6), 1:42"
Ricky Hatton,5 ft 6 in (168 cm)[1],65 in (165 cm)[1],Orthodox,"Light-welterweight
Welterweight",Vyacheslav Senchenko,48,Loss,45–3,KO,"9 (10), 2:52",24 Nov 2012,"Manchester Arena, Manchester, England",,,
Ricky Hatton,5 ft 6 in (168 cm)[1],65 in (165 cm)[1],Orthodox,"Light-welterweight
Welterweight",Manny Pacquiao,47,Loss,45–2,KO,"2 (12), 2:59",2 May 2009,"MGM Grand Garden Arena, Paradise, Nevada, US",Lost IBO and The Ring light-welterweight titles,,
Ricky Hatton,5 ft 6 in (168 cm)[1],65 in (165 cm)[1],Orthodox,"Light-welterweight
Welterweight",Paulie Malignaggi,46,Win,45–1,TKO,"11 (12), 0:48",22 Nov 2008,"MGM Grand Garden Arena, Paradise, Nevada, US",Retained IBO and The Ring light-welterweight titles,,
Ricky Hatton,5 ft 6 in (168 cm)[1],65 in (165 cm)[1],Orthodox,"Light-welterweight
Welterweight",Juan Lazcano,45,Win,44–1,UD,12,24 May 2008,"City Stadium, Manchester, England",Retained IBO and The Ring light-welterweight titles,,
Ricky Hatton,5 ft 6 in (168 cm)[1],65 in (165 cm)[1],Orthodox,"Light-welterweight
Welterweight",Floyd Mayweather Jr.,44,Loss,43–1,TKO,"10 (12), 1:35",8 Dec 2007,"MGM Grand Garden Arena, Paradise, Nevada, US",For WBC and The Ring welterweight titles,,
Ricky Hatton,5 ft 6 in (168 cm)[1],65 in (165 cm)[1],Orthodox,"Light-welterweight
Welterweight",José Luis Castillo,43,Win,43–0,KO,"4 (12), 2:16",23 Jun 2007,"Thomas & Mack Center, Paradise, Nevada, US",Retained IBO and The Ring light-welterweight titles; Won vacant WBC International light-welterweight title,,
Ricky Hatton,5 ft 6 in (168 cm)[1],65 in (165 cm)[1],Orthodox,"Light-welterweight
Welterweight",Juan Urango,42,Win,42–0,UD,12,20 Jan 2007,"Paris, Paradise, Nevada, US",Retained The Ring light-welterweight title; Won IBF and vacant IBO light-welterweight titles,,
Ricky Hatton,5 ft 6 in (168 cm)[1],65 in (165 cm)[1],Orthodox,"Light-welterweight
Welterweight",Luis Collazo,41,Win,41–0,UD,12,13 May 2006,"TD Garden, Boston, Massachusetts, US",Won WBA welterweight title,,
Ricky Hatton,5 ft 6 in (168 cm)[1],65 in (165 cm)[1],Orthodox,"Light-welterweight
Welterweight",Carlos Maussa,40,Win,40–0,KO,"9 (12), 1:10",26 Nov 2005,"Hallam FM Arena, Sheffield, England",Retained IBF and The Ring light-welterweight titles; Won WBA (Unified) light-welterweight title,,
Ricky Hatton,5 ft 6 in (168 cm)[1],65 in (165 cm)[1],Orthodox,"Light-welterweight
Welterweight",Kostya Tszyu,39,Win,39–0,RTD,"11 (12), 3:00",4 Jun 2005,"MEN Arena, Manchester, England",Won IBF and The Ring light-welterweight titles,,
Ricky Hatton,5 ft 6 in (168 cm)[1],65 in (165 cm)[1],Orthodox,"Light-welterweight
Welterweight",Ray Oliveira,38,Win,38–0,KO,"10 (12), 1:38",11 Dec 2004,"ExCeL, London, England",Retained WBU light-welterweight title,,
Ricky Hatton,5 ft 6 in (168 cm)[1],65 in (165 cm)[1],Orthodox,"Light-welterweight
Welterweight",Michael Stewart,37,Win,37–0,TKO,"5 (12), 2:57",1 Oct 2004,"MEN Arena, Manchester, England",Retained WBU light-welterweight title,,
Ricky Hatton,5 ft 6 in (168 cm)[1],65 in (165 cm)[1],Orthodox,"Light-welterweight
Welterweight",Carlos Wilfredo Vilches,36,Win,36–0,UD,12,12 Jun 2004,"MEN Arena, Manchester, England",Retained WBU light-welterweight title,,
Ricky Hatton,5 ft 6 in (168 cm)[1],65 in (165 cm)[1],Orthodox,"Light-welterweight
Welterweight",Dennis Holbæk Pedersen,35,Win,35–0,TKO,"6 (12), 2:32",3 Apr 2004,"MEN Arena, Manchester, England",Retained WBU light-welterweight title,,
Ricky Hatton,5 ft 6 in (168 cm)[1],65 in (165 cm)[1],Orthodox,"Light-welterweight
Welterweight",Ben Tackie,34,Win,34–0,UD,12,13 Dec 2003,"MEN Arena, Manchester, England",Retained WBU light-welterweight title,,
Ricky Hatton,5 ft 6 in (168 cm)[1],65 in (165 cm)[1],Orthodox,"Light-welterweight
Welterweight",Aldo Nazareno Rios,33,Win,33–0,RTD,"9 (12), 3:00",27 Sep 2003,"MEN Arena, Manchester, England",Retained WBU light-welterweight title,,
Ricky Hatton,5 ft 6 in (168 cm)[1],65 in (165 cm)[1],Orthodox,"Light-welterweight
Welterweight",Vince Phillips,32,Win,32–0,UD,12,5 Apr 2003,"MEN Arena, Manchester, England",Retained WBU light-welterweight title,,
Ricky Hatton,5 ft 6 in (168 cm)[1],65 in (165 cm)[1],Orthodox,"Light-welterweight
Welterweight",Joe Hutchinson,31,Win,31–0,KO,"4 (12), 1:16",14 Dec 2002,"Telewest Arena, Newcastle, England",Retained WBU light-welterweight title,,
Ricky Hatton,5 ft 6 in (168 cm)[1],65 in (165 cm)[1],Orthodox,"Light-welterweight
Welterweight",Stephen Smith,30,Win,30–0,DQ,"2 (12), 0:28",28 Sep 2002,"MEN Arena, Manchester, England",Retained WBU light-welterweight title; Smith disqualified after his cornermen entered the ring,,
Ricky Hatton,5 ft 6 in (168 cm)[1],65 in (165 cm)[1],Orthodox,"Light-welterweight
Welterweight",Eamonn Magee,29,Win,29–0,UD,12,1 Jun 2002,"MEN Arena, Manchester, England",Retained WBU light-welterweight title,,
Ricky Hatton,5 ft 6 in (168 cm)[1],65 in (165 cm)[1],Orthodox,"Light-welterweight
Welterweight",Mikhail Krivolapov,28,Win,28–0,TKO,"9 (12), 2:31",9 Feb 2002,"MEN Arena, Manchester, England",Retained WBU light-welterweight title,,
Ricky Hatton,5 ft 6 in (168 cm)[1],65 in (165 cm)[1],Orthodox,"Light-welterweight
Welterweight",Justin Rowsell,27,Win,27–0,TKO,"2 (12), 0:36",15 Dec 2001,"Wembley Conference Centre, London, England",Retained WBU light-welterweight title,,
Ricky Hatton,5 ft 6 in (168 cm)[1],65 in (165 cm)[1],Orthodox,"Light-welterweight
Welterweight",Freddie Pendleton,26,Win,26–0,KO,"2 (12), 2:40",27 Oct 2001,"MEN Arena, Manchester, England",Retained WBU light-welterweight title,,
Ricky Hatton,5 ft 6 in (168 cm)[1],65 in (165 cm)[1],Orthodox,"Light-welterweight
Welterweight",John Bailey,25,Win,25–0,TKO,"5 (12), 0:36",15 Sep 2001,"MEN Arena, Manchester, England",Retained WBU light-welterweight title,,
Ricky Hatton,5 ft 6 in (168 cm)[1],65 in (165 cm)[1],Orthodox,"Light-welterweight
Welterweight",Jason Rowland,24,Win,24–0,KO,"4 (12), 2:08",7 Jul 2001,"Manchester Velodrome, Manchester, England",Retained WBU light-welterweight title,,
Ricky Hatton,5 ft 6 in (168 cm)[1],65 in (165 cm)[1],Orthodox,"Light-welterweight
Welterweight",Tony Pep,23,Win,23–0,TKO,"4 (12), 2:30",26 Mar 2001,"Wembley Conference Centre, London, England",Won vacant WBU light-welterweight title,,
Ricky Hatton,5 ft 6 in (168 cm)[1],65 in (165 cm)[1],Orthodox,"Light-welterweight
Welterweight",Jon Thaxton,22,Win,22–0,PTS,12,21 Oct 2000,"Wembley Conference Centre, London, England",Won vacant British light-welterweight title,,
Ricky Hatton,5 ft 6 in (168 cm)[1],65 in (165 cm)[1],Orthodox,"Light-welterweight
Welterweight",Giuseppe Lauri,21,Win,21–0,TKO,"5 (12), 1:57",23 Sep 2000,"York Hall, London, England",Retained WBO Inter-Continental light-welterweight title; Won WBA Inter-Continental light-welterweight title,,
Ricky Hatton,5 ft 6 in (168 cm)[1],65 in (165 cm)[1],Orthodox,"Light-welterweight
Welterweight",Gilbert Quiros,20,Win,20–0,KO,"2 (12), 1:48",10 Jun 2000,"Fox Theatre, Detroit, Michigan, US",Retained WBO Inter-Continental light-welterweight title,,
Ricky Hatton,5 ft 6 in (168 cm)[1],65 in (165 cm)[1],Orthodox,"Light-welterweight
Welterweight",Ambioris Figuero,19,Win,19–0,TKO,"4 (12), 0:49",16 May 2000,"Spectrum Arena, Warrington, England",Retained WBO Inter-Continental light-welterweight title,,
Ricky Hatton,5 ft 6 in (168 cm)[1],65 in (165 cm)[1],Orthodox,"Light-welterweight
Welterweight",Pedro Alonso Teran,18,Win,18–0,TKO,"4 (12), 2:55",25 Mar 2000,"Liverpool Olympia, Liverpool, England",Retained WBO Inter-Continental light-welterweight title,,
Ricky Hatton,5 ft 6 in (168 cm)[1],65 in (165 cm)[1],Orthodox,"Light-welterweight
Welterweight",Leoncio Garces,17,Win,17–0,TKO,"3 (8), 1:37",29 Jan 2000,"MEN Arena, Manchester, England",,,
Ricky Hatton,5 ft 6 in (168 cm)[1],65 in (165 cm)[1],Orthodox,"Light-welterweight
Welterweight",Mark Winters,16,Win,16–0,TKO,"4 (12), 0:51",11 Dec 1999,"Everton Park Sports Centre, Liverpool, England",Retained WBO Inter-Continental light-welterweight title,,
Ricky Hatton,5 ft 6 in (168 cm)[1],65 in (165 cm)[1],Orthodox,"Light-welterweight
Welterweight",Bernard Paul,15,Win,15–0,RTD,"4 (12), 3:00",9 Oct 1999,"Bowlers Exhibition Centre, Manchester, England",Retained WBO Inter-Continental light-welterweight title,,
Ricky Hatton,5 ft 6 in (168 cm)[1],65 in (165 cm)[1],Orthodox,"Light-welterweight
Welterweight",Mark Ramsey,14,Win,14–0,PTS,6,17 Jul 1999,"The Dome Leisure Centre, Doncaster, England",,,
Ricky Hatton,5 ft 6 in (168 cm)[1],65 in (165 cm)[1],Orthodox,"Light-welterweight
Welterweight",Dillon Carew,13,Win,13–0,TKO,"5 (12), 2:00",29 May 1999,"North Bridge Leisure Centre, Halifax, England",Won vacant WBO Inter-Continental light-welterweight title,,
Ricky Hatton,5 ft 6 in (168 cm)[1],65 in (165 cm)[1],Orthodox,"Light-welterweight
Welterweight",Brian Coleman,12,Win,12–0,KO,"2 (10), 1:18",3 Apr 1999,"Royal Albert Hall, London, England",,,
Ricky Hatton,5 ft 6 in (168 cm)[1],65 in (165 cm)[1],Orthodox,"Light-welterweight
Welterweight",Tommy Peacock,11,Win,11–0,TKO,"2 (10), 2:21",27 Feb 1999,"Sports Centre, Oldham, England",Won vacant Central Area light-welterweight title,,
Ricky Hatton,5 ft 6 in (168 cm)[1],65 in (165 cm)[1],Orthodox,"Light-welterweight
Welterweight",Paul Denton,10,Win,10–0,TKO,"6 (8), 0:19",19 Dec 1998,"Everton Park Sports Centre, Liverpool, England",,,
Ricky Hatton,5 ft 6 in (168 cm)[1],65 in (165 cm)[1],Orthodox,"Light-welterweight
Welterweight",Kevin Carter,9,Win,9–0,TKO,1 (6),31 Oct 1998,"Bally's Park Place, Atlantic City, New Jersey, US",,,
Ricky Hatton,5 ft 6 in (168 cm)[1],65 in (165 cm)[1],Orthodox,"Light-welterweight
Welterweight",Pascal Montulet,8,Win,8–0,KO,2 (6),19 Sep 1998,"Arena Oberhausen, Oberhausen, Germany",,,
Ricky Hatton,5 ft 6 in (168 cm)[1],65 in (165 cm)[1],Orthodox,"Light-welterweight
Welterweight",Anthony Campbell,7,Win,7–0,PTS,6,18 Jul 1998,"Ponds Forge, Sheffield, England",,,
Ricky Hatton,5 ft 6 in (168 cm)[1],65 in (165 cm)[1],Orthodox,"Light-welterweight
Welterweight",Mark Ramsey,6,Win,6–0,PTS,6,30 May 1998,"Whitchurch Leisure Centre, Bristol, England",,,
Ricky Hatton,5 ft 6 in (168 cm)[1],65 in (165 cm)[1],Orthodox,"Light-welterweight
Welterweight",Karl Taylor,5,Win,5–0,TKO,"1 (6), 1:45",18 Apr 1998,"MEN Arena, Manchester, England",,,
Ricky Hatton,5 ft 6 in (168 cm)[1],65 in (165 cm)[1],Orthodox,"Light-welterweight
Welterweight",Paul Salmon,4,Win,4–0,TKO,"1 (4), 1:47",27 Mar 1998,"Ice Rink, Telford, England",,,
Ricky Hatton,5 ft 6 in (168 cm)[1],65 in (165 cm)[1],Orthodox,"Light-welterweight
Welterweight",David Thompson,3,Win,3–0,TKO,"1 (4), 1:25",17 Jan 1998,"Whitchurch Leisure Centre, Bristol, England",,,
Ricky Hatton,5 ft 6 in (168 cm)[1],65 in (165 cm)[1],Orthodox,"Light-welterweight
Welterweight",Robbie Alvarez,2,Win,2–0,UD,4,19 Dec 1997,"Madison Square Garden, New York City, New York, US",,,
Ricky Hatton,5 ft 6 in (168 cm)[1],65 in (165 cm)[1],Orthodox,"Light-welterweight
Welterweight",Colin McAuley,1,Win,1–0,RTD,"1 (4), 3:00",11 Sep 1997,"Kingsway Leisure Centre, Widnes, England",,,
Gennady Golovkin,5 ft 10+1⁄2 in (179 cm)[1],70 in (178 cm)[1],Orthodox,"Middleweight
Super middleweight",Canelo Álvarez,45,Loss,42–2–1,UD,12,17 Sep 2022,"T-Mobile Arena, Paradise, Nevada, US","For WBA (Super), WBC, IBF, WBO, and The Ring super middleweight titles",,
Gennady Golovkin,5 ft 10+1⁄2 in (179 cm)[1],70 in (178 cm)[1],Orthodox,"Middleweight
Super middleweight",Ryōta Murata,44,Win,42–1–1,TKO,"9 (12), 2:11",9 Apr 2022,"Super Arena, Saitama, Japan",Retained IBF and IBO middleweight titles; Won WBA (Super) middleweight title,,
Gennady Golovkin,5 ft 10+1⁄2 in (179 cm)[1],70 in (178 cm)[1],Orthodox,"Middleweight
Super middleweight",Kamil Szeremeta,43,Win,41–1–1,RTD,"7 (12), 3:00",18 Dec 2020,"Seminole Hard Rock Hotel & Casino, Hollywood, Florida, US",Retained IBF and IBO middleweight titles,,
Gennady Golovkin,5 ft 10+1⁄2 in (179 cm)[1],70 in (178 cm)[1],Orthodox,"Middleweight
Super middleweight",Sergiy Derevyanchenko,42,Win,40–1–1,UD,12,5 Oct 2019,"Madison Square Garden, New York City, New York, US",Won vacant IBF and IBO middleweight titles,,
Gennady Golovkin,5 ft 10+1⁄2 in (179 cm)[1],70 in (178 cm)[1],Orthodox,"Middleweight
Super middleweight",Steve Rolls,41,Win,39–1–1,KO,"4 (12), 2:09",8 Jun 2019,"Madison Square Garden, New York City, New York, US",,,
Gennady Golovkin,5 ft 10+1⁄2 in (179 cm)[1],70 in (178 cm)[1],Orthodox,"Middleweight
Super middleweight",Canelo Álvarez,40,Loss,38–1–1,MD,12,15 Sep 2018,"T-Mobile Arena, Paradise, Nevada, US","Lost WBA (Super), WBC, and IBO middleweight titles; For vacant The Ring middleweight title",,
Gennady Golovkin,5 ft 10+1⁄2 in (179 cm)[1],70 in (178 cm)[1],Orthodox,"Middleweight
Super middleweight",Vanes Martirosyan,39,Win,38–0–1,KO,"2 (12), 1:53",5 May 2018,"StubHub Center, Carson, California, US","Retained WBA (Super), WBC, and IBO middleweight titles",,
Gennady Golovkin,5 ft 10+1⁄2 in (179 cm)[1],70 in (178 cm)[1],Orthodox,"Middleweight
Super middleweight",Canelo Álvarez,38,Draw,37–0–1,SD,12,16 Sep 2017,"T-Mobile Arena, Paradise, Nevada, US","Retained WBA (Super), WBC, IBF, and IBO middleweight titles; For The Ring middleweight title",,
Gennady Golovkin,5 ft 10+1⁄2 in (179 cm)[1],70 in (178 cm)[1],Orthodox,"Middleweight
Super middleweight",Daniel Jacobs,37,Win,37–0,UD,12,18 Mar 2017,"Madison Square Garden, New York City, New York, US","Retained WBA (Super), WBC, IBF, and IBO middleweight titles; IBF middleweight title at stake only for Golovkin after Jacobs missed same-day weight",,
Gennady Golovkin,5 ft 10+1⁄2 in (179 cm)[1],70 in (178 cm)[1],Orthodox,"Middleweight
Super middleweight",Kell Brook,36,Win,36–0,TKO,"5 (12), 1:52",10 Sep 2016,"The O2 Arena, London, England","Retained WBC, IBF, and IBO middleweight titles",,
Gennady Golovkin,5 ft 10+1⁄2 in (179 cm)[1],70 in (178 cm)[1],Orthodox,"Middleweight
Super middleweight",Dominic Wade,35,Win,35–0,KO,"2 (12), 2:37",23 Apr 2016,"The Forum, Inglewood, California, US","Retained WBA (Super), IBF, IBO, and WBC interim middleweight titles",,
Gennady Golovkin,5 ft 10+1⁄2 in (179 cm)[1],70 in (178 cm)[1],Orthodox,"Middleweight
Super middleweight",David Lemieux,34,Win,34–0,TKO,"8 (12), 1:32",17 Oct 2015,"Madison Square Garden, New York City, New York, US","Retained WBA (Super), IBO, and WBC interim middleweight titles; Won IBF middleweight title",,
Gennady Golovkin,5 ft 10+1⁄2 in (179 cm)[1],70 in (178 cm)[1],Orthodox,"Middleweight
Super middleweight",Willie Monroe Jr.,33,Win,33–0,TKO,"6 (12), 0:45",16 May 2015,"The Forum, Inglewood, California, US","Retained WBA (Super), IBO, and WBC interim middleweight titles",,
Gennady Golovkin,5 ft 10+1⁄2 in (179 cm)[1],70 in (178 cm)[1],Orthodox,"Middleweight
Super middleweight",Martin Murray,32,Win,32–0,TKO,"11 (12), 0:50",21 Feb 2015,"Salle des Etoiles, Monte Carlo, Monaco","Retained WBA (Super), IBO, and WBC interim middleweight titles",,
Gennady Golovkin,5 ft 10+1⁄2 in (179 cm)[1],70 in (178 cm)[1],Orthodox,"Middleweight
Super middleweight",Marco Antonio Rubio,31,Win,31–0,KO,"2 (12), 1:19",18 Oct 2014,"StubHub Center, Carson, California, US",Retained WBA (Super) and IBO middleweight titles; Won WBC interim middleweight title,,
Gennady Golovkin,5 ft 10+1⁄2 in (179 cm)[1],70 in (178 cm)[1],Orthodox,"Middleweight
Super middleweight",Daniel Geale,30,Win,30–0,TKO,"3 (12), 2:47",26 Jul 2014,"Madison Square Garden, New York City, New York, US",Retained WBA (Super) and IBO middleweight titles,,
Gennady Golovkin,5 ft 10+1⁄2 in (179 cm)[1],70 in (178 cm)[1],Orthodox,"Middleweight
Super middleweight",Osumanu Adama,29,Win,29–0,TKO,"7 (12), 1:20",1 Feb 2014,"Salle des Etoiles, Monte Carlo, Monaco",Retained WBA and IBO middleweight titles,,
Gennady Golovkin,5 ft 10+1⁄2 in (179 cm)[1],70 in (178 cm)[1],Orthodox,"Middleweight
Super middleweight",Curtis Stevens,28,Win,28–0,RTD,"8 (12), 3:00",2 Nov 2013,"The Theater at Madison Square Garden, New York City, New York, US",Retained WBA and IBO middleweight titles,,
Gennady Golovkin,5 ft 10+1⁄2 in (179 cm)[1],70 in (178 cm)[1],Orthodox,"Middleweight
Super middleweight",Matthew Macklin,27,Win,27–0,KO,"3 (12), 1:22",29 Jun 2013,"Foxwoods Resort Casino, Ledyard, Connecticut, US",Retained WBA and IBO middleweight titles,,
Gennady Golovkin,5 ft 10+1⁄2 in (179 cm)[1],70 in (178 cm)[1],Orthodox,"Middleweight
Super middleweight",Nobuhiro Ishida,26,Win,26–0,KO,"3 (12), 2:11",30 Mar 2013,"Salle des Etoiles, Monte Carlo, Monaco",Retained WBA and IBO middleweight titles,,
Gennady Golovkin,5 ft 10+1⁄2 in (179 cm)[1],70 in (178 cm)[1],Orthodox,"Middleweight
Super middleweight",Gabriel Rosado,25,Win,25–0,TKO,"7 (12), 2:46",19 Jan 2013,"The Theater at Madison Square Garden, New York City, New York, US",Retained WBA and IBO middleweight titles,,
Gennady Golovkin,5 ft 10+1⁄2 in (179 cm)[1],70 in (178 cm)[1],Orthodox,"Middleweight
Super middleweight",Grzegorz Proksa,24,Win,24–0,TKO,"5 (12), 1:11",1 Sep 2012,"Turning Stone Resort Casino, Verona, New York, US",Retained WBA (Regular) and IBO middleweight titles,,
Gennady Golovkin,5 ft 10+1⁄2 in (179 cm)[1],70 in (178 cm)[1],Orthodox,"Middleweight
Super middleweight",Makoto Fuchigami,23,Win,23–0,TKO,"3 (12), 1:17",12 May 2012,"Ice Palace ""Terminal"", Kyiv, Ukraine",Retained WBA (Regular) and IBO middleweight titles,,
Gennady Golovkin,5 ft 10+1⁄2 in (179 cm)[1],70 in (178 cm)[1],Orthodox,"Middleweight
Super middleweight",Lajuan Simon,22,Win,22–0,KO,"1 (12), 2:17",9 Dec 2011,"Ballsaal Interconti-Hotel, Düsseldorf, Germany",Retained WBA (Regular) middleweight title; Won vacant IBO middleweight title,,
Gennady Golovkin,5 ft 10+1⁄2 in (179 cm)[1],70 in (178 cm)[1],Orthodox,"Middleweight
Super middleweight",Kassim Ouma,21,Win,21–0,TKO,"10 (12), 1:57",17 Jun 2011,"Roberto Durán Arena, Panama City, Panama",Retained WBA (Regular) middleweight title,,
Gennady Golovkin,5 ft 10+1⁄2 in (179 cm)[1],70 in (178 cm)[1],Orthodox,"Middleweight
Super middleweight",Nilson Julio Tapia,20,Win,20–0,KO,"3 (12), 2:44",16 Dec 2010,"Daulet National Tennis Centre, Astana, Kazakhstan",Retained WBA (Regular) middleweight title,,
Gennady Golovkin,5 ft 10+1⁄2 in (179 cm)[1],70 in (178 cm)[1],Orthodox,"Middleweight
Super middleweight",Milton Núñez,19,Win,19–0,KO,"1 (12), 0:58",14 Aug 2010,"Roberto Durán Arena, Panama City, Panama",Won WBA interim middleweight title,,
Gennady Golovkin,5 ft 10+1⁄2 in (179 cm)[1],70 in (178 cm)[1],Orthodox,"Middleweight
Super middleweight",Mikhail Makarov,18,Win,18–0,KO,"2 (10), 1:24",21 Nov 2009,"Sparkassen-Arena, Kiel, Germany",,,
Gennady Golovkin,5 ft 10+1⁄2 in (179 cm)[1],70 in (178 cm)[1],Orthodox,"Middleweight
Super middleweight",John Anderson Carvalho,17,Win,17–0,KO,"2 (12), 2:20",11 Jul 2009,"Nürburgring, Nürburg, Germany",Won vacant WBO Inter-Continental middleweight title,,
Gennady Golovkin,5 ft 10+1⁄2 in (179 cm)[1],70 in (178 cm)[1],Orthodox,"Middleweight
Super middleweight",Anthony Greenidge,16,Win,16–0,KO,"5 (10), 0:59",25 Apr 2009,"König Palast, Krefeld, Germany",,,
Gennady Golovkin,5 ft 10+1⁄2 in (179 cm)[1],70 in (178 cm)[1],Orthodox,"Middleweight
Super middleweight",Javier Alberto Mamani,15,Win,15–0,TKO,"1 (10), 2:52",17 Jan 2009,"Burg-Wächter Castello, Düsseldorf, Germany",,,
Gennady Golovkin,5 ft 10+1⁄2 in (179 cm)[1],70 in (178 cm)[1],Orthodox,"Middleweight
Super middleweight",Malik Dziarra,14,Win,14–0,RTD,"2 (10), 3:00",22 Nov 2008,"Stadthalle, Rostock, Germany",,,
Gennady Golovkin,5 ft 10+1⁄2 in (179 cm)[1],70 in (178 cm)[1],Orthodox,"Middleweight
Super middleweight",Amar Amari,13,Win,13–0,UD,8,21 Jun 2008,"Brøndby Hall, Copenhagen, Denmark",,,
Gennady Golovkin,5 ft 10+1⁄2 in (179 cm)[1],70 in (178 cm)[1],Orthodox,"Middleweight
Super middleweight",Ibrahim Sid,12,Win,12–0,TKO,"8 (8), 0:26",10 May 2008,"Brandberge Arena, Halle, Germany",,,
Gennady Golovkin,5 ft 10+1⁄2 in (179 cm)[1],70 in (178 cm)[1],Orthodox,"Middleweight
Super middleweight",Ian Gardner,11,Win,11–0,UD,8,5 Apr 2008,"Burg-Wächter Castello, Düsseldorf, Germany",,,
Gennady Golovkin,5 ft 10+1⁄2 in (179 cm)[1],70 in (178 cm)[1],Orthodox,"Middleweight
Super middleweight",Tshepo Mashego,10,Win,10–0,KO,"1 (8), 2:04",29 Feb 2008,"Alsterdorfer Sporthalle, Hamburg, Germany",,,
Gennady Golovkin,5 ft 10+1⁄2 in (179 cm)[1],70 in (178 cm)[1],Orthodox,"Middleweight
Super middleweight",Mehdi Bouadla,9,Win,9–0,UD,8,7 Sep 2007,"Burg-Wächter Castello, Düsseldorf, Germany",,,
Gennady Golovkin,5 ft 10+1⁄2 in (179 cm)[1],70 in (178 cm)[1],Orthodox,"Middleweight
Super middleweight",Sergey Khomitsky,8,Win,8–0,TKO,"5 (8), 1:59",25 May 2007,"Fight Night Arena, Cologne, Germany",,,
Gennady Golovkin,5 ft 10+1⁄2 in (179 cm)[1],70 in (178 cm)[1],Orthodox,"Middleweight
Super middleweight",Simon Mokoena,7,Win,7–0,RTD,"5 (8), 3:00",27 Feb 2007,"Kugelbake-Halle, Cuxhaven, Germany",,,
Gennady Golovkin,5 ft 10+1⁄2 in (179 cm)[1],70 in (178 cm)[1],Orthodox,"Middleweight
Super middleweight",Sylvain Gomis,6,Win,6–0,KO,"4 (6), 1:00",2 Dec 2006,"Estrel Hotel, Berlin, Germany",,,
Gennady Golovkin,5 ft 10+1⁄2 in (179 cm)[1],70 in (178 cm)[1],Orthodox,"Middleweight
Super middleweight",Jorge Ariel Garcia,5,Win,5–0,KO,"2 (6), 2:28",21 Oct 2006,"Brandberge Arena, Halle, Germany",,,
Gennady Golovkin,5 ft 10+1⁄2 in (179 cm)[1],70 in (178 cm)[1],Orthodox,"Middleweight
Super middleweight",Martins Kukulis,4,Win,4–0,RTD,"2 (4), 3:00",19 Sep 2006,"Kugelbake-Halle, Cuxhaven, Germany",,,
Gennady Golovkin,5 ft 10+1⁄2 in (179 cm)[1],70 in (178 cm)[1],Orthodox,"Middleweight
Super middleweight",Daniel Urbanski,3,Win,3–0,RTD,"3 (4), 3:00",22 Aug 2006,"Universum Gym, Hamburg, Germany",,,
Gennady Golovkin,5 ft 10+1⁄2 in (179 cm)[1],70 in (178 cm)[1],Orthodox,"Middleweight
Super middleweight",Sergei Navarka,2,Win,2–0,TKO,"3 (4), 1:10",29 Jul 2006,"König Pilsener Arena, Oberhausen, Germany",,,
Gennady Golovkin,5 ft 10+1⁄2 in (179 cm)[1],70 in (178 cm)[1],Orthodox,"Middleweight
Super middleweight",Gabor Balogh,1,Win,1–0,KO,"1 (4), 1:28",6 May 2006,"Burg-Wächter Castello, Düsseldorf, Germany",,,
Evander Holyfield,6 ft 2+1⁄2 in (189 cm)[1],77+1⁄2 in (197 cm)[1],Orthodox,"Cruiserweight
Heavyweight",Brian Nielsen,57,Win,44–10–2 (1),TKO,"10 (12), 2:49","May 7, 2011","Koncerthuset, Copenhagen, Denmark",,"48 years, 200 days",
Evander Holyfield,6 ft 2+1⁄2 in (189 cm)[1],77+1⁄2 in (197 cm)[1],Orthodox,"Cruiserweight
Heavyweight",Sherman Williams,56,NC,43–10–2 (1),NC,"3 (12), 3:00","Jan 22, 2011","The Greenbrier, White Sulphur Springs, West Virginia, U.S.",WBF (Federation) heavyweight title at stake; Holyfield cut from an accidental head clash,"48 years, 95 days",
Evander Holyfield,6 ft 2+1⁄2 in (189 cm)[1],77+1⁄2 in (197 cm)[1],Orthodox,"Cruiserweight
Heavyweight",Francois Botha,55,Win,43–10–2,TKO,"8 (12), 0:55","Apr 10, 2010","Thomas & Mack Center, Paradise, Nevada, U.S.",Won vacant WBF (Federation) heavyweight title,"47 years, 173 days",
Evander Holyfield,6 ft 2+1⁄2 in (189 cm)[1],77+1⁄2 in (197 cm)[1],Orthodox,"Cruiserweight
Heavyweight",Nikolai Valuev,54,Loss,42–10–2,MD,12,"Dec 20, 2008","Hallenstadion, Zürich, Switzerland",For WBA heavyweight title,"46 years, 62 days",
Evander Holyfield,6 ft 2+1⁄2 in (189 cm)[1],77+1⁄2 in (197 cm)[1],Orthodox,"Cruiserweight
Heavyweight",Sultan Ibragimov,53,Loss,42–9–2,UD,12,"Oct 13, 2007","Khodynka Arena, Moscow, Russia",For WBO heavyweight title,"44 years, 359 days",
Evander Holyfield,6 ft 2+1⁄2 in (189 cm)[1],77+1⁄2 in (197 cm)[1],Orthodox,"Cruiserweight
Heavyweight",Lou Savarese,52,Win,42–8–2,UD,10,"Jun 30, 2007","Don Haskins Center, El Paso, Texas, U.S.",,"44 years, 254 days",
Evander Holyfield,6 ft 2+1⁄2 in (189 cm)[1],77+1⁄2 in (197 cm)[1],Orthodox,"Cruiserweight
Heavyweight",Vinny Maddalone,51,Win,41–8–2,TKO,"3 (10), 2:48","Mar 17, 2007","American Bank Center, Corpus Christi, Texas, U.S.",,"44 years, 149 days",
Evander Holyfield,6 ft 2+1⁄2 in (189 cm)[1],77+1⁄2 in (197 cm)[1],Orthodox,"Cruiserweight
Heavyweight",Fres Oquendo,50,Win,40–8–2,UD,12,"Nov 10, 2006","Alamodome, San Antonio, Texas, U.S.",Won vacant USBA heavyweight title,"44 years, 22 days",
Evander Holyfield,6 ft 2+1⁄2 in (189 cm)[1],77+1⁄2 in (197 cm)[1],Orthodox,"Cruiserweight
Heavyweight",Jeremy Bates,49,Win,39–8–2,TKO,"2 (12), 2:56","Aug 18, 2006","American Airlines Center, Dallas, Texas, U.S.",,"43 years, 303 days",
Evander Holyfield,6 ft 2+1⁄2 in (189 cm)[1],77+1⁄2 in (197 cm)[1],Orthodox,"Cruiserweight
Heavyweight",Larry Donald,48,Loss,38–8–2,UD,12,"Nov 13, 2004","Madison Square Garden, New York City, New York, U.S.",For vacant NABC heavyweight title,"42 years, 25 days",
Evander Holyfield,6 ft 2+1⁄2 in (189 cm)[1],77+1⁄2 in (197 cm)[1],Orthodox,"Cruiserweight
Heavyweight",James Toney,47,Loss,38–7–2,TKO,"9 (12), 1:42","Oct 4, 2003","Mandalay Bay Events Center, Paradise, Nevada, U.S.",,"40 years, 350 days",
Evander Holyfield,6 ft 2+1⁄2 in (189 cm)[1],77+1⁄2 in (197 cm)[1],Orthodox,"Cruiserweight
Heavyweight",Chris Byrd,46,Loss,38–6–2,UD,12,"Dec 14, 2002","Boardwalk Hall, Atlantic City, New Jersey, U.S.",For vacant IBF heavyweight title,"40 years, 56 days",
Evander Holyfield,6 ft 2+1⁄2 in (189 cm)[1],77+1⁄2 in (197 cm)[1],Orthodox,"Cruiserweight
Heavyweight",Hasim Rahman,45,Win,38–5–2,TD,"8 (12), 1:40","Jun 1, 2002","Boardwalk Hall, Atlantic City, New Jersey, U.S.",Split TD: Rahman sustained eye swelling from an accidental head clash,"39 years, 225 days",
Evander Holyfield,6 ft 2+1⁄2 in (189 cm)[1],77+1⁄2 in (197 cm)[1],Orthodox,"Cruiserweight
Heavyweight",John Ruiz,44,Draw,37–5–2,SD,12,"Dec 15, 2001","Foxwoods Resort Casino, Ledyard, Connecticut, U.S.",For WBA heavyweight title,"39 years, 57 days",
Evander Holyfield,6 ft 2+1⁄2 in (189 cm)[1],77+1⁄2 in (197 cm)[1],Orthodox,"Cruiserweight
Heavyweight",John Ruiz,43,Loss,37–5–1,UD,12,"Mar 3, 2001","Mandalay Bay Events Center, Paradise, Nevada, U.S.",Lost WBA heavyweight title,"38 years, 135 days",
Evander Holyfield,6 ft 2+1⁄2 in (189 cm)[1],77+1⁄2 in (197 cm)[1],Orthodox,"Cruiserweight
Heavyweight",John Ruiz,42,Win,37–4–1,UD,12,"Aug 12, 2000","Paris Las Vegas, Paradise, Nevada, U.S.",Won vacant WBA heavyweight title,"37 years, 298 days",
Evander Holyfield,6 ft 2+1⁄2 in (189 cm)[1],77+1⁄2 in (197 cm)[1],Orthodox,"Cruiserweight
Heavyweight",Lennox Lewis,41,Loss,36–4–1,UD,12,"Nov 13, 1999","Thomas & Mack Center, Paradise, Nevada, U.S.",Lost WBA and IBF heavyweight titles; For WBC and vacant IBO heavyweight titles,"37 years, 25 days",
Evander Holyfield,6 ft 2+1⁄2 in (189 cm)[1],77+1⁄2 in (197 cm)[1],Orthodox,"Cruiserweight
Heavyweight",Lennox Lewis,40,Draw,36–3–1,SD,12,"Mar 13, 1999","Madison Square Garden, New York City, New York, U.S.",Retained WBA and IBF heavyweight titles; For WBC heavyweight title,"36 years, 145 days",
Evander Holyfield,6 ft 2+1⁄2 in (189 cm)[1],77+1⁄2 in (197 cm)[1],Orthodox,"Cruiserweight
Heavyweight",Vaughn Bean,39,Win,36–3,UD,12,"Sep 19, 1998","Georgia Dome, Atlanta, Georgia, U.S.",Retained WBA and IBF heavyweight titles,"35 years, 335 days",
Evander Holyfield,6 ft 2+1⁄2 in (189 cm)[1],77+1⁄2 in (197 cm)[1],Orthodox,"Cruiserweight
Heavyweight",Michael Moorer,38,Win,35–3,RTD,"8 (12), 3:00","Nov 8, 1997","Thomas & Mack Center, Paradise, Nevada, U.S.",Retained WBA heavyweight title; Won IBF heavyweight title,"35 years, 20 days",
Evander Holyfield,6 ft 2+1⁄2 in (189 cm)[1],77+1⁄2 in (197 cm)[1],Orthodox,"Cruiserweight
Heavyweight",Mike Tyson,37,Win,34–3,DQ,"3 (12), 3:00","Jun 28, 1997","MGM Grand Garden Arena, Paradise, Nevada, U.S.",Retained WBA heavyweight title; Tyson disqualified for biting,"34 years, 252 days",
Evander Holyfield,6 ft 2+1⁄2 in (189 cm)[1],77+1⁄2 in (197 cm)[1],Orthodox,"Cruiserweight
Heavyweight",Mike Tyson,36,Win,33–3,TKO,"11 (12), 0:37","Nov 9, 1996","MGM Grand Garden Arena, Paradise, Nevada, U.S.",Won WBA heavyweight title,"34 years, 21 days",
Evander Holyfield,6 ft 2+1⁄2 in (189 cm)[1],77+1⁄2 in (197 cm)[1],Orthodox,"Cruiserweight
Heavyweight",Bobby Czyz,35,Win,32–3,RTD,"5 (10), 3:00","May 10, 1996","Madison Square Garden, New York City, New York, U.S.",,"33 years, 204 days",
Evander Holyfield,6 ft 2+1⁄2 in (189 cm)[1],77+1⁄2 in (197 cm)[1],Orthodox,"Cruiserweight
Heavyweight",Riddick Bowe,34,Loss,31–3,TKO,"8 (12), 0:58","Nov 4, 1995","Caesars Palace, Paradise, Nevada, U.S.",,"33 years, 16 days",
Evander Holyfield,6 ft 2+1⁄2 in (189 cm)[1],77+1⁄2 in (197 cm)[1],Orthodox,"Cruiserweight
Heavyweight",Ray Mercer,33,Win,31–2,UD,10,"May 20, 1995","Convention Hall, Atlantic City, New Jersey, U.S.",,"32 years, 213 days",
Evander Holyfield,6 ft 2+1⁄2 in (189 cm)[1],77+1⁄2 in (197 cm)[1],Orthodox,"Cruiserweight
Heavyweight",Michael Moorer,32,Loss,30–2,MD,12,"Apr 22, 1994","Caesars Palace, Paradise, Nevada, U.S.",Lost WBA and IBF heavyweight titles,"31 years, 185 days",
Evander Holyfield,6 ft 2+1⁄2 in (189 cm)[1],77+1⁄2 in (197 cm)[1],Orthodox,"Cruiserweight
Heavyweight",Riddick Bowe,31,Win,30–1,MD,12,"Nov 6, 1993","Caesars Palace, Paradise, Nevada, U.S.",Won WBA and IBF heavyweight titles,"31 years, 18 days",
Evander Holyfield,6 ft 2+1⁄2 in (189 cm)[1],77+1⁄2 in (197 cm)[1],Orthodox,"Cruiserweight
Heavyweight",Alex Stewart,30,Win,29–1,UD,12,"Jun 26, 1993","Convention Hall, Atlantic City, New Jersey, U.S.",,"30 years, 250 days",
Evander Holyfield,6 ft 2+1⁄2 in (189 cm)[1],77+1⁄2 in (197 cm)[1],Orthodox,"Cruiserweight
Heavyweight",Riddick Bowe,29,Loss,28–1,UD,12,"Nov 13, 1992","Thomas & Mack Center, Paradise, Nevada, U.S.","Lost WBA, WBC, and IBF heavyweight titles","30 years, 25 days",
Evander Holyfield,6 ft 2+1⁄2 in (189 cm)[1],77+1⁄2 in (197 cm)[1],Orthodox,"Cruiserweight
Heavyweight",Larry Holmes,28,Win,28–0,UD,12,"Jun 19, 1992","Caesars Palace, Paradise, Nevada, U.S.","Retained WBA, WBC, and IBF heavyweight titles","29 years, 244 days",
Evander Holyfield,6 ft 2+1⁄2 in (189 cm)[1],77+1⁄2 in (197 cm)[1],Orthodox,"Cruiserweight
Heavyweight",Bert Cooper,27,Win,27–0,TKO,"7 (12), 2:58","Nov 23, 1991","Omni Coliseum, Atlanta, Georgia, U.S.",Retained WBA and IBF heavyweight titles,"29 years, 35 days",
Evander Holyfield,6 ft 2+1⁄2 in (189 cm)[1],77+1⁄2 in (197 cm)[1],Orthodox,"Cruiserweight
Heavyweight",George Foreman,26,Win,26–0,UD,12,"Apr 19, 1991","Convention Hall, Atlantic City, New Jersey, U.S.","Retained WBA, WBC, and IBF heavyweight titles","28 years, 182 days",
Evander Holyfield,6 ft 2+1⁄2 in (189 cm)[1],77+1⁄2 in (197 cm)[1],Orthodox,"Cruiserweight
Heavyweight",Buster Douglas,25,Win,25–0,KO,"3 (12), 1:10","Oct 25, 1990","The Mirage, Paradise, Nevada, U.S.","Won WBA, WBC, and IBF heavyweight titles","28 years, 6 days",
Evander Holyfield,6 ft 2+1⁄2 in (189 cm)[1],77+1⁄2 in (197 cm)[1],Orthodox,"Cruiserweight
Heavyweight",Seamus McDonagh,24,Win,24–0,TKO,"4 (12), 0:44","Jun 1, 1990","Convention Hall, Atlantic City, New Jersey, U.S.",Retained WBC Continental Americas heavyweight title,"27 years, 225 days",
Evander Holyfield,6 ft 2+1⁄2 in (189 cm)[1],77+1⁄2 in (197 cm)[1],Orthodox,"Cruiserweight
Heavyweight",Alex Stewart,23,Win,23–0,TKO,"8 (12), 2:51","Nov 4, 1989","Trump Plaza Hotel and Casino, Atlantic City, New Jersey, U.S.",Retained WBC Continental Americas heavyweight title,"27 years, 16 days",
Evander Holyfield,6 ft 2+1⁄2 in (189 cm)[1],77+1⁄2 in (197 cm)[1],Orthodox,"Cruiserweight
Heavyweight",Adílson Rodrigues,22,Win,22–0,KO,"2 (12), 1:29","Jul 15, 1989","Caesars Tahoe, Stateline, Nevada, U.S.",Retained WBC Continental Americas heavyweight title,"26 years, 269 days",
Evander Holyfield,6 ft 2+1⁄2 in (189 cm)[1],77+1⁄2 in (197 cm)[1],Orthodox,"Cruiserweight
Heavyweight",Michael Dokes,21,Win,21–0,TKO,"10 (12), 1:41","Mar 11, 1989","Caesars Palace, Paradise, Nevada, U.S.",Won WBC Continental Americas heavyweight title,"26 years, 143 days",
Evander Holyfield,6 ft 2+1⁄2 in (189 cm)[1],77+1⁄2 in (197 cm)[1],Orthodox,"Cruiserweight
Heavyweight",Pinklon Thomas,20,Win,20–0,RTD,"7 (10), 3:00","Dec 9, 1988","Convention Hall, Atlantic City, New Jersey, U.S.",,"26 years, 51 days",
Evander Holyfield,6 ft 2+1⁄2 in (189 cm)[1],77+1⁄2 in (197 cm)[1],Orthodox,"Cruiserweight
Heavyweight",James Tillis,19,Win,19–0,RTD,"5 (10), 3:00","Jul 15, 1988","Caesars Tahoe, Stateline, Nevada, U.S.",,"25 years, 270 days",
Evander Holyfield,6 ft 2+1⁄2 in (189 cm)[1],77+1⁄2 in (197 cm)[1],Orthodox,"Cruiserweight
Heavyweight",Carlos de León,18,Win,18–0,TKO,"8 (12), 1:08","Apr 9, 1988","Caesars Palace, Paradise, Nevada, U.S.",Retained WBA and IBF cruiserweight titles; Won WBC cruiserweight title,"25 years, 173 days",
Evander Holyfield,6 ft 2+1⁄2 in (189 cm)[1],77+1⁄2 in (197 cm)[1],Orthodox,"Cruiserweight
Heavyweight",Dwight Muhammad Qawi,17,Win,17–0,KO,"4 (15), 2:30","Dec 5, 1987","Convention Hall, Atlantic City, New Jersey, U.S.",Retained WBA and IBF cruiserweight titles,"25 years, 47 days",
Evander Holyfield,6 ft 2+1⁄2 in (189 cm)[1],77+1⁄2 in (197 cm)[1],Orthodox,"Cruiserweight
Heavyweight",Ossie Ocasio,16,Win,16–0,TKO,"11 (15), 1:24","Aug 15, 1987","Parking de Nouveau Port, Saint-Tropez, France",Retained WBA and IBF cruiserweight titles,"24 years, 300 days",
Evander Holyfield,6 ft 2+1⁄2 in (189 cm)[1],77+1⁄2 in (197 cm)[1],Orthodox,"Cruiserweight
Heavyweight",Ricky Parkey,15,Win,15–0,TKO,"3 (15), 2:44","May 15, 1987","Caesars Palace, Paradise, Nevada, U.S.",Retained WBA cruiserweight title; Won IBF cruiserweight title,"24 years, 208 days",
Evander Holyfield,6 ft 2+1⁄2 in (189 cm)[1],77+1⁄2 in (197 cm)[1],Orthodox,"Cruiserweight
Heavyweight",Henry Tillman,14,Win,14–0,TKO,"7 (15), 1:43","Feb 14, 1987","Bally's, Reno, Nevada, U.S.",Retained WBA cruiserweight title,"24 years, 118 days",
Evander Holyfield,6 ft 2+1⁄2 in (189 cm)[1],77+1⁄2 in (197 cm)[1],Orthodox,"Cruiserweight
Heavyweight",Mike Brothers,13,Win,13–0,TKO,3 (10),"Dec 8, 1986","Paris, France",,"24 years, 50 days",
Evander Holyfield,6 ft 2+1⁄2 in (189 cm)[1],77+1⁄2 in (197 cm)[1],Orthodox,"Cruiserweight
Heavyweight",Dwight Muhammad Qawi,12,Win,12–0,SD,15,"Jul 12, 1986","Omni Coliseum, Atlanta, Georgia, U.S.",Won WBA cruiserweight title,"23 years, 266 days",
Evander Holyfield,6 ft 2+1⁄2 in (189 cm)[1],77+1⁄2 in (197 cm)[1],Orthodox,"Cruiserweight
Heavyweight",Terry Mims,11,Win,11–0,KO,"5 (10), 1:12","May 28, 1986","Metairie, Louisiana, U.S.",,"23 years, 211 days",
Evander Holyfield,6 ft 2+1⁄2 in (189 cm)[1],77+1⁄2 in (197 cm)[1],Orthodox,"Cruiserweight
Heavyweight",Jesse Shelby,10,Win,10–0,KO,3 (10),"Apr 6, 1986","Corpus Christi, Texas, U.S.",,"23 years, 169 days",
Evander Holyfield,6 ft 2+1⁄2 in (189 cm)[1],77+1⁄2 in (197 cm)[1],Orthodox,"Cruiserweight
Heavyweight",Chisanda Mutti,9,Win,9–0,TKO,"3 (10), 1:37","Mar 1, 1986","Host Resort, Lancaster, Pennsylvania, U.S.",,"23 years, 133 days",
Evander Holyfield,6 ft 2+1⁄2 in (189 cm)[1],77+1⁄2 in (197 cm)[1],Orthodox,"Cruiserweight
Heavyweight",Anthony Davis,8,Win,8–0,TKO,"4 (10), 1:31","Dec 21, 1985","Pavilion Convention Center, Virginia Beach, Virginia, U.S.",,"23 years, 63 days",
Evander Holyfield,6 ft 2+1⁄2 in (189 cm)[1],77+1⁄2 in (197 cm)[1],Orthodox,"Cruiserweight
Heavyweight",Jeff Meachem,7,Win,7–0,TKO,"5 (8), 1:02","Oct 30, 1985","Broadway by the Bay Theater, Atlantic City, New Jersey, U.S.",,"23 years, 11 days",
Evander Holyfield,6 ft 2+1⁄2 in (189 cm)[1],77+1⁄2 in (197 cm)[1],Orthodox,"Cruiserweight
Heavyweight",Rick Myers,6,Win,6–0,TKO,"1 (8), 3:00","Aug 29, 1985","Omni Coliseum, Atlanta, Georgia, U.S.",,"22 years, 314 days",
Evander Holyfield,6 ft 2+1⁄2 in (189 cm)[1],77+1⁄2 in (197 cm)[1],Orthodox,"Cruiserweight
Heavyweight",Tyrone Booze,5,Win,5–0,UD,8,"Jul 20, 1985","Scope, Norfolk, Virginia, U.S.",,"22 years, 274 days",
Evander Holyfield,6 ft 2+1⁄2 in (189 cm)[1],77+1⁄2 in (197 cm)[1],Orthodox,"Cruiserweight
Heavyweight",Mark Rivera,4,Win,4–0,TKO,"2 (8), 2:46","Apr 20, 1985","Memorial Coliseum, Corpus Christi, Texas, U.S.",,"22 years, 183 days",
Evander Holyfield,6 ft 2+1⁄2 in (189 cm)[1],77+1⁄2 in (197 cm)[1],Orthodox,"Cruiserweight
Heavyweight",Fred Brown,3,Win,3–0,TKO,"1 (6), 1:56","Mar 13, 1985","Scope, Norfolk, Virginia, U.S.",,"22 years, 145 days",
Evander Holyfield,6 ft 2+1⁄2 in (189 cm)[1],77+1⁄2 in (197 cm)[1],Orthodox,"Cruiserweight
Heavyweight",Eric Winbush,2,Win,2–0,UD,6,"Jan 20, 1985","Broadway by the Bay Theater, Atlantic City, New Jersey, U.S.",,"22 years, 93 days",
Evander Holyfield,6 ft 2+1⁄2 in (189 cm)[1],77+1⁄2 in (197 cm)[1],Orthodox,"Cruiserweight
Heavyweight",Lionel Byarm,1,Win,1–0,UD,6,"Nov 15, 1984","Madison Square Garden, New York City, New York, U.S.",,"22 years, 27 days",
Thomas Hearns,6 ft 1 in (185 cm),78 in (198 cm)[1],Orthodox,"Welterweight
Light middleweight
Middleweight
Super middleweight
Light heavyweight
Cruiserweight",Shannon Landberg,67,Win,61–5–1,TKO,"10 (10), 1:35","Feb 4, 2006","The Palace of Auburn Hills, Auburn Hills, Michigan, U.S.",,,
Thomas Hearns,6 ft 1 in (185 cm),78 in (198 cm)[1],Orthodox,"Welterweight
Light middleweight
Middleweight
Super middleweight
Light heavyweight
Cruiserweight",John Long,66,Win,60–5–1,TKO,9 (10),"Jul 30, 2005","Cobo Arena, Detroit, Michigan, U.S.",,,
Thomas Hearns,6 ft 1 in (185 cm),78 in (198 cm)[1],Orthodox,"Welterweight
Light middleweight
Middleweight
Super middleweight
Light heavyweight
Cruiserweight",Uriah Grant,65,Loss,59–5–1,RTD,"3 (12), 3:00","Apr 8, 2000","Joe Louis Arena, Detroit, Michigan, U.S.",Lost IBO cruiserweight title,,
Thomas Hearns,6 ft 1 in (185 cm),78 in (198 cm)[1],Orthodox,"Welterweight
Light middleweight
Middleweight
Super middleweight
Light heavyweight
Cruiserweight",Nate Miller,64,Win,59–4–1,UD,12,"Apr 10, 1999","MEN Arena, Manchester, England",Won vacant IBO cruiserweight title,,
Thomas Hearns,6 ft 1 in (185 cm),78 in (198 cm)[1],Orthodox,"Welterweight
Light middleweight
Middleweight
Super middleweight
Light heavyweight
Cruiserweight",Jay Snyder,63,Win,58–4–1,KO,"1 (10), 1:28","Nov 6, 1998","Joe Louis Arena, Detroit, Michigan, U.S.",,,
Thomas Hearns,6 ft 1 in (185 cm),78 in (198 cm)[1],Orthodox,"Welterweight
Light middleweight
Middleweight
Super middleweight
Light heavyweight
Cruiserweight",Ed Dalton,62,Win,57–4–1,KO,"5 (10), 2:47","Jan 31, 1997","Great Western Forum, Inglewood, California, U.S.",,,
Thomas Hearns,6 ft 1 in (185 cm),78 in (198 cm)[1],Orthodox,"Welterweight
Light middleweight
Middleweight
Super middleweight
Light heavyweight
Cruiserweight",Karl Willis,61,Win,56–4–1,KO,"5 (10), 2:45","Nov 29, 1996","Civic Center, Roanoke, Virginia, U.S.",,,
Thomas Hearns,6 ft 1 in (185 cm),78 in (198 cm)[1],Orthodox,"Welterweight
Light middleweight
Middleweight
Super middleweight
Light heavyweight
Cruiserweight",Earl Butler,60,Win,55–4–1,UD,10,"Sep 26, 1995","The Palace, Auburn Hills, Michigan, U.S.",,,
Thomas Hearns,6 ft 1 in (185 cm),78 in (198 cm)[1],Orthodox,"Welterweight
Light middleweight
Middleweight
Super middleweight
Light heavyweight
Cruiserweight",Lenny LaPaglia,59,Win,54–4–1,TKO,"1 (12), 2:55","Mar 31, 1995","Detroit, Michigan, U.S.",Won vacant WBU cruiserweight title,,
Thomas Hearns,6 ft 1 in (185 cm),78 in (198 cm)[1],Orthodox,"Welterweight
Light middleweight
Middleweight
Super middleweight
Light heavyweight
Cruiserweight",Freddie Delgado,58,Win,53–4–1,UD,12,"Feb 19, 1994","Coliseum, Charlotte, North Carolina, U.S.",Retained NABF cruiserweight title,,
Thomas Hearns,6 ft 1 in (185 cm),78 in (198 cm)[1],Orthodox,"Welterweight
Light middleweight
Middleweight
Super middleweight
Light heavyweight
Cruiserweight",Dan Ward,57,Win,52–4–1,TKO,"1 (12), 2:09","Jan 29, 1994","MGM Grand Garden Arena, Paradise, Nevada, U.S.",Won vacant NABF cruiserweight title,,
Thomas Hearns,6 ft 1 in (185 cm),78 in (198 cm)[1],Orthodox,"Welterweight
Light middleweight
Middleweight
Super middleweight
Light heavyweight
Cruiserweight",Andrew Maynard,56,Win,51–4–1,TKO,"1 (10), 2:34","Nov 6, 1993","Caesars Palace, Paradise, Nevada, U.S.",,,
Thomas Hearns,6 ft 1 in (185 cm),78 in (198 cm)[1],Orthodox,"Welterweight
Light middleweight
Middleweight
Super middleweight
Light heavyweight
Cruiserweight",Iran Barkley,55,Loss,50–4–1,SD,12,"Mar 20, 1992","Caesars Palace, Paradise, Nevada, U.S.",Lost WBA light heavyweight title,,
Thomas Hearns,6 ft 1 in (185 cm),78 in (198 cm)[1],Orthodox,"Welterweight
Light middleweight
Middleweight
Super middleweight
Light heavyweight
Cruiserweight",Virgil Hill,54,Win,50–3–1,UD,12,"Jun 3, 1991","Caesars Palace, Paradise, Nevada, U.S.",Won WBA light heavyweight title,,
Thomas Hearns,6 ft 1 in (185 cm),78 in (198 cm)[1],Orthodox,"Welterweight
Light middleweight
Middleweight
Super middleweight
Light heavyweight
Cruiserweight",Ken Atkins,53,Win,49–3–1,TKO,"3 (10), 2:08","Apr 6, 1991","Aloha Stadium, Honolulu, Hawaii, U.S.",,,
Thomas Hearns,6 ft 1 in (185 cm),78 in (198 cm)[1],Orthodox,"Welterweight
Light middleweight
Middleweight
Super middleweight
Light heavyweight
Cruiserweight",Kemper Morton,52,Win,48–3–1,KO,"2 (10), 2:02","Feb 11, 1991","Great Western Forum, Inglewood, California, U.S.",,,
Thomas Hearns,6 ft 1 in (185 cm),78 in (198 cm)[1],Orthodox,"Welterweight
Light middleweight
Middleweight
Super middleweight
Light heavyweight
Cruiserweight",Michael Olajide,51,Win,47–3–1,UD,12,"Apr 28, 1990","Etess Arena, Atlantic City, New Jersey, U.S.",Retained WBO super middleweight title,,
Thomas Hearns,6 ft 1 in (185 cm),78 in (198 cm)[1],Orthodox,"Welterweight
Light middleweight
Middleweight
Super middleweight
Light heavyweight
Cruiserweight",Sugar Ray Leonard,50,Draw,46–3–1,SD,12,"Jun 12, 1989","Caesars Palace, Paradise, Nevada, U.S.",Retained WBO super middleweight title; For WBC super middleweight title,,
Thomas Hearns,6 ft 1 in (185 cm),78 in (198 cm)[1],Orthodox,"Welterweight
Light middleweight
Middleweight
Super middleweight
Light heavyweight
Cruiserweight",James Kinchen,49,Win,46–3,MD,12,"Nov 4, 1988","Las Vegas Hilton, Winchester, Nevada, U.S.",Won NABF and inaugural WBO super middleweight titles,,
Thomas Hearns,6 ft 1 in (185 cm),78 in (198 cm)[1],Orthodox,"Welterweight
Light middleweight
Middleweight
Super middleweight
Light heavyweight
Cruiserweight",Iran Barkley,48,Loss,45–3,TKO,"3 (12), 2:39","Jun 6, 1988","Las Vegas Hilton, Winchester, Nevada, U.S.",Lost WBC middleweight title,,
Thomas Hearns,6 ft 1 in (185 cm),78 in (198 cm)[1],Orthodox,"Welterweight
Light middleweight
Middleweight
Super middleweight
Light heavyweight
Cruiserweight",Juan Roldán,47,Win,45–2,KO,"4 (12), 2:01","Oct 29, 1987","Las Vegas Hilton, Winchester, Nevada, U.S.",Won vacant WBC middleweight title,,
Thomas Hearns,6 ft 1 in (185 cm),78 in (198 cm)[1],Orthodox,"Welterweight
Light middleweight
Middleweight
Super middleweight
Light heavyweight
Cruiserweight",Dennis Andries,46,Win,44–2,TKO,"10 (12), 1:26","Mar 7, 1987","Cobo Hall, Detroit, Michigan, U.S.",Won WBC light heavyweight title,,
Thomas Hearns,6 ft 1 in (185 cm),78 in (198 cm)[1],Orthodox,"Welterweight
Light middleweight
Middleweight
Super middleweight
Light heavyweight
Cruiserweight",Doug DeWitt,45,Win,43–2,UD,12,"Oct 17, 1986","Cobo Arena, Detroit, Michigan, U.S.",Retained NABF middleweight title,,
Thomas Hearns,6 ft 1 in (185 cm),78 in (198 cm)[1],Orthodox,"Welterweight
Light middleweight
Middleweight
Super middleweight
Light heavyweight
Cruiserweight",Mark Medal,44,Win,42–2,TKO,"8 (12), 2:20","Jun 23, 1986","Caesars Palace, Paradise, Nevada, U.S.",Retained WBC and The Ring light middleweight titles,,
Thomas Hearns,6 ft 1 in (185 cm),78 in (198 cm)[1],Orthodox,"Welterweight
Light middleweight
Middleweight
Super middleweight
Light heavyweight
Cruiserweight",James Shuler,43,Win,41–2,KO,"1 (12), 1:13","Mar 10, 1986","Caesars Palace, Paradise, Nevada, U.S.",Won NABF middleweight title,,
Thomas Hearns,6 ft 1 in (185 cm),78 in (198 cm)[1],Orthodox,"Welterweight
Light middleweight
Middleweight
Super middleweight
Light heavyweight
Cruiserweight",Marvin Hagler,42,Loss,40–2,TKO,"3 (12), 1:52","Apr 15, 1985","Caesars Palace, Paradise, Nevada, U.S.","For WBA, WBC, IBF, and The Ring middleweight titles",,
Thomas Hearns,6 ft 1 in (185 cm),78 in (198 cm)[1],Orthodox,"Welterweight
Light middleweight
Middleweight
Super middleweight
Light heavyweight
Cruiserweight",Fred Hutchings,41,Win,40–1,TKO,"3 (12), 2:56","Sep 15, 1984","Civic Center, Saginaw, Michigan, U.S.",Retained WBC and The Ring light middleweight titles,,
Thomas Hearns,6 ft 1 in (185 cm),78 in (198 cm)[1],Orthodox,"Welterweight
Light middleweight
Middleweight
Super middleweight
Light heavyweight
Cruiserweight",Roberto Durán,40,Win,39–1,TKO,"2 (12), 1:05","Jun 15, 1984","Caesars Palace, Paradise, Nevada, U.S.",Retained WBC and The Ring light middleweight titles,,
Thomas Hearns,6 ft 1 in (185 cm),78 in (198 cm)[1],Orthodox,"Welterweight
Light middleweight
Middleweight
Super middleweight
Light heavyweight
Cruiserweight",Luigi Minchillo,39,Win,38–1,UD,12,"Feb 11, 1984","Joe Louis Arena, Detroit, Michigan, U.S.",Retained WBC and The Ring light middleweight titles,,
Thomas Hearns,6 ft 1 in (185 cm),78 in (198 cm)[1],Orthodox,"Welterweight
Light middleweight
Middleweight
Super middleweight
Light heavyweight
Cruiserweight",Murray Sutherland,38,Win,37–1,UD,10,"Jul 10, 1983","Caesars Boardwalk Regency, Atlantic City, New Jersey, U.S.",,,
Thomas Hearns,6 ft 1 in (185 cm),78 in (198 cm)[1],Orthodox,"Welterweight
Light middleweight
Middleweight
Super middleweight
Light heavyweight
Cruiserweight",Wilfred Benítez,37,Win,36–1,MD,15,"Dec 3, 1982","Superdome, New Orleans, Louisiana, U.S.",Won WBC and vacant The Ring light middleweight titles,,
Thomas Hearns,6 ft 1 in (185 cm),78 in (198 cm)[1],Orthodox,"Welterweight
Light middleweight
Middleweight
Super middleweight
Light heavyweight
Cruiserweight",Jeff McCracken,36,Win,35–1,TKO,"8 (10), 1:29","Jul 25, 1982","Cobo Hall, Detroit, Michigan, U.S.",,,
Thomas Hearns,6 ft 1 in (185 cm),78 in (198 cm)[1],Orthodox,"Welterweight
Light middleweight
Middleweight
Super middleweight
Light heavyweight
Cruiserweight",Marcos Geraldo,35,Win,34–1,KO,"1 (10), 1:48","Feb 27, 1982","The Aladdin, Paradise, Nevada, U.S.",,,
Thomas Hearns,6 ft 1 in (185 cm),78 in (198 cm)[1],Orthodox,"Welterweight
Light middleweight
Middleweight
Super middleweight
Light heavyweight
Cruiserweight",Ernie Singletary,34,Win,33–1,UD,10,"Dec 11, 1981","Queen Elizabeth's Sports Centre, Nassau, Bahamas",,,
Thomas Hearns,6 ft 1 in (185 cm),78 in (198 cm)[1],Orthodox,"Welterweight
Light middleweight
Middleweight
Super middleweight
Light heavyweight
Cruiserweight",Sugar Ray Leonard,33,Loss,32–1,TKO,"14 (15), 1:45","Sep 16, 1981","Caesars Palace, Paradise, Nevada, U.S.",Lost WBA welterweight title; For WBC and The Ring welterweight titles,,
Thomas Hearns,6 ft 1 in (185 cm),78 in (198 cm)[1],Orthodox,"Welterweight
Light middleweight
Middleweight
Super middleweight
Light heavyweight
Cruiserweight",Pablo Baez,32,Win,32–0,TKO,"4 (15), 2:10","Jun 25, 1981","Astrodome, Houston, Texas, U.S.",Retained WBA welterweight title,,
Thomas Hearns,6 ft 1 in (185 cm),78 in (198 cm)[1],Orthodox,"Welterweight
Light middleweight
Middleweight
Super middleweight
Light heavyweight
Cruiserweight",Randy Shields,31,Win,31–0,TKO,"12 (15), 3:00","Apr 25, 1981","Veterans Memorial Coliseum, Phoenix, Arizona, U.S.",Retained WBA welterweight title,,
Thomas Hearns,6 ft 1 in (185 cm),78 in (198 cm)[1],Orthodox,"Welterweight
Light middleweight
Middleweight
Super middleweight
Light heavyweight
Cruiserweight",Luis Primera,30,Win,30–0,KO,"6 (15), 2:00","Dec 6, 1980","Joe Louis Arena, Detroit, Michigan, U.S.",Retained WBA welterweight title,,
Thomas Hearns,6 ft 1 in (185 cm),78 in (198 cm)[1],Orthodox,"Welterweight
Light middleweight
Middleweight
Super middleweight
Light heavyweight
Cruiserweight",José Cuevas,29,Win,29–0,TKO,"2 (15), 2:39","Aug 2, 1980","Joe Louis Arena, Detroit, Michigan, U.S.",Won WBA welterweight title,,
Thomas Hearns,6 ft 1 in (185 cm),78 in (198 cm)[1],Orthodox,"Welterweight
Light middleweight
Middleweight
Super middleweight
Light heavyweight
Cruiserweight",Eddie Gazo,28,Win,28–0,KO,"1 (10), 2:41","May 3, 1980","Cobo Hall, Detroit, Michigan, U.S.",,,
Thomas Hearns,6 ft 1 in (185 cm),78 in (198 cm)[1],Orthodox,"Welterweight
Light middleweight
Middleweight
Super middleweight
Light heavyweight
Cruiserweight",Santiago Valdez,27,Win,27–0,TKO,"1 (10), 2:56","Mar 31, 1980","Caesars Palace, Paradise, Nevada, U.S.",,,
Thomas Hearns,6 ft 1 in (185 cm),78 in (198 cm)[1],Orthodox,"Welterweight
Light middleweight
Middleweight
Super middleweight
Light heavyweight
Cruiserweight",Ángel Espada,26,Win,26–0,TKO,"4 (12), 0:47","Mar 2, 1980","Joe Louis Arena, Detroit, Michigan, U.S.",Won vacant USBA welterweight title,,
Thomas Hearns,6 ft 1 in (185 cm),78 in (198 cm)[1],Orthodox,"Welterweight
Light middleweight
Middleweight
Super middleweight
Light heavyweight
Cruiserweight",Jim Richards,25,Win,25–0,KO,"3 (10), 2:27","Feb 3, 1980","Caesars Palace, Paradise, Nevada, U.S.",,,
Thomas Hearns,6 ft 1 in (185 cm),78 in (198 cm)[1],Orthodox,"Welterweight
Light middleweight
Middleweight
Super middleweight
Light heavyweight
Cruiserweight",Mike Colbert,24,Win,24–0,UD,10,"Nov 30, 1979","Superdome, New Orleans, Louisiana, U.S.",,,
Thomas Hearns,6 ft 1 in (185 cm),78 in (198 cm)[1],Orthodox,"Welterweight
Light middleweight
Middleweight
Super middleweight
Light heavyweight
Cruiserweight",Saensak Muangsurin,23,Win,23–0,TKO,"3 (10), 2:31","Oct 18, 1979","Olympia, Detroit, Michigan, U.S.",,,
Thomas Hearns,6 ft 1 in (185 cm),78 in (198 cm)[1],Orthodox,"Welterweight
Light middleweight
Middleweight
Super middleweight
Light heavyweight
Cruiserweight",José Figueroa,22,Win,22–0,KO,"3 (10), 1:17","Sep 22, 1979","Sports Arena, Los Angeles, California, U.S.",,,
Thomas Hearns,6 ft 1 in (185 cm),78 in (198 cm)[1],Orthodox,"Welterweight
Light middleweight
Middleweight
Super middleweight
Light heavyweight
Cruiserweight",Inocencio De la Rosa,21,Win,21–0,RTD,2 (10),"Aug 23, 1979","Cobo Arena, Detroit, Michigan, U.S.",,,
Thomas Hearns,6 ft 1 in (185 cm),78 in (198 cm)[1],Orthodox,"Welterweight
Light middleweight
Middleweight
Super middleweight
Light heavyweight
Cruiserweight",Bruce Curry,20,Win,20–0,KO,"3 (10), 2:59","Jun 28, 1979","Olympia, Detroit, Michigan, U.S.",,,
Thomas Hearns,6 ft 1 in (185 cm),78 in (198 cm)[1],Orthodox,"Welterweight
Light middleweight
Middleweight
Super middleweight
Light heavyweight
Cruiserweight",Harold Weston,19,Win,19–0,RTD,6 (12),"May 20, 1979","Dunes, Paradise, Nevada, U.S.",,,
Thomas Hearns,6 ft 1 in (185 cm),78 in (198 cm)[1],Orthodox,"Welterweight
Light middleweight
Middleweight
Super middleweight
Light heavyweight
Cruiserweight",Alfonso Hayman,18,Win,18–0,UD,10,"Apr 3, 1979","Spectrum, Philadelphia, Pennsylvania, U.S.",,,
Thomas Hearns,6 ft 1 in (185 cm),78 in (198 cm)[1],Orthodox,"Welterweight
Light middleweight
Middleweight
Super middleweight
Light heavyweight
Cruiserweight",Segundo Murillo,17,Win,17–0,TKO,"8 (10), 2:25","Mar 3, 1979","Olympia, Detroit, Michigan, U.S.",,,
Thomas Hearns,6 ft 1 in (185 cm),78 in (198 cm)[1],Orthodox,"Welterweight
Light middleweight
Middleweight
Super middleweight
Light heavyweight
Cruiserweight",Sammy Ruckard,16,Win,16–0,TKO,8 (10),"Jan 31, 1979","Saginaw, Michigan, U.S.",,,
Thomas Hearns,6 ft 1 in (185 cm),78 in (198 cm)[1],Orthodox,"Welterweight
Light middleweight
Middleweight
Super middleweight
Light heavyweight
Cruiserweight",Clyde Gray,15,Win,15–0,TKO,"10 (10), 2:03","Jan 11, 1979","Olympia, Detroit, Michigan, U.S.",,,
Thomas Hearns,6 ft 1 in (185 cm),78 in (198 cm)[1],Orthodox,"Welterweight
Light middleweight
Middleweight
Super middleweight
Light heavyweight
Cruiserweight",Rudy Barro,14,Win,14–0,KO,4 (10),"Dec 9, 1978","Cobo Arena, Detroit, Michigan, U.S.",,,
Thomas Hearns,6 ft 1 in (185 cm),78 in (198 cm)[1],Orthodox,"Welterweight
Light middleweight
Middleweight
Super middleweight
Light heavyweight
Cruiserweight",Pedro Rojas,13,Win,13–0,TKO,"1 (10), 1:09","Oct 26, 1978","Olympia, Detroit, Michigan, U.S.",,,
Thomas Hearns,6 ft 1 in (185 cm),78 in (198 cm)[1],Orthodox,"Welterweight
Light middleweight
Middleweight
Super middleweight
Light heavyweight
Cruiserweight",Bruce Finch,12,Win,12–0,KO,"3 (10), 2:01","Sep 7, 1978","Olympia, Detroit, Michigan, U.S.",,,
Thomas Hearns,6 ft 1 in (185 cm),78 in (198 cm)[1],Orthodox,"Welterweight
Light middleweight
Middleweight
Super middleweight
Light heavyweight
Cruiserweight",Eddie Marcelle,11,Win,11–0,KO,"2 (10), 2:59","Aug 3, 1978","Olympia, Detroit, Michigan, U.S.",,,
Thomas Hearns,6 ft 1 in (185 cm),78 in (198 cm)[1],Orthodox,"Welterweight
Light middleweight
Middleweight
Super middleweight
Light heavyweight
Cruiserweight",Raul Aguirre,10,Win,10–0,KO,"2 (10), 2:08","Jul 20, 1978","Olympia, Detroit, Michigan, U.S.",,,
Thomas Hearns,6 ft 1 in (185 cm),78 in (198 cm)[1],Orthodox,"Welterweight
Light middleweight
Middleweight
Super middleweight
Light heavyweight
Cruiserweight",Jimmy Rothwell,9,Win,9–0,KO,"1 (10), 1:49","Jun 8, 1978","Olympia, Detroit, Michigan, U.S.",,,
Thomas Hearns,6 ft 1 in (185 cm),78 in (198 cm)[1],Orthodox,"Welterweight
Light middleweight
Middleweight
Super middleweight
Light heavyweight
Cruiserweight",Tyrone Phelps,8,Win,8–0,TKO,"3 (10), 2:08","Mar 31, 1978","Saginaw, Michigan, U.S.",,,
Thomas Hearns,6 ft 1 in (185 cm),78 in (198 cm)[1],Orthodox,"Welterweight
Light middleweight
Middleweight
Super middleweight
Light heavyweight
Cruiserweight",Ray Fields,7,Win,7–0,TKO,"2, 2:15","Mar 17, 1978","Cobo Arena, Detroit, Michigan, U.S.",,,
Thomas Hearns,6 ft 1 in (185 cm),78 in (198 cm)[1],Orthodox,"Welterweight
Light middleweight
Middleweight
Super middleweight
Light heavyweight
Cruiserweight",Billy Goodwin,6,Win,6–0,TKO,"2, 1:18","Feb 17, 1978","Civic Center, Saginaw, Michigan, U.S.",,,
Thomas Hearns,6 ft 1 in (185 cm),78 in (198 cm)[1],Orthodox,"Welterweight
Light middleweight
Middleweight
Super middleweight
Light heavyweight
Cruiserweight",Robert Adams,5,Win,5–0,TKO,"3 (6), 2:45","Feb 10, 1978","Olympia, Detroit, Michigan, U.S.",,,
Thomas Hearns,6 ft 1 in (185 cm),78 in (198 cm)[1],Orthodox,"Welterweight
Light middleweight
Middleweight
Super middleweight
Light heavyweight
Cruiserweight",Anthony House,4,Win,4–0,KO,"2, 2:00","Jan 29, 1978","Hyatt Regency, Knoxville, Tennessee, U.S.",,,
Thomas Hearns,6 ft 1 in (185 cm),78 in (198 cm)[1],Orthodox,"Welterweight
Light middleweight
Middleweight
Super middleweight
Light heavyweight
Cruiserweight",Willie Wren,3,Win,3–0,TKO,"3 (6), 2:41","Dec 16, 1977","Olympia, Detroit, Michigan, U.S.",,,
Thomas Hearns,6 ft 1 in (185 cm),78 in (198 cm)[1],Orthodox,"Welterweight
Light middleweight
Middleweight
Super middleweight
Light heavyweight
Cruiserweight",Jerry Strickland,2,Win,2–0,KO,"3 (6), 1:27","Dec 7, 1977","Hillcrest Country Club, Mount Clemens, Michigan, U.S.",,,
Thomas Hearns,6 ft 1 in (185 cm),78 in (198 cm)[1],Orthodox,"Welterweight
Light middleweight
Middleweight
Super middleweight
Light heavyweight
Cruiserweight",Jerome Hill,1,Win,1–0,KO,"2 (4), 1:59","Nov 25, 1977","Olympia, Detroit, Michigan, U.S.",,,
Miguel Cotto,5 ft 8 in (173 cm)[1],67 in (170 cm)[2],Orthodox,"Light welterweight
Welterweight
Light middleweight
Middleweight",Sadam Ali,47,Loss,41–6,UD,12,"Dec 2, 2017","Madison Square Garden, New York City, New York, U.S.",Lost WBO light middleweight title,,
Miguel Cotto,5 ft 8 in (173 cm)[1],67 in (170 cm)[2],Orthodox,"Light welterweight
Welterweight
Light middleweight
Middleweight",Yoshihiro Kamegai,46,Win,41–5,UD,12,"Aug 26, 2017","StubHub Center, Carson, California, U.S.",Won vacant WBO light middleweight title,,
Miguel Cotto,5 ft 8 in (173 cm)[1],67 in (170 cm)[2],Orthodox,"Light welterweight
Welterweight
Light middleweight
Middleweight",Canelo Álvarez,45,Loss,40–5,UD,12,"Nov 21, 2015","Mandalay Bay Events Center, Paradise, Nevada, U.S.",Lost The Ring middleweight title; Vacant WBC middleweight title at stake only for Álvarez,,
Miguel Cotto,5 ft 8 in (173 cm)[1],67 in (170 cm)[2],Orthodox,"Light welterweight
Welterweight
Light middleweight
Middleweight",Daniel Geale,44,Win,40–4,TKO,"4 (12), 1:28","Jun 6, 2015","Barclays Center, New York City, New York, U.S.",Retained WBC and The Ring middleweight titles,,
Miguel Cotto,5 ft 8 in (173 cm)[1],67 in (170 cm)[2],Orthodox,"Light welterweight
Welterweight
Light middleweight
Middleweight",Sergio Martínez,43,Win,39–4,RTD,"10 (12), 0:06","Jun 7, 2014","Madison Square Garden, New York City, New York, U.S.",Won WBC and The Ring middleweight titles,,
Miguel Cotto,5 ft 8 in (173 cm)[1],67 in (170 cm)[2],Orthodox,"Light welterweight
Welterweight
Light middleweight
Middleweight",Delvin Rodríguez,42,Win,38–4,TKO,"3 (12), 0:18","Oct 5, 2013","Amway Center, Orlando, Florida, U.S.",,,
Miguel Cotto,5 ft 8 in (173 cm)[1],67 in (170 cm)[2],Orthodox,"Light welterweight
Welterweight
Light middleweight
Middleweight",Austin Trout,41,Loss,37–4,UD,12,"Dec 1, 2012","Madison Square Garden, New York City, New York, U.S.",For WBA (Regular) light middleweight title,,
Miguel Cotto,5 ft 8 in (173 cm)[1],67 in (170 cm)[2],Orthodox,"Light welterweight
Welterweight
Light middleweight
Middleweight",Floyd Mayweather Jr.,40,Loss,37–3,UD,12,"May 5, 2012","MGM Grand Garden Arena, Paradise, Nevada, U.S.",Lost WBA (Super) light middleweight title,,
Miguel Cotto,5 ft 8 in (173 cm)[1],67 in (170 cm)[2],Orthodox,"Light welterweight
Welterweight
Light middleweight
Middleweight",Antonio Margarito,39,Win,37–2,RTD,"9 (12), 3:00","Dec 3, 2011","Madison Square Garden, New York City, New York, U.S.",Retained WBA (Super) light middleweight title,,
Miguel Cotto,5 ft 8 in (173 cm)[1],67 in (170 cm)[2],Orthodox,"Light welterweight
Welterweight
Light middleweight
Middleweight",Ricardo Mayorga,38,Win,36–2,TKO,"12 (12), 0:53","Mar 12, 2011","MGM Grand Garden Arena, Paradise, Nevada, U.S.",Retained WBA (Super) light middleweight title,,
Miguel Cotto,5 ft 8 in (173 cm)[1],67 in (170 cm)[2],Orthodox,"Light welterweight
Welterweight
Light middleweight
Middleweight",Yuri Foreman,37,Win,35–2,TKO,"9 (12), 0:42","Jun 5, 2010","Yankee Stadium, New York City, New York, U.S.",Won WBA light middleweight title,,
Miguel Cotto,5 ft 8 in (173 cm)[1],67 in (170 cm)[2],Orthodox,"Light welterweight
Welterweight
Light middleweight
Middleweight",Manny Pacquiao,36,Loss,34–2,TKO,"12 (12), 0:55","Nov 14, 2009","MGM Grand Garden Arena, Paradise, Nevada, U.S.",Lost WBO welterweight title,,
Miguel Cotto,5 ft 8 in (173 cm)[1],67 in (170 cm)[2],Orthodox,"Light welterweight
Welterweight
Light middleweight
Middleweight",Joshua Clottey,35,Win,34–1,SD,12,"Jun 13, 2009","Madison Square Garden, New York City, New York, U.S.",Retained WBO welterweight title,,
Miguel Cotto,5 ft 8 in (173 cm)[1],67 in (170 cm)[2],Orthodox,"Light welterweight
Welterweight
Light middleweight
Middleweight",Michael Jennings,34,Win,33–1,TKO,"5 (12), 2:38","Feb 21, 2009","Madison Square Garden, New York City, New York, U.S.",Won vacant WBO welterweight title,,
Miguel Cotto,5 ft 8 in (173 cm)[1],67 in (170 cm)[2],Orthodox,"Light welterweight
Welterweight
Light middleweight
Middleweight",Antonio Margarito,33,Loss,32–1,TKO,"11 (12), 2:05","Jul 26, 2008","MGM Grand Garden Arena, Paradise, Nevada, U.S.",Lost WBA welterweight title,,
Miguel Cotto,5 ft 8 in (173 cm)[1],67 in (170 cm)[2],Orthodox,"Light welterweight
Welterweight
Light middleweight
Middleweight",Alfonso Gómez,32,Win,32–0,RTD,"5 (12), 3:00","Apr 12, 2008","Boardwalk Hall, Atlantic City, New Jersey, U.S.",Retained WBA welterweight title,,
Miguel Cotto,5 ft 8 in (173 cm)[1],67 in (170 cm)[2],Orthodox,"Light welterweight
Welterweight
Light middleweight
Middleweight",Shane Mosley,31,Win,31–0,UD,12,"Nov 10, 2007","Madison Square Garden, New York City, New York, U.S.",Retained WBA welterweight title,,
Miguel Cotto,5 ft 8 in (173 cm)[1],67 in (170 cm)[2],Orthodox,"Light welterweight
Welterweight
Light middleweight
Middleweight",Zab Judah,30,Win,30–0,TKO,"11 (12), 0:49","Jun 9, 2007","Madison Square Garden, New York City, New York, U.S.",Retained WBA welterweight title,,
Miguel Cotto,5 ft 8 in (173 cm)[1],67 in (170 cm)[2],Orthodox,"Light welterweight
Welterweight
Light middleweight
Middleweight",Oktay Urkal,29,Win,29–0,TKO,"11 (12), 1:01","Mar 3, 2007","Roberto Clemente Coliseum, San Juan, Puerto Rico",Retained WBA welterweight title,,
Miguel Cotto,5 ft 8 in (173 cm)[1],67 in (170 cm)[2],Orthodox,"Light welterweight
Welterweight
Light middleweight
Middleweight",Carlos Quintana,28,Win,28–0,RTD,"5 (12), 3:00","Dec 2, 2006","Boardwalk Hall, Atlantic City, New Jersey, U.S.",Won vacant WBA welterweight title,,
Miguel Cotto,5 ft 8 in (173 cm)[1],67 in (170 cm)[2],Orthodox,"Light welterweight
Welterweight
Light middleweight
Middleweight",Paulie Malignaggi,27,Win,27–0,UD,12,"Jun 10, 2006","Madison Square Garden, New York City, New York, U.S.",Retained WBO light welterweight title,,
Miguel Cotto,5 ft 8 in (173 cm)[1],67 in (170 cm)[2],Orthodox,"Light welterweight
Welterweight
Light middleweight
Middleweight",Gianluca Branco,26,Win,26–0,TKO,"8 (12), 0:49","Mar 4, 2006","Coliseo Rubén Rodríguez, Bayamón, Puerto Rico",Retained WBO light welterweight title,,
Miguel Cotto,5 ft 8 in (173 cm)[1],67 in (170 cm)[2],Orthodox,"Light welterweight
Welterweight
Light middleweight
Middleweight",Ricardo Torres,25,Win,25–0,KO,"7 (12), 1:52","Sep 24, 2005","Boardwalk Hall, Atlantic City, New Jersey, U.S.",Retained WBO light welterweight title,,
Miguel Cotto,5 ft 8 in (173 cm)[1],67 in (170 cm)[2],Orthodox,"Light welterweight
Welterweight
Light middleweight
Middleweight",Muhammad Abdullaev,24,Win,24–0,TKO,"9 (12), 0:57","Jun 11, 2005","Madison Square Garden, New York City, New York, U.S.",Retained WBO light welterweight title,,
Miguel Cotto,5 ft 8 in (173 cm)[1],67 in (170 cm)[2],Orthodox,"Light welterweight
Welterweight
Light middleweight
Middleweight",DeMarcus Corley,23,Win,23–0,TKO,"5 (12), 2:45","Feb 26, 2005","Coliseo Rubén Rodríguez, Bayamón, Puerto Rico",Retained WBO light welterweight title,,
Miguel Cotto,5 ft 8 in (173 cm)[1],67 in (170 cm)[2],Orthodox,"Light welterweight
Welterweight
Light middleweight
Middleweight",Randall Bailey,22,Win,22–0,TKO,"6 (12), 1:39","Dec 11, 2004","Mandalay Bay Events Center, Paradise, Nevada, U.S.",Retained WBO light welterweight title,,
Miguel Cotto,5 ft 8 in (173 cm)[1],67 in (170 cm)[2],Orthodox,"Light welterweight
Welterweight
Light middleweight
Middleweight",Kelson Pinto,21,Win,21–0,TKO,"6 (12), 0:32","Sep 11, 2004","José Miguel Agrelot Coliseum, San Juan, Puerto Rico",Won vacant WBO light welterweight title,,
Miguel Cotto,5 ft 8 in (173 cm)[1],67 in (170 cm)[2],Orthodox,"Light welterweight
Welterweight
Light middleweight
Middleweight",Lovemore N'dou,20,Win,20–0,UD,12,"May 8, 2004","MGM Grand Garden Arena, Paradise, Nevada, U.S.",Retained WBC International light welterweight title; Won vacant WBA Fedelatin light welterweight title,,
Miguel Cotto,5 ft 8 in (173 cm)[1],67 in (170 cm)[2],Orthodox,"Light welterweight
Welterweight
Light middleweight
Middleweight",Victoriano Sosa,19,Win,19–0,TKO,"4 (12), 2:51","Feb 28, 2004","MGM Grand Garden Arena, Paradise, Nevada, U.S.",Retained WBC International light welterweight title,,
Miguel Cotto,5 ft 8 in (173 cm)[1],67 in (170 cm)[2],Orthodox,"Light welterweight
Welterweight
Light middleweight
Middleweight",Carlos Maussa,18,Win,18–0,TKO,"8 (12), 2:07","Dec 6, 2003","Coliseo Rubén Rodríguez, Bayamón, Puerto Rico",Retained WBC International light welterweight title,,
Miguel Cotto,5 ft 8 in (173 cm)[1],67 in (170 cm)[2],Orthodox,"Light welterweight
Welterweight
Light middleweight
Middleweight",Demetrio Ceballos,17,Win,17–0,TKO,"7 (12), 2:28","Sep 13, 2003","MGM Grand Garden Arena, Paradise, Nevada, U.S.",Retained WBC International light welterweight title,,
Miguel Cotto,5 ft 8 in (173 cm)[1],67 in (170 cm)[2],Orthodox,"Light welterweight
Welterweight
Light middleweight
Middleweight",Rocky Martinez,16,Win,16–0,KO,"2 (12), 2:42","Jun 28, 2003","Coliseo Rubén Rodríguez, Bayamón, Puerto Rico",Retained WBC International light welterweight title; Won vacant WBO–NABO light welterweight title,,
Miguel Cotto,5 ft 8 in (173 cm)[1],67 in (170 cm)[2],Orthodox,"Light welterweight
Welterweight
Light middleweight
Middleweight",Joel Perez,15,Win,15–0,KO,"4 (10), 1:29","Apr 19, 2003","Selland Arena, Fresno, California, U.S.",,,
Miguel Cotto,5 ft 8 in (173 cm)[1],67 in (170 cm)[2],Orthodox,"Light welterweight
Welterweight
Light middleweight
Middleweight",César Bazán,14,Win,14–0,TKO,"11 (12), 0:16","Feb 1, 2003","Mandalay Bay Events Center, Paradise, Nevada, U.S.",Won vacant WBC International light welterweight title,,
Miguel Cotto,5 ft 8 in (173 cm)[1],67 in (170 cm)[2],Orthodox,"Light welterweight
Welterweight
Light middleweight
Middleweight",Ubaldo Hernandez,13,Win,13–0,KO,"7 (10), 1:31","Nov 22, 2002","Coliseo Héctor Solá Bezares, Caguas, Puerto Rico",,,
Miguel Cotto,5 ft 8 in (173 cm)[1],67 in (170 cm)[2],Orthodox,"Light welterweight
Welterweight
Light middleweight
Middleweight",John Brown,12,Win,12–0,UD,10,"Sep 14, 2002","Mandalay Bay Events Center, Paradise, Nevada, U.S.",,,
Miguel Cotto,5 ft 8 in (173 cm)[1],67 in (170 cm)[2],Orthodox,"Light welterweight
Welterweight
Light middleweight
Middleweight",Carlos Alberto Ramirez,11,Win,11–0,KO,"3 (10), 2:34","Jul 30, 2002","Lucky Star Casino, Concho, Oklahoma, U.S.",,,
Miguel Cotto,5 ft 8 in (173 cm)[1],67 in (170 cm)[2],Orthodox,"Light welterweight
Welterweight
Light middleweight
Middleweight",Justin Juuko,10,Win,10–0,TKO,"5 (10), 2:44","Jun 22, 2002","MGM Grand Garden Arena, Paradise, Nevada, U.S.",,,
Miguel Cotto,5 ft 8 in (173 cm)[1],67 in (170 cm)[2],Orthodox,"Light welterweight
Welterweight
Light middleweight
Middleweight",Juan Angel Macias,9,Win,9–0,TKO,"7 (10), 1:54","May 3, 2002","The Orleans, Paradise, Nevada, U.S.",,,
Miguel Cotto,5 ft 8 in (173 cm)[1],67 in (170 cm)[2],Orthodox,"Light welterweight
Welterweight
Light middleweight
Middleweight",Sammy Sparkman,8,Win,8–0,TKO,"2 (10), 2:49","Mar 1, 2002","Coliseo Guillermo Angulo, Carolina, Puerto Rico",,,
Miguel Cotto,5 ft 8 in (173 cm)[1],67 in (170 cm)[2],Orthodox,"Light welterweight
Welterweight
Light middleweight
Middleweight",Joshua Smith,7,Win,7–0,TKO,"2 (8), 1:24","Jan 11, 2002","Coliseo Héctor Solá Bezares, Caguas, Puerto Rico",,,
Miguel Cotto,5 ft 8 in (173 cm)[1],67 in (170 cm)[2],Orthodox,"Light welterweight
Welterweight
Light middleweight
Middleweight",Arturo Rodríguez,6,Win,6–0,KO,"2 (6), 2:52","Jul 28, 2001","Staples Center, Los Angeles, California, U.S.",,,
Miguel Cotto,5 ft 8 in (173 cm)[1],67 in (170 cm)[2],Orthodox,"Light welterweight
Welterweight
Light middleweight
Middleweight",Rudolfo Lunsford,5,Win,5–0,TKO,"4 (6), 1:00","Jul 1, 2001","Arena Pier 10, San Juan, Puerto Rico",,,
Miguel Cotto,5 ft 8 in (173 cm)[1],67 in (170 cm)[2],Orthodox,"Light welterweight
Welterweight
Light middleweight
Middleweight",Martin Ramirez,4,Win,4–0,UD,4,"May 20, 2001","San Juan, Puerto Rico",,,
Miguel Cotto,5 ft 8 in (173 cm)[1],67 in (170 cm)[2],Orthodox,"Light welterweight
Welterweight
Light middleweight
Middleweight",Waklimi Young,3,Win,3–0,UD,4,"Apr 28, 2001","Hammerstein Ballroom, New York City, New York, U.S.",,,
Miguel Cotto,5 ft 8 in (173 cm)[1],67 in (170 cm)[2],Orthodox,"Light welterweight
Welterweight
Light middleweight
Middleweight",Jacob Godinez,2,Win,2–0,TKO,"2 (4), 1:17","Mar 30, 2001","Convention Center, Fort Worth, Texas, U.S.",,,
Miguel Cotto,5 ft 8 in (173 cm)[1],67 in (170 cm)[2],Orthodox,"Light welterweight
Welterweight
Light middleweight
Middleweight",Jason Doucet,1,Win,1–0,TKO,"1 (4), 2:12","Feb 23, 2001","Frank Erwin Center, Austin, Texas, U.S.",,,
Roberto Durán,5 ft 7 in (170 cm)[1],66 in (168 cm)[1],Orthodox,"Super featherweight
Lightweight
Light welterweight
Welterweight
Light middleweight
Middleweight
Super middleweight
Light heavyweight",Héctor Camacho,119,Loss,103–16,UD,12,"Jul 14, 2001","Pepsi Center, Denver, Colorado, U.S.",Lost NBA super middleweight title,"50 years, 15 days",
Roberto Durán,5 ft 7 in (170 cm)[1],66 in (168 cm)[1],Orthodox,"Super featherweight
Lightweight
Light welterweight
Welterweight
Light middleweight
Middleweight
Super middleweight
Light heavyweight",Patrick Goossen,118,Win,103–15,UD,10,"Aug 12, 2000","Yakama Legends Casino, Toppenish, Washington, U.S.",,"49 years, 57 days",
Roberto Durán,5 ft 7 in (170 cm)[1],66 in (168 cm)[1],Orthodox,"Super featherweight
Lightweight
Light welterweight
Welterweight
Light middleweight
Middleweight
Super middleweight
Light heavyweight",Pat Lawlor,117,Win,102–15,UD,12,"Jun 16, 2000","Gimnasio Nuevo Panama, Juan Díaz, Panama",Won NBA super middleweight title,"49 years, 0 days",
Roberto Durán,5 ft 7 in (170 cm)[1],66 in (168 cm)[1],Orthodox,"Super featherweight
Lightweight
Light welterweight
Welterweight
Light middleweight
Middleweight
Super middleweight
Light heavyweight",Omar Gonzalez,116,Loss,101–15,UD,10,"Mar 6, 1999","Mar del Plata, Buenos Aires, Argentina",,"47 years, 263 days",
Roberto Durán,5 ft 7 in (170 cm)[1],66 in (168 cm)[1],Orthodox,"Super featherweight
Lightweight
Light welterweight
Welterweight
Light middleweight
Middleweight
Super middleweight
Light heavyweight",William Joppy,115,Loss,101–14,TKO,"3 (12), 2:54","Aug 28, 1998","Las Vegas Hilton, Winchester, Nevada, U.S.",For WBA middleweight title,"47 years, 73 days",
Roberto Durán,5 ft 7 in (170 cm)[1],66 in (168 cm)[1],Orthodox,"Super featherweight
Lightweight
Light welterweight
Welterweight
Light middleweight
Middleweight
Super middleweight
Light heavyweight",Felix Jose Hernandez,114,Win,101–13,UD,10,"Jan 31, 1998","Gimnasio Nuevo Panama, Panama City, Panama",,"46 years, 229 days",
Roberto Durán,5 ft 7 in (170 cm)[1],66 in (168 cm)[1],Orthodox,"Super featherweight
Lightweight
Light welterweight
Welterweight
Light middleweight
Middleweight
Super middleweight
Light heavyweight",David Radford,113,Win,100–13,UD,8,"Nov 15, 1997","Carousel Casino, Hammanskraal, South Africa",,"46 years, 152 days",
Roberto Durán,5 ft 7 in (170 cm)[1],66 in (168 cm)[1],Orthodox,"Super featherweight
Lightweight
Light welterweight
Welterweight
Light middleweight
Middleweight
Super middleweight
Light heavyweight",Jorge Castro,112,Win,99–13,UD,10,"Jun 14, 1997","Gimnasio Nuevo Panama, Panama City, Panama",,"45 years, 363 days",
Roberto Durán,5 ft 7 in (170 cm)[1],66 in (168 cm)[1],Orthodox,"Super featherweight
Lightweight
Light welterweight
Welterweight
Light middleweight
Middleweight
Super middleweight
Light heavyweight",Jorge Castro,111,Loss,98–13,UD,10,"Feb 15, 1997","Mar del Plata, Argentina",,"45 years, 244 days",
Roberto Durán,5 ft 7 in (170 cm)[1],66 in (168 cm)[1],Orthodox,"Super featherweight
Lightweight
Light welterweight
Welterweight
Light middleweight
Middleweight
Super middleweight
Light heavyweight",Mike Culbert,110,Win,98–12,TKO,"6 (10), 2:24","Sep 27, 1996","Mountaineer Casino Racetrack and Resort, Chester, West Virginia, U.S.",,"45 years, 103 days",
Roberto Durán,5 ft 7 in (170 cm)[1],66 in (168 cm)[1],Orthodox,"Super featherweight
Lightweight
Light welterweight
Welterweight
Light middleweight
Middleweight
Super middleweight
Light heavyweight",Ariel Cruz,109,Win,97–12,KO,1 (10),"Aug 31, 1996","Gimnasio Nuevo Panama, Panama City, Panama",,"45 years, 76 days",
Roberto Durán,5 ft 7 in (170 cm)[1],66 in (168 cm)[1],Orthodox,"Super featherweight
Lightweight
Light welterweight
Welterweight
Light middleweight
Middleweight
Super middleweight
Light heavyweight",Héctor Camacho,108,Loss,96–12,UD,12,"Jun 22, 1996","Etess Arena, Atlantic City, New Jersey, U.S.",For vacant IBC middleweight title,"45 years, 6 days",
Roberto Durán,5 ft 7 in (170 cm)[1],66 in (168 cm)[1],Orthodox,"Super featherweight
Lightweight
Light welterweight
Welterweight
Light middleweight
Middleweight
Super middleweight
Light heavyweight",Ray Domenge,107,Win,96–11,UD,10,"Feb 20, 1996","Mahi Shrine Auditorium, Miami, Florida, U.S.",,"44 years, 249 days",
Roberto Durán,5 ft 7 in (170 cm)[1],66 in (168 cm)[1],Orthodox,"Super featherweight
Lightweight
Light welterweight
Welterweight
Light middleweight
Middleweight
Super middleweight
Light heavyweight",Wilbur Garst,106,Win,95–11,TKO,"4 (10), 2:14","Dec 21, 1995","War Memorial Auditorium, Fort Lauderdale, Florida, U.S.",,"44 years, 188 days",
Roberto Durán,5 ft 7 in (170 cm)[1],66 in (168 cm)[1],Orthodox,"Super featherweight
Lightweight
Light welterweight
Welterweight
Light middleweight
Middleweight
Super middleweight
Light heavyweight",Roni Martinez,105,Win,94–11,TKO,"7 (10), 2:59","Jun 10, 1995","Municipal Auditorium, Kansas City, Missouri, U.S.",,"43 years, 359 days",
Roberto Durán,5 ft 7 in (170 cm)[1],66 in (168 cm)[1],Orthodox,"Super featherweight
Lightweight
Light welterweight
Welterweight
Light middleweight
Middleweight
Super middleweight
Light heavyweight",Vinny Pazienza,104,Loss,93–11,UD,12,"Jan 14, 1995","Convention Hall, Atlantic City, New Jersey, U.S.",For IBC super middleweight title,"43 years, 212 days",
Roberto Durán,5 ft 7 in (170 cm)[1],66 in (168 cm)[1],Orthodox,"Super featherweight
Lightweight
Light welterweight
Welterweight
Light middleweight
Middleweight
Super middleweight
Light heavyweight",Heath Todd,103,Win,93–10,TKO,"6 (10), 3:00","Oct 18, 1994","Casino Magic, Bay St. Louis, Mississippi, U.S.",,"43 years, 124 days",
Roberto Durán,5 ft 7 in (170 cm)[1],66 in (168 cm)[1],Orthodox,"Super featherweight
Lightweight
Light welterweight
Welterweight
Light middleweight
Middleweight
Super middleweight
Light heavyweight",Vinny Pazienza,102,Loss,92–10,UD,12,"Jun 25, 1994","MGM Grand Garden Arena, Paradise, Nevada, U.S.",For vacant IBC super middleweight title,"43 years, 9 days",
Roberto Durán,5 ft 7 in (170 cm)[1],66 in (168 cm)[1],Orthodox,"Super featherweight
Lightweight
Light welterweight
Welterweight
Light middleweight
Middleweight
Super middleweight
Light heavyweight",Terry Thomas,101,Win,92–9,TKO,"4 (10), 1:02","Mar 29, 1994","Casino Magic, Bay St. Louis, Mississippi, U.S.",,"42 years, 286 days",
Roberto Durán,5 ft 7 in (170 cm)[1],66 in (168 cm)[1],Orthodox,"Super featherweight
Lightweight
Light welterweight
Welterweight
Light middleweight
Middleweight
Super middleweight
Light heavyweight",Carlos Montero,100,Win,91–9,UD,10,"Feb 22, 1994","Marseille, France",,"42 years, 251 days",
Roberto Durán,5 ft 7 in (170 cm)[1],66 in (168 cm)[1],Orthodox,"Super featherweight
Lightweight
Light welterweight
Welterweight
Light middleweight
Middleweight
Super middleweight
Light heavyweight",Tony Menefee,99,Win,90–9,TKO,8 (10),"Dec 14, 1993","Casino Magic, Bay St. Louis, Mississippi, U.S.",,"42 years, 181 days",
Roberto Durán,5 ft 7 in (170 cm)[1],66 in (168 cm)[1],Orthodox,"Super featherweight
Lightweight
Light welterweight
Welterweight
Light middleweight
Middleweight
Super middleweight
Light heavyweight",Sean Fitzgerald,98,Win,89–9,KO,"6 (10), 1:43","Aug 17, 1993","Casino Magic, Bay St. Louis, Mississippi, U.S.",,"42 years, 62 days",
Roberto Durán,5 ft 7 in (170 cm)[1],66 in (168 cm)[1],Orthodox,"Super featherweight
Lightweight
Light welterweight
Welterweight
Light middleweight
Middleweight
Super middleweight
Light heavyweight",Jacques LeBlanc,97,Win,88–9,UD,10,"Jun 29, 1993","Casino Magic, Bay St. Louis, Mississippi, U.S.",,"42 years, 13 days",
Roberto Durán,5 ft 7 in (170 cm)[1],66 in (168 cm)[1],Orthodox,"Super featherweight
Lightweight
Light welterweight
Welterweight
Light middleweight
Middleweight
Super middleweight
Light heavyweight",Ken Hulsey,96,Win,87–9,KO,"2 (10), 2:45","Dec 17, 1992","CSU Convocation Center, Cleveland, Ohio, U.S.",,"41 years, 184 days",
Roberto Durán,5 ft 7 in (170 cm)[1],66 in (168 cm)[1],Orthodox,"Super featherweight
Lightweight
Light welterweight
Welterweight
Light middleweight
Middleweight
Super middleweight
Light heavyweight",Tony Biglen,95,Win,86–9,UD,10,"Sep 30, 1992","Memorial Auditorium, Buffalo, New York, U.S.",,"41 years, 106 days",
Roberto Durán,5 ft 7 in (170 cm)[1],66 in (168 cm)[1],Orthodox,"Super featherweight
Lightweight
Light welterweight
Welterweight
Light middleweight
Middleweight
Super middleweight
Light heavyweight",Pat Lawlor,94,Loss,85–9,TKO,"6 (10), 1:50","Mar 18, 1991","The Mirage, Paradise, Nevada, U.S.",,"39 years, 275 days",
Roberto Durán,5 ft 7 in (170 cm)[1],66 in (168 cm)[1],Orthodox,"Super featherweight
Lightweight
Light welterweight
Welterweight
Light middleweight
Middleweight
Super middleweight
Light heavyweight",Sugar Ray Leonard,93,Loss,85–8,UD,12,"Dec 7, 1989","The Mirage, Paradise, Nevada, U.S.",For WBC super middleweight title,"38 years, 174 days",
Roberto Durán,5 ft 7 in (170 cm)[1],66 in (168 cm)[1],Orthodox,"Super featherweight
Lightweight
Light welterweight
Welterweight
Light middleweight
Middleweight
Super middleweight
Light heavyweight",Iran Barkley,92,Win,85–7,SD,12,"Feb 24, 1989","Convention Hall, Atlantic City, New Jersey, U.S.",Won WBC middleweight title,"37 years, 253 days",
Roberto Durán,5 ft 7 in (170 cm)[1],66 in (168 cm)[1],Orthodox,"Super featherweight
Lightweight
Light welterweight
Welterweight
Light middleweight
Middleweight
Super middleweight
Light heavyweight",Jeff Lanas,91,Win,84–7,SD,10,"Oct 1, 1988","International Amphitheatre, Chicago, Illinois, U.S.",,"37 years, 107 days",
Roberto Durán,5 ft 7 in (170 cm)[1],66 in (168 cm)[1],Orthodox,"Super featherweight
Lightweight
Light welterweight
Welterweight
Light middleweight
Middleweight
Super middleweight
Light heavyweight",Paul Thorn,90,Win,83–7,RTD,"6 (10), 3:00","Apr 14, 1988","Tropicana, Atlantic City, New Jersey, U.S.",,"36 years, 303 days",
Roberto Durán,5 ft 7 in (170 cm)[1],66 in (168 cm)[1],Orthodox,"Super featherweight
Lightweight
Light welterweight
Welterweight
Light middleweight
Middleweight
Super middleweight
Light heavyweight",Ricky Stackhouse,89,Win,82–7,UD,10,"Feb 5, 1988","Convention Hall, Atlantic City, New Jersey, U.S.",,"36 years, 234 days",
Roberto Durán,5 ft 7 in (170 cm)[1],66 in (168 cm)[1],Orthodox,"Super featherweight
Lightweight
Light welterweight
Welterweight
Light middleweight
Middleweight
Super middleweight
Light heavyweight",Juan Carlos Giménez,88,Win,81–7,UD,10,"Sep 12, 1987","James L. Knight Convention Center, Miami Beach, Florida, U.S.",,"36 years, 88 days",
Roberto Durán,5 ft 7 in (170 cm)[1],66 in (168 cm)[1],Orthodox,"Super featherweight
Lightweight
Light welterweight
Welterweight
Light middleweight
Middleweight
Super middleweight
Light heavyweight",Victor Claudio,87,Win,80–7,UD,10,"May 16, 1987","Convention Center, Miami Beach, Florida, U.S.",,"35 years, 334 days",
Roberto Durán,5 ft 7 in (170 cm)[1],66 in (168 cm)[1],Orthodox,"Super featherweight
Lightweight
Light welterweight
Welterweight
Light middleweight
Middleweight
Super middleweight
Light heavyweight",Robbie Sims,86,Loss,79–7,SD,10,"Jun 23, 1986","Caesars Palace, Paradise, Nevada, U.S.",,"35 years, 7 days",
Roberto Durán,5 ft 7 in (170 cm)[1],66 in (168 cm)[1],Orthodox,"Super featherweight
Lightweight
Light welterweight
Welterweight
Light middleweight
Middleweight
Super middleweight
Light heavyweight",Jorge Suero,85,Win,79–6,KO,"2 (10), 1:45","Apr 18, 1986","Gimnasio Nuevo Panama, Panama City, Panama",,"34 years, 306 days",
Roberto Durán,5 ft 7 in (170 cm)[1],66 in (168 cm)[1],Orthodox,"Super featherweight
Lightweight
Light welterweight
Welterweight
Light middleweight
Middleweight
Super middleweight
Light heavyweight",Manuel Zambrano,84,Win,78–6,KO,"2 (10), 2:57","Jan 31, 1986","Gimnasio Nuevo Panama, Panama City, Panama",,"34 years, 229 days",
Roberto Durán,5 ft 7 in (170 cm)[1],66 in (168 cm)[1],Orthodox,"Super featherweight
Lightweight
Light welterweight
Welterweight
Light middleweight
Middleweight
Super middleweight
Light heavyweight",Thomas Hearns,83,Loss,77–6,KO,"2 (12), 1:05","Jun 15, 1984","Caesars Palace, Paradise, Nevada, U.S.",For WBC super welterweight title,"32 years, 365 days",
Roberto Durán,5 ft 7 in (170 cm)[1],66 in (168 cm)[1],Orthodox,"Super featherweight
Lightweight
Light welterweight
Welterweight
Light middleweight
Middleweight
Super middleweight
Light heavyweight",Marvin Hagler,82,Loss,77–5,UD,15,"Nov 10, 1983","Caesars Palace, Paradise, Nevada, U.S.","For WBA, WBC, IBF, and The Ring middleweight titles","32 years, 147 days",
Roberto Durán,5 ft 7 in (170 cm)[1],66 in (168 cm)[1],Orthodox,"Super featherweight
Lightweight
Light welterweight
Welterweight
Light middleweight
Middleweight
Super middleweight
Light heavyweight",Davey Moore,81,Win,77–4,TKO,"8 (15), 2:02","Jun 16, 1983","Madison Square Garden, New York City, New York, U.S.",Won WBA super welterweight title,"32 years, 0 days",
Roberto Durán,5 ft 7 in (170 cm)[1],66 in (168 cm)[1],Orthodox,"Super featherweight
Lightweight
Light welterweight
Welterweight
Light middleweight
Middleweight
Super middleweight
Light heavyweight",José Cuevas,80,Win,76–4,TKO,"4 (12), 2:26","Jan 29, 1983","Memorial Sports Arena, Los Angeles, California, U.S.",,"31 years, 227 days",
Roberto Durán,5 ft 7 in (170 cm)[1],66 in (168 cm)[1],Orthodox,"Super featherweight
Lightweight
Light welterweight
Welterweight
Light middleweight
Middleweight
Super middleweight
Light heavyweight",Jimmy Batten,79,Win,75–4,UD,10,"Nov 12, 1982","Orange Bowl, Miami, Florida, U.S.",,"31 years, 149 days",
Roberto Durán,5 ft 7 in (170 cm)[1],66 in (168 cm)[1],Orthodox,"Super featherweight
Lightweight
Light welterweight
Welterweight
Light middleweight
Middleweight
Super middleweight
Light heavyweight",Kirkland Laing,78,Loss,74–4,SD,10,"Sep 4, 1982","Cobo Hall, Detroit, Michigan, U.S.",,"31 years, 80 days",
Roberto Durán,5 ft 7 in (170 cm)[1],66 in (168 cm)[1],Orthodox,"Super featherweight
Lightweight
Light welterweight
Welterweight
Light middleweight
Middleweight
Super middleweight
Light heavyweight",Wilfred Benítez,77,Loss,74–3,UD,15,"Jan 30, 1982","Caesars Palace, Paradise, Nevada, U.S.",For WBC super welterweight title,"30 years, 228 days",
Roberto Durán,5 ft 7 in (170 cm)[1],66 in (168 cm)[1],Orthodox,"Super featherweight
Lightweight
Light welterweight
Welterweight
Light middleweight
Middleweight
Super middleweight
Light heavyweight",Luigi Minchillo,76,Win,74–2,UD,10,"Sep 26, 1981","Caesars Palace, Paradise, Nevada, U.S.",,"30 years, 102 days",
Roberto Durán,5 ft 7 in (170 cm)[1],66 in (168 cm)[1],Orthodox,"Super featherweight
Lightweight
Light welterweight
Welterweight
Light middleweight
Middleweight
Super middleweight
Light heavyweight",Nino Gonzalez,75,Win,73–2,UD,10,"Aug 9, 1981","Public Auditorium, Cleveland, Ohio, U.S.",,"30 years, 54 days",
Roberto Durán,5 ft 7 in (170 cm)[1],66 in (168 cm)[1],Orthodox,"Super featherweight
Lightweight
Light welterweight
Welterweight
Light middleweight
Middleweight
Super middleweight
Light heavyweight",Sugar Ray Leonard,74,Loss,72–2,TKO,"8 (15), 2:44","Nov 25, 1980","Superdome, New Orleans, Louisiana, U.S.",Lost WBC and The Ring welterweight titles,"29 years, 162 days",
Roberto Durán,5 ft 7 in (170 cm)[1],66 in (168 cm)[1],Orthodox,"Super featherweight
Lightweight
Light welterweight
Welterweight
Light middleweight
Middleweight
Super middleweight
Light heavyweight",Sugar Ray Leonard,73,Win,72–1,UD,15,"Jun 20, 1980","Olympic Stadium, Montreal, Quebec, Canada",Won WBC and The Ring welterweight titles,"29 years, 4 days",
Roberto Durán,5 ft 7 in (170 cm)[1],66 in (168 cm)[1],Orthodox,"Super featherweight
Lightweight
Light welterweight
Welterweight
Light middleweight
Middleweight
Super middleweight
Light heavyweight",Wellington Wheatley,72,Win,71–1,TKO,6 (10),"Feb 24, 1980","Tropicana Las Vegas, Paradise, Nevada, U.S.",,"28 years, 253 days",
Roberto Durán,5 ft 7 in (170 cm)[1],66 in (168 cm)[1],Orthodox,"Super featherweight
Lightweight
Light welterweight
Welterweight
Light middleweight
Middleweight
Super middleweight
Light heavyweight",Joseph Nsubuga,71,Win,70–1,RTD,"4 (10), 3:00","Jan 13, 1980","Caesars Palace, Paradise, Nevada, U.S.",,"28 years, 211 days",
Roberto Durán,5 ft 7 in (170 cm)[1],66 in (168 cm)[1],Orthodox,"Super featherweight
Lightweight
Light welterweight
Welterweight
Light middleweight
Middleweight
Super middleweight
Light heavyweight",Zeferino Gonzalez,70,Win,69–1,UD,10,"Sep 28, 1979","Caesars Palace, Paradise, Nevada, U.S.",,"28 years, 104 days",
Roberto Durán,5 ft 7 in (170 cm)[1],66 in (168 cm)[1],Orthodox,"Super featherweight
Lightweight
Light welterweight
Welterweight
Light middleweight
Middleweight
Super middleweight
Light heavyweight",Carlos Palomino,69,Win,68–1,UD,10,"Jun 22, 1979","Madison Square Garden, New York City, New York, U.S.",,"28 years, 6 days",
Roberto Durán,5 ft 7 in (170 cm)[1],66 in (168 cm)[1],Orthodox,"Super featherweight
Lightweight
Light welterweight
Welterweight
Light middleweight
Middleweight
Super middleweight
Light heavyweight",Jimmy Heair,68,Win,67–1,UD,10,"Apr 8, 1979","Caesars Palace, Paradise, Nevada, U.S.",,"28 years, 53 days",
Roberto Durán,5 ft 7 in (170 cm)[1],66 in (168 cm)[1],Orthodox,"Super featherweight
Lightweight
Light welterweight
Welterweight
Light middleweight
Middleweight
Super middleweight
Light heavyweight",Monroe Brooks,67,Win,66–1,KO,"8 (12), 1:59","Dec 8, 1978","Madison Square Garden, New York City, New York, U.S.",,"27 years, 175 days",
Roberto Durán,5 ft 7 in (170 cm)[1],66 in (168 cm)[1],Orthodox,"Super featherweight
Lightweight
Light welterweight
Welterweight
Light middleweight
Middleweight
Super middleweight
Light heavyweight",Ezequiel Obando,66,Win,65–1,KO,"2 (10), 1:09","Sep 1, 1978","Gimnasio Nuevo Panama, Panama City, Panama",,"27 years, 77 days",
Roberto Durán,5 ft 7 in (170 cm)[1],66 in (168 cm)[1],Orthodox,"Super featherweight
Lightweight
Light welterweight
Welterweight
Light middleweight
Middleweight
Super middleweight
Light heavyweight",Adolfo Viruet,65,Win,64–1,UD,10,"Apr 27, 1978","Madison Square Garden, New York City, New York, U.S.",,"26 years, 315 days",
Roberto Durán,5 ft 7 in (170 cm)[1],66 in (168 cm)[1],Orthodox,"Super featherweight
Lightweight
Light welterweight
Welterweight
Light middleweight
Middleweight
Super middleweight
Light heavyweight",Esteban de Jesús,64,Win,63–1,TKO,"12 (15), 2:32","Jan 21, 1978","Caesars Palace, Paradise, Nevada, U.S.",Retained WBA and The Ring lightweight titles; Won WBC lightweight title,"26 years, 219 days",
Roberto Durán,5 ft 7 in (170 cm)[1],66 in (168 cm)[1],Orthodox,"Super featherweight
Lightweight
Light welterweight
Welterweight
Light middleweight
Middleweight
Super middleweight
Light heavyweight",Edwin Viruet,63,Win,62–1,UD,15,"Sep 17, 1977","Spectrum, Philadelphia, Pennsylvania, U.S.",Retained WBA and The Ring lightweight titles,"26 years, 93 days",
Roberto Durán,5 ft 7 in (170 cm)[1],66 in (168 cm)[1],Orthodox,"Super featherweight
Lightweight
Light welterweight
Welterweight
Light middleweight
Middleweight
Super middleweight
Light heavyweight",Bernardo Diaz,62,Win,61–1,KO,"1 (10), 1:29","Aug 6, 1977","Gimnasio Nuevo Panama, Panama City, Panama",,"26 years, 51 days",
Roberto Durán,5 ft 7 in (170 cm)[1],66 in (168 cm)[1],Orthodox,"Super featherweight
Lightweight
Light welterweight
Welterweight
Light middleweight
Middleweight
Super middleweight
Light heavyweight",Javier Muniz,61,Win,60–1,UD,10,"May 16, 1977","Capital Centre, Landover, Maryland, U.S.",,"25 years, 334 days",
Roberto Durán,5 ft 7 in (170 cm)[1],66 in (168 cm)[1],Orthodox,"Super featherweight
Lightweight
Light welterweight
Welterweight
Light middleweight
Middleweight
Super middleweight
Light heavyweight",Vilomar Fernandez,60,Win,59–1,KO,"13 (15), 2:10","Jan 29, 1977","Fontainbleau, Miami Beach, Florida, U.S.",Retained WBA and The Ring lightweight titles,"25 years, 227 days",
Roberto Durán,5 ft 7 in (170 cm)[1],66 in (168 cm)[1],Orthodox,"Super featherweight
Lightweight
Light welterweight
Welterweight
Light middleweight
Middleweight
Super middleweight
Light heavyweight",Alvaro Rojas,59,Win,58–1,KO,"1 (15), 2:17","Oct 15, 1976","Sportatorium, Pembroke Pines, Florida, U.S.",Retained WBA and The Ring lightweight titles,"25 years, 121 days",
Roberto Durán,5 ft 7 in (170 cm)[1],66 in (168 cm)[1],Orthodox,"Super featherweight
Lightweight
Light welterweight
Welterweight
Light middleweight
Middleweight
Super middleweight
Light heavyweight",Emiliano Villa,58,Win,57–1,TKO,"7 (10), 2:00","Jul 31, 1976","Gimnasio Nuevo Panama, Panama City, Panama",,"25 years, 45 days",
Roberto Durán,5 ft 7 in (170 cm)[1],66 in (168 cm)[1],Orthodox,"Super featherweight
Lightweight
Light welterweight
Welterweight
Light middleweight
Middleweight
Super middleweight
Light heavyweight",Lou Bizzarro,57,Win,56–1,KO,"14 (15), 2:15","May 23, 1976","County Field House, Erie, Pennsylvania, U.S.",Retained WBA and The Ring lightweight titles,"24 years, 342 days",
Roberto Durán,5 ft 7 in (170 cm)[1],66 in (168 cm)[1],Orthodox,"Super featherweight
Lightweight
Light welterweight
Welterweight
Light middleweight
Middleweight
Super middleweight
Light heavyweight",Saoul Mamby,56,Win,55–1,UD,10,"May 4, 1976","Miami Beach, Florida, U.S.",,"24 years, 323 days",
Roberto Durán,5 ft 7 in (170 cm)[1],66 in (168 cm)[1],Orthodox,"Super featherweight
Lightweight
Light welterweight
Welterweight
Light middleweight
Middleweight
Super middleweight
Light heavyweight",Leoncio Ortiz,55,Win,54–1,KO,"15 (15), 2:39","Dec 20, 1975","Roberto Clemente Coliseum, San Juan, Puerto Rico",Retained WBA and The Ring lightweight titles,"24 years, 187 days",
Roberto Durán,5 ft 7 in (170 cm)[1],66 in (168 cm)[1],Orthodox,"Super featherweight
Lightweight
Light welterweight
Welterweight
Light middleweight
Middleweight
Super middleweight
Light heavyweight",Edwin Viruet,54,Win,53–1,UD,10,"Sep 30, 1975","Nassau Veterans Memorial Coliseum, Hempstead, New York, U.S.",,"24 years, 106 days",
Roberto Durán,5 ft 7 in (170 cm)[1],66 in (168 cm)[1],Orthodox,"Super featherweight
Lightweight
Light welterweight
Welterweight
Light middleweight
Middleweight
Super middleweight
Light heavyweight",Alirio Acuna,53,Win,52–1,KO,3 (10),"Sep 13, 1975","Gimnasio Jose D. Crespo, Chitré, Panama",,"24 years, 89 days",
Roberto Durán,5 ft 7 in (170 cm)[1],66 in (168 cm)[1],Orthodox,"Super featherweight
Lightweight
Light welterweight
Welterweight
Light middleweight
Middleweight
Super middleweight
Light heavyweight",Pepe El Toro,52,Win,51–1,KO,"1 (10), 2:00","Aug 2, 1975","Roberto Clemente Stadium, Managua, Nicaragua",,"24 years, 47 days",
Roberto Durán,5 ft 7 in (170 cm)[1],66 in (168 cm)[1],Orthodox,"Super featherweight
Lightweight
Light welterweight
Welterweight
Light middleweight
Middleweight
Super middleweight
Light heavyweight",Jose Peterson,51,Win,50–1,TKO,"1 (10), 1:02","Jun 3, 1975","Convention Center, Miami Beach, Florida, U.S.",,"23 years, 352 days",
Roberto Durán,5 ft 7 in (170 cm)[1],66 in (168 cm)[1],Orthodox,"Super featherweight
Lightweight
Light welterweight
Welterweight
Light middleweight
Middleweight
Super middleweight
Light heavyweight",Ray Lampkin,50,Win,49–1,KO,"14 (15), 0:39","Mar 2, 1975","Gimnasio Nuevo Panama, Panama City, Panama",Retained WBA and The Ring lightweight titles,"23 years, 259 days",
Roberto Durán,5 ft 7 in (170 cm)[1],66 in (168 cm)[1],Orthodox,"Super featherweight
Lightweight
Light welterweight
Welterweight
Light middleweight
Middleweight
Super middleweight
Light heavyweight",Andres Salgado,49,Win,48–1,KO,"1 (10), 1:00","Feb 15, 1975","Gimnasio Nuevo Panama, Panama City, Panama",,"23 years, 244 days",
Roberto Durán,5 ft 7 in (170 cm)[1],66 in (168 cm)[1],Orthodox,"Super featherweight
Lightweight
Light welterweight
Welterweight
Light middleweight
Middleweight
Super middleweight
Light heavyweight",Masataka Takayama,48,Win,47–1,KO,"1 (15), 1:40","Dec 21, 1974","Plaza de Toros El Zapote, San José, Costa Rica",Retained WBA and The Ring lightweight titles,"23 years, 188 days",
Roberto Durán,5 ft 7 in (170 cm)[1],66 in (168 cm)[1],Orthodox,"Super featherweight
Lightweight
Light welterweight
Welterweight
Light middleweight
Middleweight
Super middleweight
Light heavyweight",Adalberto Vanegas,47,Win,46–1,KO,1 (10),"Nov 16, 1974","Gimnasio Nuevo Panama, Panama City, Panama",,"23 years, 153 days",
Roberto Durán,5 ft 7 in (170 cm)[1],66 in (168 cm)[1],Orthodox,"Super featherweight
Lightweight
Light welterweight
Welterweight
Light middleweight
Middleweight
Super middleweight
Light heavyweight",Jose Vasquez,46,Win,45–1,KO,2 (10),"Oct 31, 1974","Gimnasio Eddie Cortez, San José, Costa Rica",,"23 years, 137 days",
Roberto Durán,5 ft 7 in (170 cm)[1],66 in (168 cm)[1],Orthodox,"Super featherweight
Lightweight
Light welterweight
Welterweight
Light middleweight
Middleweight
Super middleweight
Light heavyweight",Hector Matta,45,Win,44–1,UD,10,"Sep 2, 1974","Roberto Clemente Coliseum, San Juan, Puerto Rico",,"23 years, 78 days",
Roberto Durán,5 ft 7 in (170 cm)[1],66 in (168 cm)[1],Orthodox,"Super featherweight
Lightweight
Light welterweight
Welterweight
Light middleweight
Middleweight
Super middleweight
Light heavyweight",Flash Gallego,44,Win,43–1,TKO,"7 (10), 2:35","Jul 6, 1974","Gimnasio Nuevo Panama, Panama City, Panama",,"23 years, 20 days",
Roberto Durán,5 ft 7 in (170 cm)[1],66 in (168 cm)[1],Orthodox,"Super featherweight
Lightweight
Light welterweight
Welterweight
Light middleweight
Middleweight
Super middleweight
Light heavyweight",Esteban de Jesús,43,Win,42–1,KO,"11 (15), 1:11","Mar 16, 1974","Gimnasio Nuevo Panama, Panama City, Panama",Retained WBA and The Ring lightweight titles,"22 years, 273 days",
Roberto Durán,5 ft 7 in (170 cm)[1],66 in (168 cm)[1],Orthodox,"Super featherweight
Lightweight
Light welterweight
Welterweight
Light middleweight
Middleweight
Super middleweight
Light heavyweight",Armando Mendoza,42,Win,41–1,TKO,"3 (10), 1:50","Feb 16, 1974","Gimnasio Nuevo Panama, Panama City, Panama",,"22 years, 245 days",
Roberto Durán,5 ft 7 in (170 cm)[1],66 in (168 cm)[1],Orthodox,"Super featherweight
Lightweight
Light welterweight
Welterweight
Light middleweight
Middleweight
Super middleweight
Light heavyweight",Leonard Tavarez,41,Win,40–1,TKO,4 (10),"Jan 21, 1974","Palais des Sports, Paris, France",,"22 years, 219 days",
Roberto Durán,5 ft 7 in (170 cm)[1],66 in (168 cm)[1],Orthodox,"Super featherweight
Lightweight
Light welterweight
Welterweight
Light middleweight
Middleweight
Super middleweight
Light heavyweight",Tony Garcia,40,Win,39–1,KO,3 (10),"Dec 1, 1973","Gimnasio Escuela Normal, Santiago de Veraguas, Panama",,"22 years, 168 days",
Roberto Durán,5 ft 7 in (170 cm)[1],66 in (168 cm)[1],Orthodox,"Super featherweight
Lightweight
Light welterweight
Welterweight
Light middleweight
Middleweight
Super middleweight
Light heavyweight",Guts Ishimatsu,39,Win,38–1,TKO,"10 (15), 2:10","Sep 8, 1973","Gimnasio Nuevo Panama, Panama City, Panama",Retained WBA and The Ring lightweight titles,"22 years, 84 days",
Roberto Durán,5 ft 7 in (170 cm)[1],66 in (168 cm)[1],Orthodox,"Super featherweight
Lightweight
Light welterweight
Welterweight
Light middleweight
Middleweight
Super middleweight
Light heavyweight",Doc McClendon,38,Win,37–1,UD,10,"Aug 4, 1973","Roberto Clemente Coliseum, San Juan, Puerto Rico",,"22 years, 49 days",
Roberto Durán,5 ft 7 in (170 cm)[1],66 in (168 cm)[1],Orthodox,"Super featherweight
Lightweight
Light welterweight
Welterweight
Light middleweight
Middleweight
Super middleweight
Light heavyweight",Hector Thompson,37,Win,36–1,TKO,"8 (15), 2:15","Jun 2, 1973","Gimnasio Nuevo Panama, Panama City, Panama",Retained WBA and The Ring lightweight titles,"21 years, 351 days",
Roberto Durán,5 ft 7 in (170 cm)[1],66 in (168 cm)[1],Orthodox,"Super featherweight
Lightweight
Light welterweight
Welterweight
Light middleweight
Middleweight
Super middleweight
Light heavyweight",Gerardo Ferrat,36,Win,35–1,TKO,"2 (10), 2:45","Apr 14, 1973","Gimnasio Nuevo Panama, Panama City, Panama",,"21 years, 302 days",
Roberto Durán,5 ft 7 in (170 cm)[1],66 in (168 cm)[1],Orthodox,"Super featherweight
Lightweight
Light welterweight
Welterweight
Light middleweight
Middleweight
Super middleweight
Light heavyweight",Javier Ayala,35,Win,34–1,UD,10,"Mar 17, 1973","Memorial Sports Arena, Los Angeles, California, U.S.",,"21 years, 274 days",
Roberto Durán,5 ft 7 in (170 cm)[1],66 in (168 cm)[1],Orthodox,"Super featherweight
Lightweight
Light welterweight
Welterweight
Light middleweight
Middleweight
Super middleweight
Light heavyweight",Juan Medina,34,Win,33–1,TKO,"7 (10), 1:22","Feb 22, 1973","Grand Olympic Auditorium, Los Angeles, California, U.S.",,"21 years, 251 days",
Roberto Durán,5 ft 7 in (170 cm)[1],66 in (168 cm)[1],Orthodox,"Super featherweight
Lightweight
Light welterweight
Welterweight
Light middleweight
Middleweight
Super middleweight
Light heavyweight",Jimmy Robertson,33,Win,32–1,KO,5 (15),"Jan 20, 1973","Gimnasio Nuevo Panama, Panama City, Panama",Retained WBA and The Ring lightweight titles,"21 years, 218 days",
Roberto Durán,5 ft 7 in (170 cm)[1],66 in (168 cm)[1],Orthodox,"Super featherweight
Lightweight
Light welterweight
Welterweight
Light middleweight
Middleweight
Super middleweight
Light heavyweight",Esteban de Jesús,32,Loss,31–1,UD,10,"Nov 17, 1972","Madison Square Garden, New York City, New York, U.S.",,"21 years, 154 days",
Roberto Durán,5 ft 7 in (170 cm)[1],66 in (168 cm)[1],Orthodox,"Super featherweight
Lightweight
Light welterweight
Welterweight
Light middleweight
Middleweight
Super middleweight
Light heavyweight",Lupe Ramirez,31,Win,31–0,KO,"1 (10), 3:03","Oct 28, 1972","Gimnasio Nuevo Panama, Panama City, Panama",,"21 years, 134 days",
Roberto Durán,5 ft 7 in (170 cm)[1],66 in (168 cm)[1],Orthodox,"Super featherweight
Lightweight
Light welterweight
Welterweight
Light middleweight
Middleweight
Super middleweight
Light heavyweight",Greg Potter,30,Win,30–0,KO,"1 (10), 1:58","Sep 2, 1972","Gimnasio Nuevo Panama, Panama City, Panama",,"21 years, 78 days",
Roberto Durán,5 ft 7 in (170 cm)[1],66 in (168 cm)[1],Orthodox,"Super featherweight
Lightweight
Light welterweight
Welterweight
Light middleweight
Middleweight
Super middleweight
Light heavyweight",Ken Buchanan,29,Win,29–0,TKO,13 (15),"Jun 26, 1972","Madison Square Garden, New York City, New York, U.S.",Won WBA and The Ring lightweight titles,"21 years, 10 days",
Roberto Durán,5 ft 7 in (170 cm)[1],66 in (168 cm)[1],Orthodox,"Super featherweight
Lightweight
Light welterweight
Welterweight
Light middleweight
Middleweight
Super middleweight
Light heavyweight",Francisco Munoz,28,Win,28–0,TKO,"1 (10), 2:34","Mar 10, 1972","Gimnasio Nuevo Panama, Panama City, Panama",,"20 years, 268 days",
Roberto Durán,5 ft 7 in (170 cm)[1],66 in (168 cm)[1],Orthodox,"Super featherweight
Lightweight
Light welterweight
Welterweight
Light middleweight
Middleweight
Super middleweight
Light heavyweight",Angel Robinson Garcia,27,Win,27–0,UD,10,"Jan 15, 1972","Gimnasio Nuevo Panama, Panama City, Panama",,"20 years, 213 days",
Roberto Durán,5 ft 7 in (170 cm)[1],66 in (168 cm)[1],Orthodox,"Super featherweight
Lightweight
Light welterweight
Welterweight
Light middleweight
Middleweight
Super middleweight
Light heavyweight",Hiroshi Kobayashi,26,Win,26–0,KO,"7 (10), 0:30","Oct 16, 1971","Gimnasio Nuevo Panama, Panama City, Panama",,"20 years, 122 days",
Roberto Durán,5 ft 7 in (170 cm)[1],66 in (168 cm)[1],Orthodox,"Super featherweight
Lightweight
Light welterweight
Welterweight
Light middleweight
Middleweight
Super middleweight
Light heavyweight",Benny Huertas,25,Win,25–0,TKO,"1 (10), 1:06","Sep 13, 1971","Madison Square Garden, New York City, New York, U.S.",,"20 years, 89 days",
Roberto Durán,5 ft 7 in (170 cm)[1],66 in (168 cm)[1],Orthodox,"Super featherweight
Lightweight
Light welterweight
Welterweight
Light middleweight
Middleweight
Super middleweight
Light heavyweight",Fermin Soto,24,Win,24–0,TKO,3 (10),"Jul 18, 1971","Monterrey, Mexico",,"20 years, 32 days",
Roberto Durán,5 ft 7 in (170 cm)[1],66 in (168 cm)[1],Orthodox,"Super featherweight
Lightweight
Light welterweight
Welterweight
Light middleweight
Middleweight
Super middleweight
Light heavyweight",Lloyd Marshall,23,Win,23–0,TKO,"6 (10), 1:37","May 29, 1971","Gimnasio Nuevo Panama, Panama City, Panama",,"19 years, 347 days",
Roberto Durán,5 ft 7 in (170 cm)[1],66 in (168 cm)[1],Orthodox,"Super featherweight
Lightweight
Light welterweight
Welterweight
Light middleweight
Middleweight
Super middleweight
Light heavyweight",Jose Acosta,22,Win,22–0,KO,"1 (10), 1:55","Mar 21, 1971","Gimnasio Nuevo Panama, Panama City, Panama",,"19 years, 278 days",
Roberto Durán,5 ft 7 in (170 cm)[1],66 in (168 cm)[1],Orthodox,"Super featherweight
Lightweight
Light welterweight
Welterweight
Light middleweight
Middleweight
Super middleweight
Light heavyweight",Jose Angel Herrera,21,Win,21–0,KO,6 (10),"Jan 10, 1971","Toreo, Monterrey, Mexico",,"19 years, 208 days",
Roberto Durán,5 ft 7 in (170 cm)[1],66 in (168 cm)[1],Orthodox,"Super featherweight
Lightweight
Light welterweight
Welterweight
Light middleweight
Middleweight
Super middleweight
Light heavyweight",Ignacio Castaneda,20,Win,20–0,TKO,3 (10),"Oct 18, 1970","Gimnasio Nuevo Panamá, Panama City, Panama",,"19 years, 124 days",
Roberto Durán,5 ft 7 in (170 cm)[1],66 in (168 cm)[1],Orthodox,"Super featherweight
Lightweight
Light welterweight
Welterweight
Light middleweight
Middleweight
Super middleweight
Light heavyweight",Marvin Castaneda,19,Win,19–0,KO,"1 (10), 1:30","Sep 5, 1970","Gimnasio Municipal, Puerto Armuelles, Panama",,"19 years, 81 days",
Roberto Durán,5 ft 7 in (170 cm)[1],66 in (168 cm)[1],Orthodox,"Super featherweight
Lightweight
Light welterweight
Welterweight
Light middleweight
Middleweight
Super middleweight
Light heavyweight",Clemente Mucino,18,Win,18–0,KO,"6 (10), 2:18","Jul 18, 1970","Arena de Colón, Colón, Panama",,"19 years, 32 days",
Roberto Durán,5 ft 7 in (170 cm)[1],66 in (168 cm)[1],Orthodox,"Super featherweight
Lightweight
Light welterweight
Welterweight
Light middleweight
Middleweight
Super middleweight
Light heavyweight",Ernesto Marcel,17,Win,17–0,TKO,10 (10),"May 16, 1970","Gimnasio Nuevo Panama, Panama City, Panama",,"18 years, 334 days",
Roberto Durán,5 ft 7 in (170 cm)[1],66 in (168 cm)[1],Orthodox,"Super featherweight
Lightweight
Light welterweight
Welterweight
Light middleweight
Middleweight
Super middleweight
Light heavyweight",Felipe Torres,16,Win,16–0,UD,10,"Mar 28, 1970","Mexico City, Mexico",,"18 years, 285 days",
Roberto Durán,5 ft 7 in (170 cm)[1],66 in (168 cm)[1],Orthodox,"Super featherweight
Lightweight
Light welterweight
Welterweight
Light middleweight
Middleweight
Super middleweight
Light heavyweight",Luis Patino,15,Win,15–0,KO,8 (10),"Nov 23, 1969","Gimnasio Neco de la Guardia, Panama City, Panama",,"18 years, 160 days",
Roberto Durán,5 ft 7 in (170 cm)[1],66 in (168 cm)[1],Orthodox,"Super featherweight
Lightweight
Light welterweight
Welterweight
Light middleweight
Middleweight
Super middleweight
Light heavyweight",Serafin Garcia,14,Win,14–0,TKO,5 (8),"Sep 21, 1969","Gimnasio Neco de la Guardia, Panama City, Panama",,"18 years, 97 days",
Roberto Durán,5 ft 7 in (170 cm)[1],66 in (168 cm)[1],Orthodox,"Super featherweight
Lightweight
Light welterweight
Welterweight
Light middleweight
Middleweight
Super middleweight
Light heavyweight",Adolfo Osses,13,Win,13–0,TKO,7 (8),"Jun 22, 1969","Gimnasio Neco de la Guardia, Panama City, Panama",,"18 years, 6 days",
Roberto Durán,5 ft 7 in (170 cm)[1],66 in (168 cm)[1],Orthodox,"Super featherweight
Lightweight
Light welterweight
Welterweight
Light middleweight
Middleweight
Super middleweight
Light heavyweight",Jacinto Garcia,12,Win,12–0,TKO,4 (8),"May 18, 1969","Gimnasio Neco de la Guardia, Panama City, Panama",,"17 years, 336 days",
Roberto Durán,5 ft 7 in (170 cm)[1],66 in (168 cm)[1],Orthodox,"Super featherweight
Lightweight
Light welterweight
Welterweight
Light middleweight
Middleweight
Super middleweight
Light heavyweight",Eduardo Frutos,11,Win,11–0,UD,6,"Feb 1, 1969","Estadio Nacional, Panama City, Panama",,"17 years, 230 days",
Roberto Durán,5 ft 7 in (170 cm)[1],66 in (168 cm)[1],Orthodox,"Super featherweight
Lightweight
Light welterweight
Welterweight
Light middleweight
Middleweight
Super middleweight
Light heavyweight",Alberto Brand,10,Win,10–0,TKO,"4 (6), 2:50","Jan 19, 1969","Gimnasio Neco de la Guardia, Panama City, Panama",,"17 years, 217 days",
Roberto Durán,5 ft 7 in (170 cm)[1],66 in (168 cm)[1],Orthodox,"Super featherweight
Lightweight
Light welterweight
Welterweight
Light middleweight
Middleweight
Super middleweight
Light heavyweight",Carlos Howard,9,Win,9–0,TKO,1 (6),"Dec 7, 1968","Gimnasio Neco de la Guardia, Panama City, Panama",,"17 years, 174 days",
Roberto Durán,5 ft 7 in (170 cm)[1],66 in (168 cm)[1],Orthodox,"Super featherweight
Lightweight
Light welterweight
Welterweight
Light middleweight
Middleweight
Super middleweight
Light heavyweight",Juan Gondola,8,Win,8–0,KO,2 (6),"Nov 16, 1968","Arena de Colón, Colón, Panama",,"17 years, 153 days",
Roberto Durán,5 ft 7 in (170 cm)[1],66 in (168 cm)[1],Orthodox,"Super featherweight
Lightweight
Light welterweight
Welterweight
Light middleweight
Middleweight
Super middleweight
Light heavyweight",Cesar De Leon,7,Win,7–0,KO,"1 (6), 1:20","Sep 22, 1968","Gimnasio Neco de la Guardia, Panama City, Panama",,"17 years, 98 days",
Roberto Durán,5 ft 7 in (170 cm)[1],66 in (168 cm)[1],Orthodox,"Super featherweight
Lightweight
Light welterweight
Welterweight
Light middleweight
Middleweight
Super middleweight
Light heavyweight",Leroy Carghill,6,Win,6–0,KO,1 (6),"Aug 25, 1968","Gimnasio Neco de la Guardia, Panama City, Panama",,"17 years, 70 days",
Roberto Durán,5 ft 7 in (170 cm)[1],66 in (168 cm)[1],Orthodox,"Super featherweight
Lightweight
Light welterweight
Welterweight
Light middleweight
Middleweight
Super middleweight
Light heavyweight",Enrique Jacobo,5,Win,5–0,KO,1 (6),"Aug 10, 1968","Panama City, Panama",,"17 years, 55 days",
Roberto Durán,5 ft 7 in (170 cm)[1],66 in (168 cm)[1],Orthodox,"Super featherweight
Lightweight
Light welterweight
Welterweight
Light middleweight
Middleweight
Super middleweight
Light heavyweight",Eduardo Morales,4,Win,4–0,KO,"1 (4), 3:00","Jun 30, 1968","Gimnasio Neco de la Guardia, Panama City, Panama",,"17 years, 14 days",
Roberto Durán,5 ft 7 in (170 cm)[1],66 in (168 cm)[1],Orthodox,"Super featherweight
Lightweight
Light welterweight
Welterweight
Light middleweight
Middleweight
Super middleweight
Light heavyweight",Manuel Jimenez,3,Win,3–0,KO,1 (4),"Jun 15, 1968","Arena de Colón, Colón, Panama",,"16 years, 365 days",
Roberto Durán,5 ft 7 in (170 cm)[1],66 in (168 cm)[1],Orthodox,"Super featherweight
Lightweight
Light welterweight
Welterweight
Light middleweight
Middleweight
Super middleweight
Light heavyweight",Juan Gondola,2,Win,2–0,KO,1 (4),"May 14, 1968","Colón, Panama",,"16 years, 333 days",
Roberto Durán,5 ft 7 in (170 cm)[1],66 in (168 cm)[1],Orthodox,"Super featherweight
Lightweight
Light welterweight
Welterweight
Light middleweight
Middleweight
Super middleweight
Light heavyweight",Carlos Mendoza,1,Win,1–0,UD,4,"Feb 23, 1968","Arena de Colón, Colón, Panama",,"16 years, 252 days",
Shane Mosley,5 ft 9 in (175 cm)[1],74 in (188 cm)[1],Orthodox,"Lightweight
Welterweight
Light middleweight",David Avanesyan,61,Loss,49–10–1 (1),UD,12,"May 28, 2016","Gila River Arena, Glendale, Arizona, U.S.",For WBA interim welterweight title,,
Shane Mosley,5 ft 9 in (175 cm)[1],74 in (188 cm)[1],Orthodox,"Lightweight
Welterweight
Light middleweight",Patrick López,60,Win,49–9–1 (1),TKO,"10 (10), 2:00","Dec 17, 2015","Roberto Durán Arena, Panama City, Panama",Won vacant WBA Continental light middleweight title,,
Shane Mosley,5 ft 9 in (175 cm)[1],74 in (188 cm)[1],Orthodox,"Lightweight
Welterweight
Light middleweight",Ricardo Mayorga,59,Win,48–9–1 (1),KO,"6 (12), 2:59","Aug 29, 2015","The Forum, Inglewood, California, U.S.",,,
Shane Mosley,5 ft 9 in (175 cm)[1],74 in (188 cm)[1],Orthodox,"Lightweight
Welterweight
Light middleweight",Anthony Mundine,58,Loss,47–9–1 (1),RTD,"6 (12), 3:00","Nov 27, 2013","Allphones Arena, Sydney, Australia",For vacant WBA International light middleweight title,,
Shane Mosley,5 ft 9 in (175 cm)[1],74 in (188 cm)[1],Orthodox,"Lightweight
Welterweight
Light middleweight",Pablo César Cano,57,Win,47–8–1 (1),UD,12,"May 18, 2013","Grand Oasis, Cancún, Mexico",Won vacant WBC International welterweight title,,
Shane Mosley,5 ft 9 in (175 cm)[1],74 in (188 cm)[1],Orthodox,"Lightweight
Welterweight
Light middleweight",Canelo Álvarez,56,Loss,46–8–1 (1),UD,12,"May 5, 2012","MGM Grand Garden Arena, Paradise, Nevada, U.S.",For WBC light middleweight title,,
Shane Mosley,5 ft 9 in (175 cm)[1],74 in (188 cm)[1],Orthodox,"Lightweight
Welterweight
Light middleweight",Manny Pacquiao,55,Loss,46–7–1 (1),UD,12,"May 7, 2011","MGM Grand Garden Arena, Paradise, Nevada, U.S.",For WBO welterweight title,,
Shane Mosley,5 ft 9 in (175 cm)[1],74 in (188 cm)[1],Orthodox,"Lightweight
Welterweight
Light middleweight",Sergio Mora,54,Draw,46–6–1 (1),SD,12,"Sep 18, 2010","Staples Center, Los Angeles, California, U.S.",,,
Shane Mosley,5 ft 9 in (175 cm)[1],74 in (188 cm)[1],Orthodox,"Lightweight
Welterweight
Light middleweight",Floyd Mayweather Jr.,53,Loss,46–6 (1),UD,12,"May 1, 2010","MGM Grand Garden Arena, Paradise, Nevada, U.S.",,,
Shane Mosley,5 ft 9 in (175 cm)[1],74 in (188 cm)[1],Orthodox,"Lightweight
Welterweight
Light middleweight",Antonio Margarito,52,Win,46–5 (1),TKO,"9 (12), 0:43","Jan 24, 2009","Staples Center, Los Angeles, California, U.S.",Won WBA (Super) welterweight title,,
Shane Mosley,5 ft 9 in (175 cm)[1],74 in (188 cm)[1],Orthodox,"Lightweight
Welterweight
Light middleweight",Ricardo Mayorga,51,Win,45–5 (1),TKO,"12 (12), 2:59","Sep 27, 2008","Home Depot Center, Carson, California, U.S.",Won vacant WBA Inter-Continental light middleweight title,,
Shane Mosley,5 ft 9 in (175 cm)[1],74 in (188 cm)[1],Orthodox,"Lightweight
Welterweight
Light middleweight",Miguel Cotto,50,Loss,44–5 (1),UD,12,"Nov 14, 2007","Madison Square Garden, New York City, New York, U.S.",For WBA welterweight title,,
Shane Mosley,5 ft 9 in (175 cm)[1],74 in (188 cm)[1],Orthodox,"Lightweight
Welterweight
Light middleweight",Luis Collazo,49,Win,44–4 (1),UD,12,"Feb 10, 2007","MGM Grand Garden Arena, Paradise, Nevada, U.S.",Won WBC interim welterweight title,,
Shane Mosley,5 ft 9 in (175 cm)[1],74 in (188 cm)[1],Orthodox,"Lightweight
Welterweight
Light middleweight",Fernando Vargas,48,Win,43–4 (1),TKO,"6 (12), 2:38","Jul 15, 2006","MGM Grand Garden Arena, Paradise, Nevada, U.S.",,,
Shane Mosley,5 ft 9 in (175 cm)[1],74 in (188 cm)[1],Orthodox,"Lightweight
Welterweight
Light middleweight",Fernando Vargas,47,Win,42–4 (1),TKO,"10 (12), 1:22","Feb 25, 2006","Mandalay Bay Events Center, Paradise, Nevada, U.S.",,,
Shane Mosley,5 ft 9 in (175 cm)[1],74 in (188 cm)[1],Orthodox,"Lightweight
Welterweight
Light middleweight",José Luis Cruz,46,Win,41–4 (1),UD,10,"Sep 17, 2005","MGM Grand Garden Arena, Paradise, Nevada, U.S.",,,
Shane Mosley,5 ft 9 in (175 cm)[1],74 in (188 cm)[1],Orthodox,"Lightweight
Welterweight
Light middleweight",David Estrada,45,Win,40–4 (1),UD,10,"Apr 23, 2005","Caesars Palace, Paradise, Nevada, U.S.",,,
Shane Mosley,5 ft 9 in (175 cm)[1],74 in (188 cm)[1],Orthodox,"Lightweight
Welterweight
Light middleweight",Winky Wright,44,Loss,39–4 (1),MD,12,"Nov 20, 2004","Mandalay Bay Events Center, Paradise, Nevada, U.S.","For WBA (Unified), WBC, and The Ring light middleweight titles",,
Shane Mosley,5 ft 9 in (175 cm)[1],74 in (188 cm)[1],Orthodox,"Lightweight
Welterweight
Light middleweight",Winky Wright,43,Loss,39–3 (1),UD,12,"Mar 13, 2004","Mandalay Bay Events Center, Paradise, Nevada, U.S.","Lost WBA (Unified), WBC, and The Ring light middleweight titles; For IBF light middleweight title",,
Shane Mosley,5 ft 9 in (175 cm)[1],74 in (188 cm)[1],Orthodox,"Lightweight
Welterweight
Light middleweight",Oscar De La Hoya,42,Win,39–2 (1),UD,12,"Sep 13, 2003","MGM Grand Garden Arena, Paradise, Nevada, U.S.","Won WBA (Unified), WBC, IBA, and The Ring light middleweight titles",,
Shane Mosley,5 ft 9 in (175 cm)[1],74 in (188 cm)[1],Orthodox,"Lightweight
Welterweight
Light middleweight",Raúl Márquez,41,NC,38–2 (1),NC,"3 (12), 2:41","Feb 8, 2003","Mandalay Bay Events Center, Paradise, Nevada, U.S.",Márquez cut from an accidental head clash,,
Shane Mosley,5 ft 9 in (175 cm)[1],74 in (188 cm)[1],Orthodox,"Lightweight
Welterweight
Light middleweight",Vernon Forrest,40,Loss,38–2,UD,12,"Jul 20, 2002","Conseco Fieldhouse, Indianapolis, Indiana, U.S.",For WBC and The Ring welterweight titles,,
Shane Mosley,5 ft 9 in (175 cm)[1],74 in (188 cm)[1],Orthodox,"Lightweight
Welterweight
Light middleweight",Vernon Forrest,39,Loss,38–1,UD,12,"Jan 26, 2002","The Theater at Madison Square Garden, New York City, New York, U.S.",Lost WBC welterweight title; For vacant The Ring welterweight title,,
Shane Mosley,5 ft 9 in (175 cm)[1],74 in (188 cm)[1],Orthodox,"Lightweight
Welterweight
Light middleweight",Adrian Stone,38,Win,38–0,TKO,"3 (12), 2:01","Jul 21, 2001","Caesars Palace, Paradise, Nevada, U.S.",Retained WBC welterweight title,,
Shane Mosley,5 ft 9 in (175 cm)[1],74 in (188 cm)[1],Orthodox,"Lightweight
Welterweight
Light middleweight",Shannan Taylor,37,Win,37–0,RTD,"6 (12), 3:00","Mar 10, 2001","Caesars Palace, Paradise, Nevada, U.S.",Retained WBC welterweight title,,
Shane Mosley,5 ft 9 in (175 cm)[1],74 in (188 cm)[1],Orthodox,"Lightweight
Welterweight
Light middleweight",Antonio Díaz,36,Win,36–0,TKO,"6 (12), 1:36","Nov 4, 2000","The Theater at Madison Square Garden, New York City, New York, U.S.",Retained WBC welterweight title,,
Shane Mosley,5 ft 9 in (175 cm)[1],74 in (188 cm)[1],Orthodox,"Lightweight
Welterweight
Light middleweight",Oscar De La Hoya,35,Win,35–0,SD,12,"Jun 17, 2000","Staples Center, Los Angeles, California, U.S.",Won WBC and IBA welterweight titles,,
Shane Mosley,5 ft 9 in (175 cm)[1],74 in (188 cm)[1],Orthodox,"Lightweight
Welterweight
Light middleweight",Willy Wise,34,Win,34–0,TKO,"3 (10), 2:28","Jan 22, 2000","The Joint, Paradise, Nevada, U.S.",,,
Shane Mosley,5 ft 9 in (175 cm)[1],74 in (188 cm)[1],Orthodox,"Lightweight
Welterweight
Light middleweight",Wilfredo Rivera,33,Win,33–0,KO,"10 (10), 2:38","Sep 25, 1999","Pechanga Resort & Casino, Temecula, California, U.S.",,,
Shane Mosley,5 ft 9 in (175 cm)[1],74 in (188 cm)[1],Orthodox,"Lightweight
Welterweight
Light middleweight",John Brown,32,Win,32–0,TKO,"8 (12), 3:00","Apr 17, 1999","Fantasy Springs Resort Casino, Indio, California, U.S.",Retained IBF lightweight title,,
Shane Mosley,5 ft 9 in (175 cm)[1],74 in (188 cm)[1],Orthodox,"Lightweight
Welterweight
Light middleweight",Golden Johnson,31,Win,31–0,KO,"7 (12), 2:59","Jan 9, 1999","Civic Center, Pensacola, Florida, U.S.",Retained IBF lightweight title,,
Shane Mosley,5 ft 9 in (175 cm)[1],74 in (188 cm)[1],Orthodox,"Lightweight
Welterweight
Light middleweight",Jesse James Leija,30,Win,30–0,RTD,"9 (12), 3:00","Nov 14, 1998","Foxwoods Resort Casino, Ledyard, Connecticut, U.S.",Retained IBF lightweight title,,
Shane Mosley,5 ft 9 in (175 cm)[1],74 in (188 cm)[1],Orthodox,"Lightweight
Welterweight
Light middleweight",Eduardo Morales,29,Win,29–0,TKO,"5 (12), 2:06","Sep 22, 1998","The Theater at Madison Square Garden, New York City, New York, U.S.",Retained IBF lightweight title,,
Shane Mosley,5 ft 9 in (175 cm)[1],74 in (188 cm)[1],Orthodox,"Lightweight
Welterweight
Light middleweight",Wilfredo Ruiz,28,Win,28–0,KO,"5 (12), 2:32","Jun 27, 1998","Apollo Theatre, Philadelphia, Pennsylvania, U.S.",Retained IBF lightweight title,,
Shane Mosley,5 ft 9 in (175 cm)[1],74 in (188 cm)[1],Orthodox,"Lightweight
Welterweight
Light middleweight",John John Molina,27,Win,27–0,TKO,"8 (12), 2:27","May 9, 1998","Etess Arena, Atlantic City, New Jersey, U.S.",Retained IBF lightweight title,,
Shane Mosley,5 ft 9 in (175 cm)[1],74 in (188 cm)[1],Orthodox,"Lightweight
Welterweight
Light middleweight",Demetrio Ceballos,26,Win,26–0,TKO,"8 (12), 2:34","Feb 6, 1998","Mohegan Sun Arena, Montville, Connecticut, U.S.",Retained IBF lightweight title,,
Shane Mosley,5 ft 9 in (175 cm)[1],74 in (188 cm)[1],Orthodox,"Lightweight
Welterweight
Light middleweight",Manuel Gomez,25,Win,25–0,KO,"11 (12), 1:25","Nov 25, 1997","County Coliseum, El Paso, Texas, U.S.",Retained IBF lightweight title,,
Shane Mosley,5 ft 9 in (175 cm)[1],74 in (188 cm)[1],Orthodox,"Lightweight
Welterweight
Light middleweight",Philip Holiday,24,Win,24–0,UD,12,"Aug 2, 1997","Mohegan Sun Arena, Montville, Connecticut, U.S.",Won IBF lightweight title,,
Shane Mosley,5 ft 9 in (175 cm)[1],74 in (188 cm)[1],Orthodox,"Lightweight
Welterweight
Light middleweight",Michael Smith,23,Win,23–0,KO,4 (10),"Apr 9, 1997","Inland Expo Center, Westmont, Illinois, U.S.",,,
Shane Mosley,5 ft 9 in (175 cm)[1],74 in (188 cm)[1],Orthodox,"Lightweight
Welterweight
Light middleweight",Elias Quiroz,22,Win,22–0,KO,6 (10),"Feb 6, 1997","Beverly Hills, California, U.S.",,,
Shane Mosley,5 ft 9 in (175 cm)[1],74 in (188 cm)[1],Orthodox,"Lightweight
Welterweight
Light middleweight",Joseph Murray,21,Win,21–0,TKO,3 (10),"Dec 21, 1996","Mohegan Sun Arena, Montville, Connecticut, U.S.",,,
Shane Mosley,5 ft 9 in (175 cm)[1],74 in (188 cm)[1],Orthodox,"Lightweight
Welterweight
Light middleweight",Ramon Felix,20,Win,20–0,TKO,1 (10),"Nov 1, 1996","Fantasy Springs Resort Casino, Indio, California, U.S.",,,
Shane Mosley,5 ft 9 in (175 cm)[1],74 in (188 cm)[1],Orthodox,"Lightweight
Welterweight
Light middleweight",Mike Bryan,19,Win,19–0,KO,1 (10),"Jan 23, 1996","Grand Casino, Biloxi, Mississippi, U.S.",,,
Shane Mosley,5 ft 9 in (175 cm)[1],74 in (188 cm)[1],Orthodox,"Lightweight
Welterweight
Light middleweight",Mauricio Aceves,18,Win,18–0,KO,4 (10),"Jul 2, 1995","Arrowhead Pond, Anaheim, California, U.S.",,,
Shane Mosley,5 ft 9 in (175 cm)[1],74 in (188 cm)[1],Orthodox,"Lightweight
Welterweight
Light middleweight",Raul Hernandez,17,Win,17–0,KO,2 (10),"Apr 12, 1995","Warner Center Marriott, Los Angeles, California, U.S.",,,
Shane Mosley,5 ft 9 in (175 cm)[1],74 in (188 cm)[1],Orthodox,"Lightweight
Welterweight
Light middleweight",Jose Luis Madrid,16,Win,16–0,RTD,4 (10),"Nov 12, 1994","Civic Auditorium, Santa Cruz, California, U.S.",,,
Shane Mosley,5 ft 9 in (175 cm)[1],74 in (188 cm)[1],Orthodox,"Lightweight
Welterweight
Light middleweight",Louis Ramirez,15,Win,15–0,TKO,"10 (10), 0:45","Sep 9, 1994","Grand Olympic Auditorium, Los Angeles, California, U.S.",,,
Shane Mosley,5 ft 9 in (175 cm)[1],74 in (188 cm)[1],Orthodox,"Lightweight
Welterweight
Light middleweight",Mauro Gutierrez,14,Win,14–0,TKO,"9 (10), 1:10","Aug 6, 1994","Fairplex, Pomona, California, U.S.",,,
Shane Mosley,5 ft 9 in (175 cm)[1],74 in (188 cm)[1],Orthodox,"Lightweight
Welterweight
Light middleweight",Narciso Valenzuela,13,Win,13–0,TKO,"5 (10), 1:54","Jul 24, 1994","Grand Olympic Auditorium, Los Angeles, California, U.S.",,,
Shane Mosley,5 ft 9 in (175 cm)[1],74 in (188 cm)[1],Orthodox,"Lightweight
Welterweight
Light middleweight",John Bryant,12,Win,12–0,KO,"8 (10), 0:53","Jun 30, 1994","Marriott Hotel, Irvine, California, U.S.",,,
Shane Mosley,5 ft 9 in (175 cm)[1],74 in (188 cm)[1],Orthodox,"Lightweight
Welterweight
Light middleweight",Lorenzo Garcia,11,Win,11–0,TKO,"3 (10), 0:38","Apr 29, 1994","Civic Auditorium, Santa Cruz, California, U.S.",,,
Shane Mosley,5 ft 9 in (175 cm)[1],74 in (188 cm)[1],Orthodox,"Lightweight
Welterweight
Light middleweight",Oscar Lopez,10,Win,10–0,PTS,10,"Mar 26, 1994","Fairplex, Pomona, California, U.S.",,,
Shane Mosley,5 ft 9 in (175 cm)[1],74 in (188 cm)[1],Orthodox,"Lightweight
Welterweight
Light middleweight",Lorenzo Garcia,9,Win,9–0,KO,5 (10),"Feb 4, 1994","Civic Auditorium, Santa Cruz, California, U.S.",,,
Shane Mosley,5 ft 9 in (175 cm)[1],74 in (188 cm)[1],Orthodox,"Lightweight
Welterweight
Light middleweight",Francisco Rodriguez,8,Win,8–0,KO,"2 (8), 2:40","Jan 20, 1994","Marriott Hotel, Irvine, California, U.S.",,,
Shane Mosley,5 ft 9 in (175 cm)[1],74 in (188 cm)[1],Orthodox,"Lightweight
Welterweight
Light middleweight",Paulino Gonzalez,7,Win,7–0,KO,2 (8),"Dec 6, 1993","Great Western Forum, Inglewood, California, U.S.",,,
Shane Mosley,5 ft 9 in (175 cm)[1],74 in (188 cm)[1],Orthodox,"Lightweight
Welterweight
Light middleweight",Juan Manuel Aranda,6,Win,6–0,KO,2 (8),"Oct 25, 1993","Great Western Forum, Inglewood, California, U.S.",,,
Shane Mosley,5 ft 9 in (175 cm)[1],74 in (188 cm)[1],Orthodox,"Lightweight
Welterweight
Light middleweight",Miguel Pena,5,Win,5–0,KO,"2 (8), 1:40","Sep 27, 1993","Great Western Forum, Inglewood, California, U.S.",,,
Shane Mosley,5 ft 9 in (175 cm)[1],74 in (188 cm)[1],Orthodox,"Lightweight
Welterweight
Light middleweight",Roberto Urias,4,Win,4–0,KO,5 (6),"Aug 25, 1993","Hollywood Palladium, Hollywood, California, U.S.",,,
Shane Mosley,5 ft 9 in (175 cm)[1],74 in (188 cm)[1],Orthodox,"Lightweight
Welterweight
Light middleweight",Pey Castillo,3,Win,3–0,KO,"1 (6), 2:25","Jul 21, 1993","Reseda Country Club, Los Angeles, California, U.S.",,,
Shane Mosley,5 ft 9 in (175 cm)[1],74 in (188 cm)[1],Orthodox,"Lightweight
Welterweight
Light middleweight",Arnulfo Villa,2,Win,2–0,KO,"1 (6), 2:34","Apr 24, 1993","Great Western Forum, Inglewood, California, U.S.",,,
Shane Mosley,5 ft 9 in (175 cm)[1],74 in (188 cm)[1],Orthodox,"Lightweight
Welterweight
Light middleweight",Greg Puente,1,Win,1–0,KO,"5 (6), 1:09","Feb 11, 1993","Hollywood Palladium, Hollywood, California, U.S.",,,
Carlos Monzón,181 cm (5 ft 11 in),193 cm (76 in),Orthodox,Middleweight,Rodrigo Valdez,100,Win,87–3–9 (1),UD,15,30 Jul 1977,"Stade Louis II, Fontvieille, Monte Carlo, Monaco","Retained WBA, WBC, and The Ring middleweight titles",,
Carlos Monzón,181 cm (5 ft 11 in),193 cm (76 in),Orthodox,Middleweight,Rodrigo Valdez,99,Win,86–3–9 (1),UD,15,26 Jun 1976,"Stade Louis II, Fontvieille, Monte Carlo, Monaco",Retained WBA and The Ring middleweight titles; Won WBC middleweight title,,
Carlos Monzón,181 cm (5 ft 11 in),193 cm (76 in),Orthodox,Middleweight,Gratien Tonna,98,Win,85–3–9 (1),KO,5 (15),13 Dec 1975,"Nouvelle Hippodrome, Paris, Île-de-France, France",Retained WBA and The Ring middleweight titles,,
Carlos Monzón,181 cm (5 ft 11 in),193 cm (76 in),Orthodox,Middleweight,Tony Licata,97,Win,84–3–9 (1),TKO,"10 (15), 2:43",30 Jun 1975,"Madison Square Garden, New York, New York, U.S.",Retained WBA and The Ring middleweight titles,,
Carlos Monzón,181 cm (5 ft 11 in),193 cm (76 in),Orthodox,Middleweight,Tony Mundine,96,Win,83–3–9 (1),KO,"7 (15), 1:20",5 Oct 1974,"Estadio Luna Park, Buenos Aires, Distrito Federal, Argentina",Retained WBA and The Ring middleweight titles,,
Carlos Monzón,181 cm (5 ft 11 in),193 cm (76 in),Orthodox,Middleweight,José Nápoles,95,Win,82–3–9 (1),RTD,"7 (15), 3:00",9 Feb 1974,"Puteaux, Hauts-de-Seine, France","Retained WBA, WBC, and The Ring middleweight titles",,
Carlos Monzón,181 cm (5 ft 11 in),193 cm (76 in),Orthodox,Middleweight,Jean-Claude Bouttier,94,Win,81–3–9 (1),UD,15,29 Sep 1973,"Stade Roland Garros, Paris, Île-de-France, France","Retained WBA, WBC, and The Ring middleweight titles",,
Carlos Monzón,181 cm (5 ft 11 in),193 cm (76 in),Orthodox,Middleweight,Emile Griffith,93,Win,80–3–9 (1),UD,15,2 Jun 1973,"Stade Louis II, Fontvieille, Monte Carlo, Monaco","Retained WBA, WBC, and The Ring middleweight titles",,
Carlos Monzón,181 cm (5 ft 11 in),193 cm (76 in),Orthodox,Middleweight,Roy Dale,92,Win,79–3–9 (1),KO,"5 (10), 2:40",5 May 1973,"Palazzetto dello Sport, Rome, Lazio, Italy",,,
Carlos Monzón,181 cm (5 ft 11 in),193 cm (76 in),Orthodox,Middleweight,Bennie Briscoe,91,Win,78–3–9 (1),UD,15,11 Nov 1972,"Estadio Luna Park, Buenos Aires, Distrito Federal, Argentina","Retained WBA, WBC, and The Ring middleweight titles",,
Carlos Monzón,181 cm (5 ft 11 in),193 cm (76 in),Orthodox,Middleweight,Tom Bogs,90,Win,77–3–9 (1),TKO,"5 (15), 2:30",19 Aug 1972,"Idrætspark, Copenhagen, Denmark","Retained WBA, WBC, and The Ring middleweight titles",,
Carlos Monzón,181 cm (5 ft 11 in),193 cm (76 in),Orthodox,Middleweight,Jean-Claude Bouttier,89,Win,76–3–9 (1),TKO,"13 (15), 3:00",17 Jun 1972,"Colombes Stadium, Paris, Île-de-France, France","Retained WBA, WBC, and The Ring middleweight titles",,
Carlos Monzón,181 cm (5 ft 11 in),193 cm (76 in),Orthodox,Middleweight,Denny Moyer,88,Win,75–3–9 (1),TKO,"5 (15), 1:50",4 Mar 1972,"Palazzetto dello Sport, Rome, Lazio, Italy","Retained WBA, WBC, and The Ring middleweight titles",,
Carlos Monzón,181 cm (5 ft 11 in),193 cm (76 in),Orthodox,Middleweight,Fraser Scott,87,Win,74–3–9 (1),TKO,"3 (10), 0:01",4 Dec 1971,"Estadio Luna Park, Buenos Aires, Distrito Federal, Argentina",,,
Carlos Monzón,181 cm (5 ft 11 in),193 cm (76 in),Orthodox,Middleweight,Emile Griffith,86,Win,73–3–9 (1),TKO,"14 (15), 2:32",25 Sep 1971,"Estadio Luna Park, Buenos Aires, Distrito Federal, Argentina","Retained WBA, WBC, and The Ring middleweight titles",,
Carlos Monzón,181 cm (5 ft 11 in),193 cm (76 in),Orthodox,Middleweight,Nino Benvenuti,85,Win,72–3–9 (1),TKO,"3 (15), 1:05",8 May 1971,"Stade Louis II, Fontvieille, Monte Carlo, Monaco","Retained WBA, WBC, and The Ring middleweight titles",,
Carlos Monzón,181 cm (5 ft 11 in),193 cm (76 in),Orthodox,Middleweight,Roy Lee,84,Win,71–3–9 (1),KO,2 (10),6 Mar 1971,"Santa Fe, Santa Fe, Argentina",,,
Carlos Monzón,181 cm (5 ft 11 in),193 cm (76 in),Orthodox,Middleweight,Domingo Guerrero,83,Win,70–3–9 (1),KO,2 (10),19 Feb 1971,"Salta, Salta, Argentina",,,
Carlos Monzón,181 cm (5 ft 11 in),193 cm (76 in),Orthodox,Middleweight,Charley Austin,82,Win,69–3–9 (1),KO,"2 (10), 2:09",19 Dec 1970,"Estadio Luna Park, Buenos Aires, Distrito Federal, Argentina",,,
Carlos Monzón,181 cm (5 ft 11 in),193 cm (76 in),Orthodox,Middleweight,Nino Benvenuti,81,Win,68–3–9 (1),TKO,"12 (15), 1:57",7 Nov 1970,"PalaEur, Rome, Lazio, Italy","Won WBA, WBC, and The Ring middleweight titles",,
Carlos Monzón,181 cm (5 ft 11 in),193 cm (76 in),Orthodox,Middleweight,Santiago Rosa,80,Win,67–3–9 (1),KO,4 (10),19 Sep 1970,"Estadio Luna Park, Buenos Aires, Distrito Federal, Argentina",,,
Carlos Monzón,181 cm (5 ft 11 in),193 cm (76 in),Orthodox,Middleweight,Eddie Pace,79,Win,66–3–9 (1),PTS,10,18 Jul 1970,"Estadio Luna Park, Buenos Aires, Distrito Federal, Argentina",,,
Carlos Monzón,181 cm (5 ft 11 in),193 cm (76 in),Orthodox,Middleweight,Adolfo Jorge Cardozo,78,Win,65–3–9 (1),TKO,3 (10),18 Apr 1970,"Estadio Luna Park, Buenos Aires, Distrito Federal, Argentina",,,
Carlos Monzón,181 cm (5 ft 11 in),193 cm (76 in),Orthodox,Middleweight,Juan Aguilar,77,Win,64–3–9 (1),RTD,9 (10),7 Mar 1970,"Santa Fe, Santa Fe, Argentina",,,
Carlos Monzón,181 cm (5 ft 11 in),193 cm (76 in),Orthodox,Middleweight,Antonio Aguilar,76,Win,63–3–9 (1),KO,5 (12),11 Feb 1970,"Mar del Plata, Buenos Aires, Argentina",Retained Argentina (FAB) middleweight title,,
Carlos Monzón,181 cm (5 ft 11 in),193 cm (76 in),Orthodox,Middleweight,Carlos Estrada,75,Win,62–3–9 (1),KO,2 (10),12 Dec 1969,"Santa Fe, Santa Fe, Argentina",,,
Carlos Monzón,181 cm (5 ft 11 in),193 cm (76 in),Orthodox,Middleweight,Manoel Severino,74,Win,61–3–9 (1),KO,6 (12),27 Sep 1969,"Estadio Luna Park, Buenos Aires, Distrito Federal, Argentina",Retained South American middleweight title,,
Carlos Monzón,181 cm (5 ft 11 in),193 cm (76 in),Orthodox,Middleweight,Emilio Ale Ali,73,Win,60–3–9 (1),TKO,7 (10),5 Sep 1969,"San Miguel, Tucumán, Argentina",,,
Carlos Monzón,181 cm (5 ft 11 in),193 cm (76 in),Orthodox,Middleweight,Tom Bethea,72,Win,59–3–9 (1),PTS,10,9 Aug 1969,"Buenos Aires, Distrito Federal, Argentina",,,
Carlos Monzón,181 cm (5 ft 11 in),193 cm (76 in),Orthodox,Middleweight,Harold Richardson,71,Win,58–3–9 (1),KO,3 (10),5 Jul 1969,"Buenos Aires, Distrito Federal, Argentina",,,
Carlos Monzón,181 cm (5 ft 11 in),193 cm (76 in),Orthodox,Middleweight,Carlos Alberto Salinas,70,Win,57–3–9 (1),TKO,7 (10),6 Jun 1969,"Paraná, Entre Ríos, Argentina",,,
Carlos Monzón,181 cm (5 ft 11 in),193 cm (76 in),Orthodox,Middleweight,Carlos Alberto Salinas,69,Draw,56–3–9 (1),PTS,10,25 Apr 1969,"Recreativo Bochas Club, Paraná, Entre Ríos, Argentina",,,
Carlos Monzón,181 cm (5 ft 11 in),193 cm (76 in),Orthodox,Middleweight,Mario Taborda,68,Win,56–3–8 (1),KO,3 (10),14 Mar 1969,"Club Sportivo, Presidencia Roque Saenz Pena, Chaco, Argentina",,,
Carlos Monzón,181 cm (5 ft 11 in),193 cm (76 in),Orthodox,Middleweight,Ruben Orrico,67,Win,55–3–8 (1),KO,9 (12),10 Jan 1969,"Santa Fe, Santa Fe, Argentina",Retained South American middleweight title,,
Carlos Monzón,181 cm (5 ft 11 in),193 cm (76 in),Orthodox,Middleweight,Emilio Ale Ali,66,Win,54–3–8 (1),PTS,10,20 Dec 1968,"Mendoza, Mendoza, Argentina",,,
Carlos Monzón,181 cm (5 ft 11 in),193 cm (76 in),Orthodox,Middleweight,Johnny Brooks,65,Win,53–3–8 (1),PTS,10,7 Dec 1968,"Estadio Luna Park, Buenos Aires, Distrito Federal, Argentina",,,
Carlos Monzón,181 cm (5 ft 11 in),193 cm (76 in),Orthodox,Middleweight,Charley Austin,64,Win,52–3–8 (1),UD,10,23 Oct 1968,"Estadio Luna Park, Buenos Aires, Distrito Federal, Argentina",,,
Carlos Monzón,181 cm (5 ft 11 in),193 cm (76 in),Orthodox,Middleweight,Doug Huntley,63,Win,51–3–8 (1),KO,4 (10),14 Aug 1968,"Buenos Aires, Distrito Federal, Argentina",,,
Carlos Monzón,181 cm (5 ft 11 in),193 cm (76 in),Orthodox,Middleweight,Benito Sanchez,62,Win,50–3–8 (1),KO,4 (10),5 Jul 1968,"Chaco, Chaco, Argentina",,,
Carlos Monzón,181 cm (5 ft 11 in),193 cm (76 in),Orthodox,Middleweight,Juan Aguilar,61,Win,49–3–8 (1),PTS,10,20 Jun 1968,"Buenos Aires, Distrito Federal, Argentina",,,
Carlos Monzón,181 cm (5 ft 11 in),193 cm (76 in),Orthodox,Middleweight,Alberto Massi,60,Win,48–3–8 (1),PTS,10,17 May 1968,"Córdoba, Córdoba, Argentina",,,
Carlos Monzón,181 cm (5 ft 11 in),193 cm (76 in),Orthodox,Middleweight,Juan Aguilar,59,Draw,47–3–8 (1),PTS,10,5 Apr 1968,"Mendoza, Mendoza, Argentina",,,
Carlos Monzón,181 cm (5 ft 11 in),193 cm (76 in),Orthodox,Middleweight,Tito Marshall,58,Win,47–3–7 (1),PTS,10,18 Nov 1967,"Buenos Aires, Distrito Federal, Argentina",,,
Carlos Monzón,181 cm (5 ft 11 in),193 cm (76 in),Orthodox,Middleweight,Ramon D Rocha,57,Win,46–3–7 (1),KO,7 (10),20 Oct 1967,"San Juan, La Rioja, Argentina",,,
Carlos Monzón,181 cm (5 ft 11 in),193 cm (76 in),Orthodox,Middleweight,Carlos Estrada,56,Win,45–3–7 (1),KO,7 (10),6 Oct 1967,"Trelew, Chubut, Argentina",,,
Carlos Monzón,181 cm (5 ft 11 in),193 cm (76 in),Orthodox,Middleweight,Ramon D Rocha,55,Win,44–3–7 (1),PTS,10,8 Sep 1967,"Rosario, Santa Fe, Argentina",,,
Carlos Monzón,181 cm (5 ft 11 in),193 cm (76 in),Orthodox,Middleweight,Tito Marshall,54,Win,43–3–7 (1),PTS,10,16 Aug 1967,"Estadio Luna Park, Buenos Aires, Distrito Federal, Argentina",,,
Carlos Monzón,181 cm (5 ft 11 in),193 cm (76 in),Orthodox,Middleweight,Antonio Aguilar,53,Win,42–3–7 (1),KO,9 (10),29 Jul 1967,"Estadio Luna Park, Buenos Aires, Distrito Federal, Argentina",,,
Carlos Monzón,181 cm (5 ft 11 in),193 cm (76 in),Orthodox,Middleweight,Jorge Fernandez,52,Win,41–3–7 (1),UD,12,10 Jun 1967,"Estadio Luna Park, Buenos Aires, Distrito Federal, Argentina",Won South American middleweight title,,
Carlos Monzón,181 cm (5 ft 11 in),193 cm (76 in),Orthodox,Middleweight,Bennie Briscoe,51,Draw,40–3–7 (1),PTS,12,6 May 1967,"Estadio Luna Park, Buenos Aires, Distrito Federal, Argentina",,,
Carlos Monzón,181 cm (5 ft 11 in),193 cm (76 in),Orthodox,Middleweight,Benito Sanchez,50,Win,40–3–6 (1),TKO,3 (10),9 Apr 1967,"Santa Elena, Entre Ríos, Argentina",,,
Carlos Monzón,181 cm (5 ft 11 in),193 cm (76 in),Orthodox,Middleweight,Angel Alberto Coria,49,Win,39–3–6 (1),KO,6 (10),25 Mar 1967,"Mar del Plata, Buenos Aires, Argentina",,,
Carlos Monzón,181 cm (5 ft 11 in),193 cm (76 in),Orthodox,Middleweight,Osvaldo Marino,48,Win,38–3–6 (1),KO,7 (10),9 Mar 1967,"Santa Fe, Santa Fe, Argentina",,,
Carlos Monzón,181 cm (5 ft 11 in),193 cm (76 in),Orthodox,Middleweight,Alberto Massi,47,Win,37–3–6 (1),PTS,10,15 Feb 1967,"San Francisco, Santa Fe, Argentina",,,
Carlos Monzón,181 cm (5 ft 11 in),193 cm (76 in),Orthodox,Middleweight,Eudoro Robledo,46,Win,36–3–6 (1),KO,4 (10),27 Jan 1967,"Charata, Chaco, Argentina",,,
Carlos Monzón,181 cm (5 ft 11 in),193 cm (76 in),Orthodox,Middleweight,Carlos Alberto Salinas,45,Win,35–3–6 (1),KO,8 (10),13 Jan 1967,"Santa Fe, Santa Fe, Argentina",,,
Carlos Monzón,181 cm (5 ft 11 in),193 cm (76 in),Orthodox,Middleweight,Marcelo Farias,44,Win,34–3–6 (1),KO,3 (10),23 Dec 1966,"San Cristóbal, Santa Fe, Argentina",,,
Carlos Monzón,181 cm (5 ft 11 in),193 cm (76 in),Orthodox,Middleweight,Alberto Massi,43,Win,33–3–6 (1),TKO,8 (10),2 Dec 1966,"Santa Fe, Santa Fe, Argentina",,,
Carlos Monzón,181 cm (5 ft 11 in),193 cm (76 in),Orthodox,Middleweight,Luis Antonio Pereyra,42,Win,32–3–6 (1),TKO,2 (10),18 Nov 1966,"Santa Fe, Santa Fe, Argentina",,,
Carlos Monzón,181 cm (5 ft 11 in),193 cm (76 in),Orthodox,Middleweight,Angel Alberto Coria,41,Win,31–3–6 (1),PTS,10,1 Nov 1966,"Mar del Plata, Buenos Aires, Argentina",,,
Carlos Monzón,181 cm (5 ft 11 in),193 cm (76 in),Orthodox,Middleweight,Jorge Fernandez,40,Win,30–3–6 (1),UD,12,3 Sep 1966,"Estadio Luna Park, Buenos Aires, Distrito Federal, Argentina",Won Argentina (FAB) middleweight title,,
Carlos Monzón,181 cm (5 ft 11 in),193 cm (76 in),Orthodox,Middleweight,Benito Sanchez,39,Win,29–3–6 (1),KO,4 (10),8 Jul 1966,"San Pereyra, Argentina",,,
Carlos Monzón,181 cm (5 ft 11 in),193 cm (76 in),Orthodox,Middleweight,Ubaldo Marcos Bustos,38,Draw,28–3–6 (1),PTS,10,3 Jun 1966,"Río Gallegos, Santa Cruz, Argentina",,,
Carlos Monzón,181 cm (5 ft 11 in),193 cm (76 in),Orthodox,Middleweight,Ismael Hamze,37,Win,28–3–5 (1),TKO,9 (10),29 Apr 1966,"San Nicolas, Santiago del Estero, Argentina",,,
Carlos Monzón,181 cm (5 ft 11 in),193 cm (76 in),Orthodox,Middleweight,Norberto Juncos,36,Win,27–3–5 (1),KO,7 (10),17 Feb 1966,"Santa Fe, Santa Fe, Argentina",,,
Carlos Monzón,181 cm (5 ft 11 in),193 cm (76 in),Orthodox,Middleweight,Ramon D Rocha,35,Win,26–3–5 (1),PTS,10,4 Feb 1966,"Santa Fe, Santa Fe, Argentina",,,
Carlos Monzón,181 cm (5 ft 11 in),193 cm (76 in),Orthodox,Middleweight,Carlos Alberto Salinas,34,Win,25–3–5 (1),PTS,10,29 Dec 1965,"Estadio Luna Park, Buenos Aires, Distrito Federal, Argentina",,,
Carlos Monzón,181 cm (5 ft 11 in),193 cm (76 in),Orthodox,Middleweight,Antonio Aguilar,33,Win,24–3–5 (1),PTS,10,8 Dec 1965,"Estadio Luna Park, Buenos Aires, Distrito Federal, Argentina",,,
Carlos Monzón,181 cm (5 ft 11 in),193 cm (76 in),Orthodox,Middleweight,Celedonio Lima,32,Win,23–3–5 (1),KO,5 (10),17 Nov 1965,"Estadio Luna Park, Buenos Aires, Distrito Federal, Argentina",,,
Carlos Monzón,181 cm (5 ft 11 in),193 cm (76 in),Orthodox,Middleweight,Gregorio Gomez,31,Win,22–3–5 (1),PTS,10,6 Oct 1965,"Estadio Luna Park, Buenos Aires, Distrito Federal, Argentina",,,
Carlos Monzón,181 cm (5 ft 11 in),193 cm (76 in),Orthodox,Middleweight,Manoel Severino,30,Draw,21–3–5 (1),PTS,8,28 Aug 1965,"Rio de Janeiro, Rio de Janeiro, Brazil",,,
Carlos Monzón,181 cm (5 ft 11 in),193 cm (76 in),Orthodox,Middleweight,Manoel Severino,29,Draw,21–3–4 (1),PTS,8,14 Aug 1965,"Rio de Janeiro, Rio de Janeiro, Brazil",,,
Carlos Monzón,181 cm (5 ft 11 in),193 cm (76 in),Orthodox,Middleweight,Felipe Cambeiro,28,Win,21–3–3 (1),PTS,8,1 Aug 1965,"São Paulo, São Paulo, Brazil",,,
Carlos Monzón,181 cm (5 ft 11 in),193 cm (76 in),Orthodox,Middleweight,Alberto Retondo,27,Win,20–3–3 (1),TKO,8 (10),14 Jul 1965,"Buenos Aires, Distrito Federal, Argentina",,,
Carlos Monzón,181 cm (5 ft 11 in),193 cm (76 in),Orthodox,Middleweight,Anibal Cordoba,26,Win,19–3–3 (1),PTS,10,19 May 1965,"Buenos Aires, Distrito Federal, Argentina",,,
Carlos Monzón,181 cm (5 ft 11 in),193 cm (76 in),Orthodox,Middleweight,Emilio Ale Ali,25,Draw,18–3–3 (1),PTS,10,9 Apr 1965,"San Miguel, Tucumán, Argentina",,,
Carlos Monzón,181 cm (5 ft 11 in),193 cm (76 in),Orthodox,Middleweight,Andres Antonio Selpa,24,Win,18–3–2 (1),PTS,10,11 Mar 1965,"Santa Fe, Santa Fe, Argentina",,,
Carlos Monzón,181 cm (5 ft 11 in),193 cm (76 in),Orthodox,Middleweight,Andres Antonio Selpa,23,Draw,17–3–2 (1),PTS,10,8 Jan 1965,"Mar del Plata, Buenos Aires, Argentina",,,
Carlos Monzón,181 cm (5 ft 11 in),193 cm (76 in),Orthodox,Middleweight,Celedonio Lima,22,Draw,17–3–1 (1),PTS,10,18 Nov 1964,"Buenos Aires, Distrito Federal, Argentina",,,
Carlos Monzón,181 cm (5 ft 11 in),193 cm (76 in),Orthodox,Middleweight,Francisco Gilabert,21,Win,17–3 (1),RTD,4 (10),28 Oct 1964,"Buenos Aires, Distrito Federal, Argentina",,,
Carlos Monzón,181 cm (5 ft 11 in),193 cm (76 in),Orthodox,Middleweight,Alberto Massi,20,Loss,16–3 (1),UD,10,9 Oct 1964,"Cordoba Sport Club, Córdoba, Córdoba, Argentina",,,
Carlos Monzón,181 cm (5 ft 11 in),193 cm (76 in),Orthodox,Middleweight,Francisco Olea,19,Win,16–2 (1),KO,9 (10),25 Sep 1964,"Tostado, Santa Fe, Argentina",,,
Carlos Monzón,181 cm (5 ft 11 in),193 cm (76 in),Orthodox,Middleweight,Americo Vacca,18,Win,15–2 (1),KO,3 (10),4 Sep 1964,"Paraná, Entre Ríos, Argentina",,,
Carlos Monzón,181 cm (5 ft 11 in),193 cm (76 in),Orthodox,Middleweight,Juan Carlos Diaz,17,Win,14–2 (1),KO,9 (10),14 Aug 1964,"Villa Ángela, Chaco, Argentina",,,
Carlos Monzón,181 cm (5 ft 11 in),193 cm (76 in),Orthodox,Middleweight,Walter Villa,16,Win,13–2 (1),KO,9 (10),24 Jul 1964,"Ceres, Santa Fe, Argentina",,,
Carlos Monzón,181 cm (5 ft 11 in),193 cm (76 in),Orthodox,Middleweight,Roberto Eduardo Carabajal,15,Win,12–2 (1),PTS,10,10 Jul 1964,"Tostado, Santa Fe, Argentina",,,
Carlos Monzón,181 cm (5 ft 11 in),193 cm (76 in),Orthodox,Middleweight,Felipe Cambeiro,14,Loss,11–2 (1),PTS,8,28 Jun 1964,"Auditorium Río TV, Rio de Janeiro, Rio de Janeiro, Brazil",,,
Carlos Monzón,181 cm (5 ft 11 in),193 cm (76 in),Orthodox,Middleweight,Angel Alberto Coria,13,Win,11–1 (1),PTS,8,13 Jun 1964,"Mar del Plata, Buenos Aires, Argentina",,,
Carlos Monzón,181 cm (5 ft 11 in),193 cm (76 in),Orthodox,Middleweight,Roberto Eduardo Carabajal,12,Win,10–1 (1),KO,8 (8),17 Jan 1964,"Paraná, Entre Ríos, Argentina",,,
Carlos Monzón,181 cm (5 ft 11 in),193 cm (76 in),Orthodox,Middleweight,Rene Sosa,11,Win,9–1 (1),KO,6 (8),6 Dec 1963,"Paraná, Entre Ríos, Argentina",,,
Carlos Monzón,181 cm (5 ft 11 in),193 cm (76 in),Orthodox,Middleweight,Benito Sanchez,10,Win,8–1 (1),KO,8 (10),18 Oct 1963,"Reconquista, Santa Fe, Argentina",,,
Carlos Monzón,181 cm (5 ft 11 in),193 cm (76 in),Orthodox,Middleweight,Antonio Aguilar,9,Loss,7–1 (1),PTS,10,28 Aug 1963,"Estadio Luna Park, Buenos Aires, Distrito Federal, Argentina",,,
Carlos Monzón,181 cm (5 ft 11 in),193 cm (76 in),Orthodox,Middleweight,Lisandro Guzmán,8,Win,7–0 (1),KO,3 (8),9 Aug 1963,"Córdoba, Córdoba, Argentina",,,
Carlos Monzón,181 cm (5 ft 11 in),193 cm (76 in),Orthodox,Middleweight,Andres Cejas,7,Win,6–0 (1),KO,4 (6),17 Jul 1963,"Estadio Luna Park, Buenos Aires, Distrito Federal, Argentina",,,
Carlos Monzón,181 cm (5 ft 11 in),193 cm (76 in),Orthodox,Middleweight,Jose N Rodriguez,6,Win,5–0 (1),KO,5 (6),31 May 1963,"Paraná, Entre Ríos, Argentina",,,
Carlos Monzón,181 cm (5 ft 11 in),193 cm (76 in),Orthodox,Middleweight,Raul Elio Rivas,5,Win,4–0 (1),KO,5 (10),3 May 1963,"Posadas, Misiones, Argentina",,,
Carlos Monzón,181 cm (5 ft 11 in),193 cm (76 in),Orthodox,Middleweight,Mario Suarez,4,Win,3–0 (1),TKO,8 (10),12 Apr 1963,"Posadas, Misiones, Argentina",,,
Carlos Monzón,181 cm (5 ft 11 in),193 cm (76 in),Orthodox,Middleweight,Albino Veron,3,Win,2–0 (1),TKO,2 (6),9 Apr 1963,"Santa Fe, Santa Fe, Argentina",,,
Carlos Monzón,181 cm (5 ft 11 in),193 cm (76 in),Orthodox,Middleweight,Albino Veron,2,NC,1–0 (1),NC,1 (6),13 Mar 1963,"Vila, Santa Fe, Argentina",,,
Carlos Monzón,181 cm (5 ft 11 in),193 cm (76 in),Orthodox,Middleweight,Ramón Montenegro,1,Win,1–0,KO,2 (6),6 Feb 1963,"Club Sportivo Ben Hur, Rafaela, Santa Fe, Argentina",,,
Errol Spence Jr,,,,,Terence Crawford,29,Loss,28–1,TKO,"9 (12), 2:32","Jul 29, 2023","T-Mobile Arena, Paradise, Nevada, U.S.","Lost WBA (Super), WBC, and IBF welterweight titles;  For WBO and vacant The Ring welterweight titles",,
Errol Spence Jr,,,,,Yordenis Ugás,28,Win,28–0,TKO,"10 (12), 1:44","Apr 16, 2022","AT&T Stadium, Arlington, Texas, U.S.",Retained WBC and IBF welterweight titles; Won WBA (Super) welterweight title,,
Errol Spence Jr,,,,,Danny Garcia,27,Win,27–0,UD,12,"Dec 5, 2020","AT&T Stadium, Arlington, Texas, U.S.",Retained WBC and IBF welterweight titles,,
Errol Spence Jr,,,,,Shawn Porter,26,Win,26–0,SD,12,"Sep 28, 2019","Staples Center, Los Angeles, California, U.S.",Retained IBF welterweight title; Won WBC welterweight title,,
Errol Spence Jr,,,,,Mikey Garcia,25,Win,25–0,UD,12,"Mar 16, 2019","AT&T Stadium, Arlington, Texas, U.S.",Retained IBF welterweight title,,
Errol Spence Jr,,,,,Carlos Ocampo,24,Win,24–0,KO,"1 (12), 3:00","Jun 16, 2018","Ford Center at The Star, Frisco, Texas, U.S.",Retained IBF welterweight title,,
Errol Spence Jr,,,,,Lamont Peterson,23,Win,23–0,RTD,"7 (12), 3:00","Jan 20, 2018","Barclays Center, New York City, New York, U.S.",Retained IBF welterweight title,,
Errol Spence Jr,,,,,Kell Brook,22,Win,22–0,KO,"11 (12), 1:47","May 27, 2017","Bramall Lane, Sheffield, England",Won IBF welterweight title,,
Errol Spence Jr,,,,,Leonard Bundu,21,Win,21–0,KO,"6 (12), 2:06","Aug 21, 2016","Ford Amphitheater at Coney Island, New York City, New York, U.S.",,,
Errol Spence Jr,,,,,Chris Algieri,20,Win,20–0,TKO,"5 (10), 0:48","Apr 16, 2016","Barclays Center, New York City, New York, U.S.",,,
Errol Spence Jr,,,,,Alejandro Barrera,19,Win,19–0,TKO,"5 (12), 1:46","Nov 28, 2015","The Bomb Factory, Dallas, Texas, U.S.",,,
Errol Spence Jr,,,,,Chris van Heerden,18,Win,18–0,TKO,"8 (10), 0:50","Sep 11, 2015","Ricoh Coliseum, Toronto, Ontario, Canada",,,
Errol Spence Jr,,,,,Phil Lo Greco,17,Win,17–0,TKO,"3 (10), 1:50","Jun 20, 2015","MGM Grand Garden Arena, Paradise, Nevada, U.S.",,,
Errol Spence Jr,,,,,Samuel Vargas,16,Win,16–0,TKO,"4 (10), 1:45","Apr 11, 2015","Barclays Center, New York City, New York, U.S.",,,
Errol Spence Jr,,,,,Francisco Javier Castro,15,Win,15–0,TKO,"5 (8), 2:43","Dec 13, 2014","MGM Grand Garden Arena, Paradise, Nevada, U.S.",,,
Errol Spence Jr,,,,,Noe Bolanos,14,Win,14–0,RTD,"2 (8), 3:00","Sep 11, 2014","The Joint, Paradise, Nevada, U.S.",,,
Errol Spence Jr,,,,,Ronald Cruz,13,Win,13–0,UD,10,"Jun 27, 2014","The Joint, Paradise, Nevada, U.S.",,,
Errol Spence Jr,,,,,Raymond Charles,12,Win,12–0,TKO,"1 (10), 2:52","Apr 18, 2014","Illusions Theater, San Antonio, Texas, U.S.",,,
Errol Spence Jr,,,,,Peter Olouch,11,Win,11–0,KO,"4 (8), 1:39","Feb 10, 2014","Cowboys Dancehall, San Antonio, Texas, U.S.",,,
Errol Spence Jr,,,,,Gerardo Cuevas,10,Win,10–0,RTD,"1 (8), 3:00","Dec 13, 2013","Fantasy Springs Resort Casino, Indio, California, U.S.",,,
Errol Spence Jr,,,,,Emmanuel Lartie Lartey,9,Win,9–0,UD,8,"Oct 14, 2013","BB&T Center, Sunrise, Florida, U.S.",,,
Errol Spence Jr,,,,,Jesus Tavera,8,Win,8–0,TKO,"1 (8), 2:33","Sep 12, 2013","MGM Grand Marquee Ballroom, Paradise, Nevada, U.S.",,,
Errol Spence Jr,,,,,Eddie Cordova,7,Win,7–0,KO,"1 (6), 2:13","Jul 20, 2013","Fantasy Springs Resort Casino, Indio, California, U.S.",,,
Errol Spence Jr,,,,,Guillermo Ibarra,6,Win,6–0,KO,"1 (6), 1:32","Jun 1, 2013","BB&T Center, Sunrise, Florida, U.S.",,,
Errol Spence Jr,,,,,Brandon Hoskins,5,Win,5–0,TKO,"1 (6), 2:35","May 3, 2013","Cosmopolitan of Las Vegas, Paradise, Nevada, U.S",,,
Errol Spence Jr,,,,,Luis Torres,4,Win,4–0,UD,4,"Mar 2, 2013","Our Lady of the Lake University Gym, San Antonio, Texas, U.S.",,,
Errol Spence Jr,,,,,Nathan Butcher,3,Win,3–0,TKO,"1 (4), 1:03","Jan 26, 2013","The Joint, Paradise, Nevada, U.S.",,,
Errol Spence Jr,,,,,Richard Andrews,2,Win,2–0,TKO,"3 (4), 0:44","Dec 15, 2012","Memorial Sports Arena, Los Angeles, California, U.S.",,,
Errol Spence Jr,,,,,Jonathan Garcia,1,Win,1–0,KO,"3 (4), 2:41","Nov 9, 2012","Fantasy Springs Resort Casino, Indio, California, U.S.",,,
George Foreman,6 ft 3 in (191 cm)[1],78 in (198 cm)[1],Orthodox,Heavyweight,Shannon Briggs,81,Loss,76–5,MD,12,"Nov 22, 1997","Etess Arena, Atlantic City, New Jersey, U.S.",,"48 years, 316 days",
George Foreman,6 ft 3 in (191 cm)[1],78 in (198 cm)[1],Orthodox,Heavyweight,Lou Savarese,80,Win,76–4,SD,12,"Apr 26, 1997","Convention Hall, Atlantic City, New Jersey, U.S.",Retained WBU heavyweight title,"48 years, 106 days",
George Foreman,6 ft 3 in (191 cm)[1],78 in (198 cm)[1],Orthodox,Heavyweight,Crawford Grimsley,79,Win,75–4,UD,12,"Nov 3, 1996","NK Hall, Urayasu, Japan",Retained WBU heavyweight title; Won vacant IBA heavyweight title,"47 years, 298 days",
George Foreman,6 ft 3 in (191 cm)[1],78 in (198 cm)[1],Orthodox,Heavyweight,Axel Schulz,78,Win,74–4,MD,12,"Apr 22, 1995","MGM Grand Garden Arena, Paradise, Nevada, U.S.",Retained IBF heavyweight title; Won vacant WBU heavyweight title,"46 years, 102 days",
George Foreman,6 ft 3 in (191 cm)[1],78 in (198 cm)[1],Orthodox,Heavyweight,Michael Moorer,77,Win,73–4,KO,"10 (12), 2:03","Nov 5, 1994","MGM Grand Garden Arena, Paradise, Nevada, U.S.",Won WBA and IBF heavyweight titles,"45 years, 299 days",
George Foreman,6 ft 3 in (191 cm)[1],78 in (198 cm)[1],Orthodox,Heavyweight,Tommy Morrison,76,Loss,72–4,UD,12,"Jun 7, 1993","Thomas & Mack Center, Paradise, Nevada, U.S.",For vacant WBO heavyweight title,"44 years, 148 days",
George Foreman,6 ft 3 in (191 cm)[1],78 in (198 cm)[1],Orthodox,Heavyweight,Pierre Coetzer,75,Win,72–3,TKO,"8 (10), 1:48","January 16, 1993","Convention Center, Reno, Nevada, U.S.",,"44 years, 6 days",
George Foreman,6 ft 3 in (191 cm)[1],78 in (198 cm)[1],Orthodox,Heavyweight,Alex Stewart,74,Win,71–3,MD,10,"Apr 11, 1992","Thomas & Mack Center, Paradise, Nevada, U.S.",,"43 years, 92 days",
George Foreman,6 ft 3 in (191 cm)[1],78 in (198 cm)[1],Orthodox,Heavyweight,Jimmy K. Ellis,73,Win,70–3,TKO,"3 (10), 1:36","December 7, 1991","Convention Center, Reno, Nevada, U.S.",,"42 years, 331 days",
George Foreman,6 ft 3 in (191 cm)[1],78 in (198 cm)[1],Orthodox,Heavyweight,Evander Holyfield,72,Loss,69–3,UD,12,"Apr 19, 1991","Convention Hall, Atlantic City, New Jersey, U.S.","For WBA, WBC, and IBF heavyweight titles","42 years, 99 days",
George Foreman,6 ft 3 in (191 cm)[1],78 in (198 cm)[1],Orthodox,Heavyweight,Terry Anderson,71,Win,69–2,KO,"1 (10), 2:59","September 25, 1990","London Arena, London, England",,"41 years, 258 days",
George Foreman,6 ft 3 in (191 cm)[1],78 in (198 cm)[1],Orthodox,Heavyweight,Ken Lakusta,70,Win,68–2,KO,"3 (10), 1:24","July 31, 1990","Northlands AgriCom, Edmonton, Alberta, Canada",,"41 years, 202 days",
George Foreman,6 ft 3 in (191 cm)[1],78 in (198 cm)[1],Orthodox,Heavyweight,Adilson Rodrigues,69,Win,67–2,KO,"2 (10), 2:39","Jun 16, 1990","Caesars Palace, Paradise, Nevada, U.S.",,"41 years, 157 days",
George Foreman,6 ft 3 in (191 cm)[1],78 in (198 cm)[1],Orthodox,Heavyweight,Mike Jameson,68,Win,66–2,TKO,"4 (10), 2:16","April 17, 1990","Caesars Tahoe, Stateline, Nevada, U.S.",,"41 years, 97 days",
George Foreman,6 ft 3 in (191 cm)[1],78 in (198 cm)[1],Orthodox,Heavyweight,Gerry Cooney,67,Win,65–2,KO,"2 (10), 1:57","Jan 15, 1990","Convention Hall, Atlantic City, New Jersey, U.S.",,"41 years, 5 days",
George Foreman,6 ft 3 in (191 cm)[1],78 in (198 cm)[1],Orthodox,Heavyweight,Everett Martin,66,Win,64–2,UD,10,"July 20, 1989","Convention Center, Tucson, Arizona, U.S.",,"40 years, 191 days",
George Foreman,6 ft 3 in (191 cm)[1],78 in (198 cm)[1],Orthodox,Heavyweight,Bert Cooper,65,Win,63–2,RTD,"2 (10), 3:00","June 1, 1989","Pride Pavilion, Phoenix, Arizona, U.S.",,"40 years, 142 days",
George Foreman,6 ft 3 in (191 cm)[1],78 in (198 cm)[1],Orthodox,Heavyweight,J. B. Williamson,64,Win,62–2,TKO,"5 (10), 1:37","April 30, 1989","Moody Gardens Hotel Spa, Galveston, Texas, U.S.",,"40 years, 110 days",
George Foreman,6 ft 3 in (191 cm)[1],78 in (198 cm)[1],Orthodox,Heavyweight,Manoel De Almeida,63,Win,61–2,TKO,"3 (10), 2:14","February 16, 1989","Atlantis Theater, Orlando, Florida, U.S.",,"40 years, 37 days",
George Foreman,6 ft 3 in (191 cm)[1],78 in (198 cm)[1],Orthodox,Heavyweight,Mark Young,62,Win,60–2,TKO,"7 (10), 1:47","January 26, 1989","Community War Memorial, Rochester, New York, U.S.",,"40 years, 16 days",
George Foreman,6 ft 3 in (191 cm)[1],78 in (198 cm)[1],Orthodox,Heavyweight,David Jaco,61,Win,59–2,TKO,"1 (10), 2:03","December 28, 1988","Casa Royal Banquet Hall, Bakersfield, California, U.S.",,"39 years, 353 days",
George Foreman,6 ft 3 in (191 cm)[1],78 in (198 cm)[1],Orthodox,Heavyweight,Tony Fulilangi,60,Win,58–2,TKO,"2 (10), 2:26","October 27, 1988","Civic Center, Marshall, Texas, U.S.",,"39 years, 291 days",
George Foreman,6 ft 3 in (191 cm)[1],78 in (198 cm)[1],Orthodox,Heavyweight,Bobby Hitz,59,Win,57–2,TKO,"1 (10), 2:59","September 10, 1988","The Palace, Auburn Hills, Michigan, U.S.",,"39 years, 244 days",
George Foreman,6 ft 3 in (191 cm)[1],78 in (198 cm)[1],Orthodox,Heavyweight,Ladislao Mijangos,58,Win,56–2,TKO,"2 (10), 2:42","August 25, 1988","Lee County Civic Center, Fort Myers, Florida, U.S.",,"39 years, 228 days",
George Foreman,6 ft 3 in (191 cm)[1],78 in (198 cm)[1],Orthodox,Heavyweight,Carlos Hernández,57,Win,55–2,TKO,"4 (10), 1:36","June 26, 1988","Tropworld Casino and Entertainment Resort, Atlantic City, New Jersey, U.S.",,"39 years, 168 days",
George Foreman,6 ft 3 in (191 cm)[1],78 in (198 cm)[1],Orthodox,Heavyweight,Frank Lux,56,Win,54–2,TKO,"3 (10), 2:07","May 21, 1988","Sullivan Arena, Anchorage, Alaska, U.S.",,"39 years, 132 days",
George Foreman,6 ft 3 in (191 cm)[1],78 in (198 cm)[1],Orthodox,Heavyweight,Dwight Muhammad Qawi,55,Win,53–2,TKO,"7 (10), 1:51","March 19, 1988","Caesars Palace, Paradise, Nevada, U.S.",,"39 years, 69 days",
George Foreman,6 ft 3 in (191 cm)[1],78 in (198 cm)[1],Orthodox,Heavyweight,Guido Trane,54,Win,52–2,TKO,"5 (10), 2:39","February 5, 1988","Caesars Palace, Paradise, Nevada, U.S.",,"39 years, 26 days",
George Foreman,6 ft 3 in (191 cm)[1],78 in (198 cm)[1],Orthodox,Heavyweight,Tom Trimm,53,Win,51–2,KO,"1 (10), 0:45","January 23, 1988","Sheraton Twin Towers, Orlando, Florida, U.S.",,"39 years, 13 days",
George Foreman,6 ft 3 in (191 cm)[1],78 in (198 cm)[1],Orthodox,Heavyweight,Rocky Sekorski,52,Win,50–2,TKO,"3 (10), 2:48","December 18, 1987","Bally's Las Vegas, Paradise, Nevada, U.S.",,"38 years, 342 days",
George Foreman,6 ft 3 in (191 cm)[1],78 in (198 cm)[1],Orthodox,Heavyweight,Tim Anderson,51,Win,49–2,TKO,"4 (10), 2:23","November 21, 1987","Eddie Graham Sports Complex, Orlando, Florida, U.S.",,"38 years, 315 days",
George Foreman,6 ft 3 in (191 cm)[1],78 in (198 cm)[1],Orthodox,Heavyweight,Bobby Crabtree,50,Win,48–2,TKO,6 (10),"September 15, 1987","The Hitchin' Post, Springfield, Missouri, U.S.",,"38 years, 248 days",
George Foreman,6 ft 3 in (191 cm)[1],78 in (198 cm)[1],Orthodox,Heavyweight,Charles Hostetter,49,Win,47–2,KO,"3 (10), 2:01","July 9, 1987","County Coliseum, Oakland, California, U.S.",,"38 years, 180 days",
George Foreman,6 ft 3 in (191 cm)[1],78 in (198 cm)[1],Orthodox,Heavyweight,Steve Zouski,48,Win,46–2,TKO,"4 (10), 2:47","March 9, 1987","ARCO Arena, Sacramento, California, U.S.",,"38 years, 58 days",
George Foreman,6 ft 3 in (191 cm)[1],78 in (198 cm)[1],Orthodox,Heavyweight,Jimmy Young,47,Loss,45–2,UD,12,"March 17, 1977","Roberto Clemente Coliseum, San Juan, Puerto Rico",,"28 years, 66 days",
George Foreman,6 ft 3 in (191 cm)[1],78 in (198 cm)[1],Orthodox,Heavyweight,Pedro Agosto,46,Win,45–1,TKO,"4 (10), 2:34","January 22, 1977","Civic Center, Pensacola, Florida, U.S.",,"28 years, 12 days",
George Foreman,6 ft 3 in (191 cm)[1],78 in (198 cm)[1],Orthodox,Heavyweight,"John ""Dino"" Denis",45,Win,44–1,TKO,"4 (10), 2:25","October 15, 1976","Sportatorium, Hollywood, Florida, U.S.",,"27 years, 279 days",
George Foreman,6 ft 3 in (191 cm)[1],78 in (198 cm)[1],Orthodox,Heavyweight,Scott LeDoux,44,Win,43–1,TKO,"3 (10), 2:58","August 14, 1976","Memorial Auditorium, Utica, New York, U.S.",,"27 years, 217 days",
George Foreman,6 ft 3 in (191 cm)[1],78 in (198 cm)[1],Orthodox,Heavyweight,Joe Frazier,43,Win,42–1,TKO,"5 (12), 2:26","Jun 15, 1976","Nassau Veterans Memorial Coliseum, Hempstead, New York, U.S.",Retained NABF heavyweight title,"27 years, 157 days",
George Foreman,6 ft 3 in (191 cm)[1],78 in (198 cm)[1],Orthodox,Heavyweight,Ron Lyle,42,Win,41–1,KO,"5 (12), 2:28","January 24, 1976","Caesars Palace, Paradise, Nevada, U.S.",Won vacant NABF heavyweight title,"27 years, 14 days",
George Foreman,6 ft 3 in (191 cm)[1],78 in (198 cm)[1],Orthodox,Heavyweight,Muhammad Ali,41,Loss,40–1,KO,"8 (15), 2:58","Oct 30, 1974","Stade du 20 Mai, Kinshasa, Zaire","Lost WBA, WBC, and The Ring heavyweight titles","25 years, 293 days",
George Foreman,6 ft 3 in (191 cm)[1],78 in (198 cm)[1],Orthodox,Heavyweight,Ken Norton,40,Win,40–0,TKO,"2 (15), 2:00","Mar 26, 1974","Poliedro, Caracas, Venezuela","Retained WBA, WBC, and The Ring heavyweight titles","25 years, 75 days",
George Foreman,6 ft 3 in (191 cm)[1],78 in (198 cm)[1],Orthodox,Heavyweight,José Roman,39,Win,39–0,KO,"1 (15), 2:00","Sep 1, 1973","Nippon Budokan, Tokyo, Japan","Retained WBA, WBC, and The Ring heavyweight titles","24 years, 234 days",
George Foreman,6 ft 3 in (191 cm)[1],78 in (198 cm)[1],Orthodox,Heavyweight,Joe Frazier,38,Win,38–0,TKO,"2 (15), 2:26","Jan 22, 1973","National Stadium, Kingston, Jamaica","Won WBA, WBC, and The Ring heavyweight titles","24 years, 12 days",
George Foreman,6 ft 3 in (191 cm)[1],78 in (198 cm)[1],Orthodox,Heavyweight,Terry Sorrell,37,Win,37–0,KO,"2 (10), 1:05","October 10, 1972","Salt Palace, Salt Lake City, Utah, U.S.",,"23 years, 274 days",
George Foreman,6 ft 3 in (191 cm)[1],78 in (198 cm)[1],Orthodox,Heavyweight,Miguel Angel Paez,36,Win,36–0,KO,"2 (10), 2:29","May 11, 1972","County Coliseum Arena, Oakland, California, U.S.",Won Pan American heavyweight title,"23 years, 122 days",
George Foreman,6 ft 3 in (191 cm)[1],78 in (198 cm)[1],Orthodox,Heavyweight,Ted Gullick,35,Win,35–0,KO,"2 (10), 2:28","April 10, 1972","The Forum, Inglewood, California, U.S.",,"23 years, 91 days",
George Foreman,6 ft 3 in (191 cm)[1],78 in (198 cm)[1],Orthodox,Heavyweight,Clarence Boone,34,Win,34–0,KO,"2 (10), 2:55","March 7, 1972","Civic Center, Beaumont, Texas, U.S.",,"23 years, 57 days",
George Foreman,6 ft 3 in (191 cm)[1],78 in (198 cm)[1],Orthodox,Heavyweight,Joe Murphy Goodwin,33,Win,33–0,KO,2 (10),"February 29, 1972","Municipal Auditorium, Austin, Texas, U.S.",,"23 years, 50 days",
George Foreman,6 ft 3 in (191 cm)[1],78 in (198 cm)[1],Orthodox,Heavyweight,Luis Faustino Pires,32,Win,32–0,RTD,"4 (10), 3:00","October 29, 1971","Madison Square Garden, New York City, U.S.",,"22 years, 292 days",
George Foreman,6 ft 3 in (191 cm)[1],78 in (198 cm)[1],Orthodox,Heavyweight,Ollie Wilson,31,Win,31–0,KO,"2 (10), 2:35","October 7, 1971","Municipal Auditorium, San Antonio, Texas, U.S.",,"22 years, 270 days",
George Foreman,6 ft 3 in (191 cm)[1],78 in (198 cm)[1],Orthodox,Heavyweight,Leroy Caldwell,30,Win,30–0,KO,"2 (10), 1:54","September 21, 1971","Beaumont, Texas, U.S.",,"22 years, 254 days",
George Foreman,6 ft 3 in (191 cm)[1],78 in (198 cm)[1],Orthodox,Heavyweight,Vic Scott,29,Win,29–0,KO,1 (10),"September 14, 1971","County Coliseum, El Paso, Texas, U.S.",,"22 years, 247 days",
George Foreman,6 ft 3 in (191 cm)[1],78 in (198 cm)[1],Orthodox,Heavyweight,Gregorio Peralta,28,Win,28–0,TKO,"10 (15), 2:52","May 10, 1971","County Coliseum Arena, Oakland, California, U.S.",Won vacant NABF heavyweight title,"22 years, 120 days",
George Foreman,6 ft 3 in (191 cm)[1],78 in (198 cm)[1],Orthodox,Heavyweight,Stamford Harris,27,Win,27–0,KO,"2 (10), 2:58","April 3, 1971","Playboy Club, Lake Geneva, Wisconsin, U.S.",,"22 years, 83 days",
George Foreman,6 ft 3 in (191 cm)[1],78 in (198 cm)[1],Orthodox,Heavyweight,Charlie Boston,26,Win,26–0,KO,"1 (10), 2:01","February 8, 1971","St. Paul Auditorium, Saint Paul, Minnesota, U.S.",,"22 years, 29 days",
George Foreman,6 ft 3 in (191 cm)[1],78 in (198 cm)[1],Orthodox,Heavyweight,Mel Turnbow,25,Win,25–0,TKO,"1 (10), 2:58","December 18, 1970","Center Arena, Seattle, Washington, U.S.",,"21 years, 342 days",
George Foreman,6 ft 3 in (191 cm)[1],78 in (198 cm)[1],Orthodox,Heavyweight,Boone Kirkman,24,Win,24–0,TKO,"2 (10), 0:41","November 18, 1970","Madison Square Garden, New York City, U.S.",,"21 years, 312 days",
George Foreman,6 ft 3 in (191 cm)[1],78 in (198 cm)[1],Orthodox,Heavyweight,Lou Bailey,23,Win,23–0,TKO,"3 (10), 1:50","November 3, 1970","State Fairgrounds International Building, Oklahoma City, Oklahoma, U.S.",,"21 years, 297 days",
George Foreman,6 ft 3 in (191 cm)[1],78 in (198 cm)[1],Orthodox,Heavyweight,George Chuvalo,22,Win,22–0,TKO,"3 (10), 1:41","August 4, 1970","Madison Square Garden, New York City, U.S.",,"21 years, 206 days",
George Foreman,6 ft 3 in (191 cm)[1],78 in (198 cm)[1],Orthodox,Heavyweight,Roger Russell,21,Win,21–0,KO,"1 (10), 2:29","July 20, 1970","Spectrum, Philadelphia, Pennsylvania, U.S.",,"21 years, 191 days",
George Foreman,6 ft 3 in (191 cm)[1],78 in (198 cm)[1],Orthodox,Heavyweight,George Johnson,20,Win,20–0,TKO,"7 (10), 1:41","May 16, 1970","The Forum, Inglewood, California, U.S.",,"21 years, 126 days",
George Foreman,6 ft 3 in (191 cm)[1],78 in (198 cm)[1],Orthodox,Heavyweight,Aaron Eastling,19,Win,19–0,TKO,"4 (10), 2:24","April 29, 1970","Cleveland Arena, Cleveland, Ohio, U.S.",,"21 years, 109 days",
George Foreman,6 ft 3 in (191 cm)[1],78 in (198 cm)[1],Orthodox,Heavyweight,James J. Woody,18,Win,18–0,TKO,"3 (10), 0:37","April 17, 1970","Felt Forum, New York City, U.S.",,"21 years, 97 days",
George Foreman,6 ft 3 in (191 cm)[1],78 in (198 cm)[1],Orthodox,Heavyweight,Rufus Brassell,17,Win,17–0,TKO,"1 (10), 2:42","March 31, 1970","Sam Houston Coliseum, Houston, Texas, U.S.",,"21 years, 80 days",
George Foreman,6 ft 3 in (191 cm)[1],78 in (198 cm)[1],Orthodox,Heavyweight,Gregorio Peralta,16,Win,16–0,UD,10,"February 16, 1970","Madison Square Garden, New York City, U.S.",,"21 years, 37 days",
George Foreman,6 ft 3 in (191 cm)[1],78 in (198 cm)[1],Orthodox,Heavyweight,Jack O'Halloran,15,Win,15–0,KO,"5 (10), 1:10","January 26, 1970","Madison Square Garden, New York City, U.S.",,"21 years, 16 days",
George Foreman,6 ft 3 in (191 cm)[1],78 in (198 cm)[1],Orthodox,Heavyweight,Charley Polite,14,Win,14–0,KO,"4 (10), 0:44","January 6, 1970","Sam Houston Coliseum, Houston, Texas, U.S.",,"20 years, 361 days",
George Foreman,6 ft 3 in (191 cm)[1],78 in (198 cm)[1],Orthodox,Heavyweight,Gary Hobo Wiler,13,Win,13–0,TKO,1 (10),"December 18, 1969","Seattle Center Coliseum, Seattle, Washington, U.S.",,"20 years, 342 days",
George Foreman,6 ft 3 in (191 cm)[1],78 in (198 cm)[1],Orthodox,Heavyweight,Levi Forte,12,Win,12–0,UD,10,"December 16, 1969","Auditorium, Miami Beach, Florida, U.S.",,"20 years, 340 days",
George Foreman,6 ft 3 in (191 cm)[1],78 in (198 cm)[1],Orthodox,Heavyweight,Bob Hazelton,11,Win,11–0,TKO,"1 (6), 1:22","December 6, 1969","International Hotel, Winchester, Nevada, U.S.",,"20 years, 330 days",
George Foreman,6 ft 3 in (191 cm)[1],78 in (198 cm)[1],Orthodox,Heavyweight,Max Martinez,10,Win,10–0,KO,"2 (10), 2:35","November 18, 1969","Sam Houston Coliseum, Houston, Texas, U.S.",,"20 years, 312 days",
George Foreman,6 ft 3 in (191 cm)[1],78 in (198 cm)[1],Orthodox,Heavyweight,Leo Peterson,9,Win,9–0,KO,"4 (8), 1:00","November 5, 1969","Scranton, Pennsylvania, U.S.",,"20 years, 299 days",
George Foreman,6 ft 3 in (191 cm)[1],78 in (198 cm)[1],Orthodox,Heavyweight,Roberto Davila,8,Win,8–0,UD,8,"October 31, 1969","Madison Square Garden, New York City, U.S.",,"20 years, 294 days",
George Foreman,6 ft 3 in (191 cm)[1],78 in (198 cm)[1],Orthodox,Heavyweight,Vernon Clay,7,Win,7–0,TKO,"2 (6), 0:32","October 7, 1969","Sam Houston Coliseum, Houston, Texas, U.S.",,"20 years, 270 days",
George Foreman,6 ft 3 in (191 cm)[1],78 in (198 cm)[1],Orthodox,Heavyweight,Roy Wallace,6,Win,6–0,KO,"2 (6), 0:19","September 23, 1969","Sam Houston Coliseum, Houston, Texas, U.S.",,"20 years, 256 days",
George Foreman,6 ft 3 in (191 cm)[1],78 in (198 cm)[1],Orthodox,Heavyweight,Johnny Carroll,5,Win,5–0,KO,"1 (6), 2:19","September 18, 1969","Center Coliseum, Seattle, Washington, U.S.",,"20 years, 251 days",
George Foreman,6 ft 3 in (191 cm)[1],78 in (198 cm)[1],Orthodox,Heavyweight,Chuck Wepner,4,Win,4–0,TKO,"3 (10), 0:54","August 18, 1969","Madison Square Garden, New York City, U.S.",,"20 years, 220 days",
George Foreman,6 ft 3 in (191 cm)[1],78 in (198 cm)[1],Orthodox,Heavyweight,Sylvester Dullaire,3,Win,3–0,TKO,"1 (6), 2:59","July 14, 1969","Rosecroft Raceway, Oxon Hill, Maryland, U.S.",,"20 years, 185 days",
George Foreman,6 ft 3 in (191 cm)[1],78 in (198 cm)[1],Orthodox,Heavyweight,Fred Askew,2,Win,2–0,KO,"1 (6), 2:30","July 1, 1969","Sam Houston Coliseum, Houston, Texas, U.S.",,"20 years, 172 days",
George Foreman,6 ft 3 in (191 cm)[1],78 in (198 cm)[1],Orthodox,Heavyweight,Donald Walheim,1,Win,1–0,KO,"3 (6), 1:54","June 23, 1969","Madison Square Garden, New York City, U.S.",,"20 years, 164 days",
Paulie Malignaggi,5 ft 8 in (173 cm),70 in (178 cm),,"Light welterweight
Welterweight",Sam Eggington,44,Loss,36–8,KO,"8 (12), 1:50","Mar 4, 2017","The O2 Arena, London, England",For WBC International welterweight title,,
Paulie Malignaggi,5 ft 8 in (173 cm),70 in (178 cm),,"Light welterweight
Welterweight",Gabriel Bracero,43,Win,36–7,UD,10,"Jul 30, 2016","Barclays Center, New York City, New York, U.S.",,,
Paulie Malignaggi,5 ft 8 in (173 cm),70 in (178 cm),,"Light welterweight
Welterweight",Antonio Moscatiello,42,Win,35–7,UD,12,"Dec 12, 2015","The O2 Arena, London, England",Won vacant European Union welterweight title,,
Paulie Malignaggi,5 ft 8 in (173 cm),70 in (178 cm),,"Light welterweight
Welterweight",Laszlo Fazekas,41,Win,34–7,UD,8,"Sep 26, 2015","Teatro Principe, Milan, Italy",,,
Paulie Malignaggi,5 ft 8 in (173 cm),70 in (178 cm),,"Light welterweight
Welterweight",Danny Garcia,40,Loss,33–7,TKO,"9 (12), 2:22","Aug 1, 2015","Barclays Center, New York City, New York, U.S.",,,
Paulie Malignaggi,5 ft 8 in (173 cm),70 in (178 cm),,"Light welterweight
Welterweight",Shawn Porter,39,Loss,33–6,TKO,"4 (12), 1:14","Apr 19, 2014","D.C. Armory, Washington, D.C.",For IBF welterweight title,,
Paulie Malignaggi,5 ft 8 in (173 cm),70 in (178 cm),,"Light welterweight
Welterweight",Zab Judah,38,Win,33–5,UD,12,"Dec 7, 2013","Barclays Center, New York City, New York, U.S.",Won vacant WBC-NABF welterweight title,,
Paulie Malignaggi,5 ft 8 in (173 cm),70 in (178 cm),,"Light welterweight
Welterweight",Adrien Broner,37,Loss,32–5,SD,12,"Jun 22, 2013","Barclays Center, New York City, New York, U.S.",Lost WBA (Regular) welterweight title,,
Paulie Malignaggi,5 ft 8 in (173 cm),70 in (178 cm),,"Light welterweight
Welterweight",Pablo César Cano,36,Win,32–4,SD,12,"Oct 20, 2012","Barclays Center, New York City, New York, U.S.",Cano failed to make weight so the title was not at stake.[54],,
Paulie Malignaggi,5 ft 8 in (173 cm),70 in (178 cm),,"Light welterweight
Welterweight",Vyacheslav Senchenko,35,Win,31–4,TKO,"9 (12), 1:10","Apr 29, 2012","Donbas Arena, Donetsk, Ukraine",Won WBA (Regular) welterweight title,,
Paulie Malignaggi,5 ft 8 in (173 cm),70 in (178 cm),,"Light welterweight
Welterweight",Orlando Lora,34,Win,30–4,UD,10,"Oct 15, 2011","Staples Center, Los Angeles, California, U.S.",,,
Paulie Malignaggi,5 ft 8 in (173 cm),70 in (178 cm),,"Light welterweight
Welterweight",José Cotto,33,Win,29–4,UD,10,"Apr 9, 2011","MGM Grand Garden Arena, Paradise, Nevada, U.S.",,,
Paulie Malignaggi,5 ft 8 in (173 cm),70 in (178 cm),,"Light welterweight
Welterweight",Michael Lozada,32,Win,28–4,TKO,"6 (10), 2:33","Dec 18, 2010","Colisée Pepsi, Quebec City, Quebec, Canada",,,
Paulie Malignaggi,5 ft 8 in (173 cm),70 in (178 cm),,"Light welterweight
Welterweight",Amir Khan,31,Loss,27–4,TKO,"11 (12), 1:25","May 15, 2010","The Theater at Madison Square Garden, New York, U.S.",For WBA light welterweight title,,
Paulie Malignaggi,5 ft 8 in (173 cm),70 in (178 cm),,"Light welterweight
Welterweight",Juan Díaz,30,Win,27–3,UD,12,"Dec 12, 2009","UIC Pavilion, Chicago, Illinois, U.S.",Won WBO–NABO light welterweight title,,
Paulie Malignaggi,5 ft 8 in (173 cm),70 in (178 cm),,"Light welterweight
Welterweight",Juan Díaz,29,Loss,26–3,UD,12,"Aug 22, 2009","Toyota Center, Houston, Texas, U.S.",For vacant WBO–NABO light welterweight title,,
Paulie Malignaggi,5 ft 8 in (173 cm),70 in (178 cm),,"Light welterweight
Welterweight",Christopher Fernandez,28,Win,26–2,UD,8,"Apr 25, 2009","Foxwoods Resort Casino, Ledyard, Connecticut, U.S.",,,
Paulie Malignaggi,5 ft 8 in (173 cm),70 in (178 cm),,"Light welterweight
Welterweight",Ricky Hatton,27,Loss,25–2,TKO,"11 (12), 0:48","Nov 22, 2008","MGM Grand Garden Arena, Paradise, Nevada, U.S.",For IBO and The Ring light welterweight titles,,
Paulie Malignaggi,5 ft 8 in (173 cm),70 in (178 cm),,"Light welterweight
Welterweight",Lovemore N'dou,26,Win,25–1,SD,12,"May 24, 2008","City Stadium, Manchester, England",Retained IBF light welterweight title,,
Paulie Malignaggi,5 ft 8 in (173 cm),70 in (178 cm),,"Light welterweight
Welterweight",Herman Ngoudjo,25,Win,24–1,UD,12,"Jan 5, 2008","Bally's Park Place, Atlantic City, New Jersey, U.S.",Retained IBF light welterweight title,,
Paulie Malignaggi,5 ft 8 in (173 cm),70 in (178 cm),,"Light welterweight
Welterweight",Lovemore N'dou,24,Win,23–1,UD,12,"Jun 16, 2007","Mohegan Sun Arena, Montville, Connecticut, U.S.",Won IBF light welterweight title,,
Paulie Malignaggi,5 ft 8 in (173 cm),70 in (178 cm),,"Light welterweight
Welterweight",Edner Cherry,23,Win,22–1,UD,10,"Feb 17, 2007","Hammerstein Ballroom, New York City, New York, U.S.",,,
Paulie Malignaggi,5 ft 8 in (173 cm),70 in (178 cm),,"Light welterweight
Welterweight",Miguel Cotto,22,Loss,21–1,UD,12,"Jun 10, 2006","Madison Square Garden, New York City, New York, U.S.",For WBO light welterweight title,,
Paulie Malignaggi,5 ft 8 in (173 cm),70 in (178 cm),,"Light welterweight
Welterweight",Donald Camarena,21,Win,21–0,UD,10,"Feb 10, 2006","Foxwoods Resort Casino, Ledyard, Connecticut, U.S.",Won WBC Continental Americas light welterweight title,,
Paulie Malignaggi,5 ft 8 in (173 cm),70 in (178 cm),,"Light welterweight
Welterweight",Jeremy Yelton,20,Win,20–0,UD,8,"Aug 25, 2005","Hammerstein Ballroom, New York City, New York, U.S.",,,
Paulie Malignaggi,5 ft 8 in (173 cm),70 in (178 cm),,"Light welterweight
Welterweight",Sandro Casamonica,19,Win,19–0,TD,"7 (12), 3:00","Dec 4, 2004","Barton Coliseum, Little Rock, Arkansas, U.S.",Won WBC International light welterweight title; Unanimous TD after Casamonica was cut from an accidental head clash,,
Paulie Malignaggi,5 ft 8 in (173 cm),70 in (178 cm),,"Light welterweight
Welterweight",Ramiro Cano,18,Win,18–0,UD,10,"Jun 17, 2004","Harrah's, Laughlin, Nevada, U.S.",,,
Paulie Malignaggi,5 ft 8 in (173 cm),70 in (178 cm),,"Light welterweight
Welterweight",Rocky Martinez,17,Win,17–0,UD,10,"Apr 22, 2004","Manhattan Center Grand Ballroom, New York City, New York, U.S.",,,
Paulie Malignaggi,5 ft 8 in (173 cm),70 in (178 cm),,"Light welterweight
Welterweight",Paul Delgado,16,Win,16–0,UD,8,"Dec 6, 2003","Madison Square Garden, New York City, New York, U.S.",,,
Paulie Malignaggi,5 ft 8 in (173 cm),70 in (178 cm),,"Light welterweight
Welterweight",Jesus Abel Santiago,15,Win,15–0,UD,8,"Oct 24, 2003","Jimmy's Bronx Cafe, New York City, New York, U.S.",,,
Paulie Malignaggi,5 ft 8 in (173 cm),70 in (178 cm),,"Light welterweight
Welterweight",Kevin Watts,14,Win,14–0,TKO,"6 (10), 2:09","Aug 1, 2003","Casino Ballroom, Hampton, New Hampshire, U.S.",,,
Paulie Malignaggi,5 ft 8 in (173 cm),70 in (178 cm),,"Light welterweight
Welterweight",Shad Howard,13,Win,13–0,UD,6,"Jun 3, 2003","Mohegan Sun Arena, Montville, Connecticut, U.S.",,,
Paulie Malignaggi,5 ft 8 in (173 cm),70 in (178 cm),,"Light welterweight
Welterweight",Paul Delgado,12,Win,12–0,SD,8,"Nov 23, 2002","Boardwalk Hall, Atlantic City, New Jersey, U.S.",,,
Paulie Malignaggi,5 ft 8 in (173 cm),70 in (178 cm),,"Light welterweight
Welterweight",Chad Lawshe,11,Win,11–0,UD,6,"Oct 13, 2002","Loews Regency Hotel, New York City, New York, U.S.",,,
Paulie Malignaggi,5 ft 8 in (173 cm),70 in (178 cm),,"Light welterweight
Welterweight",Anthony Simpkins,10,Win,10–0,TKO,"2 (6), 2:44","Aug 30, 2002","Harry Cipriani Bar, New York City, New York, U.S.",,,
Paulie Malignaggi,5 ft 8 in (173 cm),70 in (178 cm),,"Light welterweight
Welterweight",Jadschi Green,9,Win,9–0,UD,6,"Jul 26, 2002","Mountaineer Casino Racetrack and Resort, Chester, West Virginia, U.S.",,,
Paulie Malignaggi,5 ft 8 in (173 cm),70 in (178 cm),,"Light welterweight
Welterweight",Andre Baker,8,Win,8–0,UD,6,"May 30, 2002","Days Inn, Allentown, Pennsylvania, U.S.",,,
Paulie Malignaggi,5 ft 8 in (173 cm),70 in (178 cm),,"Light welterweight
Welterweight",Sterling Gethers,7,Win,7–0,UD,4,"Apr 12, 2002","Foxwoods Resort Casino, Ledyard, Connecticut, U.S.",,,
Paulie Malignaggi,5 ft 8 in (173 cm),70 in (178 cm),,"Light welterweight
Welterweight",Antonio Young,6,Win,6–0,UD,6,"Jan 18, 2002","Hilton Hotel, Huntington, New York, U.S.",,,
Paulie Malignaggi,5 ft 8 in (173 cm),70 in (178 cm),,"Light welterweight
Welterweight",Jose LaPorte,5,Win,5–0,UD,4,"Dec 7, 2001","Foxwoods Resort Casino, Ledyard, Connecticut, U.S.",,,
Paulie Malignaggi,5 ft 8 in (173 cm),70 in (178 cm),,"Light welterweight
Welterweight",Cornell Jackson,4,Win,4–0,UD,4,"Nov 23, 2001","Roseland Ballroom, New York City, New York, U.S.",,,
Paulie Malignaggi,5 ft 8 in (173 cm),70 in (178 cm),,"Light welterweight
Welterweight",Luis Melendez,3,Win,3–0,KO,"3 (4), 3:00","Nov 10, 2001","Fernwood Hotel & Resort, Bushkill, Pennsylvania, U.S.",,,
Paulie Malignaggi,5 ft 8 in (173 cm),70 in (178 cm),,"Light welterweight
Welterweight",Robert Sowers,2,Win,2–0,TKO,"4 (4), 2:55","Jul 26, 2001","Roseland Ballroom, New York City, New York, U.S.",,,
Paulie Malignaggi,5 ft 8 in (173 cm),70 in (178 cm),,"Light welterweight
Welterweight",Thadeus Parker,1,Win,1–0,TKO,"1 (4), 2:33","Jul 7, 2001","KeySpan Park, New York City, New York, U.S.",,,
Andre Ward,6 ft 0 in (183 cm)[1],71 in (180 cm),Orthodox,"Super middleweight
Light heavyweight",Sergey Kovalev,32,Win,32–0,TKO,"8 (12), 2:29","Jun 17, 2017","Mandalay Bay Events Center, Paradise, Nevada, U.S.","Retained WBA (Super), IBF, and WBO light heavyweight titles; Won vacant The Ring light heavyweight title",,
Andre Ward,6 ft 0 in (183 cm)[1],71 in (180 cm),Orthodox,"Super middleweight
Light heavyweight",Sergey Kovalev,31,Win,31–0,UD,12,"Nov 19, 2016","T-Mobile Arena, Paradise, Nevada, U.S.","Won WBA (Super), IBF, and WBO light heavyweight titles",,
Andre Ward,6 ft 0 in (183 cm)[1],71 in (180 cm),Orthodox,"Super middleweight
Light heavyweight",Alexander Brand,30,Win,30–0,UD,12,"Aug 6, 2016","Oracle Arena, Oakland, California, U.S.",Won vacant WBO International light heavyweight title,,
Andre Ward,6 ft 0 in (183 cm)[1],71 in (180 cm),Orthodox,"Super middleweight
Light heavyweight",Sullivan Barrera,29,Win,29–0,UD,12,"Mar 26, 2016","Oracle Arena, Oakland, California, U.S.",,,
Andre Ward,6 ft 0 in (183 cm)[1],71 in (180 cm),Orthodox,"Super middleweight
Light heavyweight",Paul Smith,28,Win,28–0,TKO,"9 (12), 1:45","Jun 20, 2015","Oracle Arena, Oakland, California, U.S.",,,
Andre Ward,6 ft 0 in (183 cm)[1],71 in (180 cm),Orthodox,"Super middleweight
Light heavyweight",Edwin Rodríguez,27,Win,27–0,UD,12,"Nov 16, 2013","Citizens Business Bank Arena, Ontario, California, U.S.",Retained WBA (Super) and The Ring super middleweight titles,,
Andre Ward,6 ft 0 in (183 cm)[1],71 in (180 cm),Orthodox,"Super middleweight
Light heavyweight",Chad Dawson,26,Win,26–0,TKO,"10 (12), 2:45","Sep 8, 2012","Oracle Arena, Oakland, California, U.S.","Retained WBA (Super), WBC, and The Ring super middleweight titles",,
Andre Ward,6 ft 0 in (183 cm)[1],71 in (180 cm),Orthodox,"Super middleweight
Light heavyweight",Carl Froch,25,Win,25–0,UD,12,"Dec 17, 2011","Boardwalk Hall, Atlantic City, New Jersey, U.S.",Retained WBA (Super) super middleweight title; Won WBC and vacant The Ring super middleweight titles; Super Six World Boxing Classic: final,,
Andre Ward,6 ft 0 in (183 cm)[1],71 in (180 cm),Orthodox,"Super middleweight
Light heavyweight",Arthur Abraham,24,Win,24–0,UD,12,"May 14, 2011","Home Depot Center, Carson, California, U.S.",Retained WBA (Super) super middleweight title; Super Six World Boxing Classic: semi-final,,
Andre Ward,6 ft 0 in (183 cm)[1],71 in (180 cm),Orthodox,"Super middleweight
Light heavyweight",Sakio Bika,23,Win,23–0,UD,12,"Nov 27, 2010","Oracle Arena, Oakland, California, U.S.",Retained WBA (Super) super middleweight title,,
Andre Ward,6 ft 0 in (183 cm)[1],71 in (180 cm),Orthodox,"Super middleweight
Light heavyweight",Allan Green,22,Win,22–0,UD,12,"Jun 19, 2010","Oracle Arena, Oakland, California, U.S.",Retained WBA (Super) super middleweight title; Super Six World Boxing Classic: group stage 2,,
Andre Ward,6 ft 0 in (183 cm)[1],71 in (180 cm),Orthodox,"Super middleweight
Light heavyweight",Mikkel Kessler,21,Win,21–0,TD,"11 (12), 1:42","Nov 21, 2009","Oracle Arena, Oakland, California, U.S.",Won WBA (Super) super middleweight title; Super Six World Boxing Classic: group stage 1; Unanimous TD: Kessler cut from accidental head clashes,,
Andre Ward,6 ft 0 in (183 cm)[1],71 in (180 cm),Orthodox,"Super middleweight
Light heavyweight",Shelby Pudwill,20,Win,20–0,TKO,"3 (10), 2:16","Sep 12, 2009","Pechanga Resort & Casino, Temecula, California, U.S.",,,
Andre Ward,6 ft 0 in (183 cm)[1],71 in (180 cm),Orthodox,"Super middleweight
Light heavyweight",Edison Miranda,19,Win,19–0,UD,12,"May 16, 2009","Oracle Arena, Oakland, California, U.S.",Retained NABF and WBO–NABO super middleweight titles,,
Andre Ward,6 ft 0 in (183 cm)[1],71 in (180 cm),Orthodox,"Super middleweight
Light heavyweight",Henry Buchanan,18,Win,18–0,UD,12,"Feb 6, 2009","Tachi Palace Hotel & Casino, Lemoore, California, U.S.",Won WBO–NABO super middleweight title; Won vacant NABF super middleweight title,,
Andre Ward,6 ft 0 in (183 cm)[1],71 in (180 cm),Orthodox,"Super middleweight
Light heavyweight",Esteban Camou,17,Win,17–0,TKO,"3 (10), 2:46","Dec 13, 2008","Morongo Casino Resort & Spa, Cabazon, California, U.S.",,,
Andre Ward,6 ft 0 in (183 cm)[1],71 in (180 cm),Orthodox,"Super middleweight
Light heavyweight",Jerson Ravelo,16,Win,16–0,TKO,"8 (12), 2:37","Jun 20, 2008","Royal Watler Cruise Terminal, George Town, Cayman Islands",Won vacant WBO–NABO super middleweight title,,
Andre Ward,6 ft 0 in (183 cm)[1],71 in (180 cm),Orthodox,"Super middleweight
Light heavyweight",Rubin Williams,15,Win,15–0,TKO,"7 (10), 2:51","Mar 20, 2008","HP Pavilion, San Jose, California, U.S.",,,
Andre Ward,6 ft 0 in (183 cm)[1],71 in (180 cm),Orthodox,"Super middleweight
Light heavyweight",Roger Cantrell,14,Win,14–0,TKO,"5 (10), 1:56","Nov 16, 2007","Beausejour Stadium, Gros Islet, Saint Lucia",,,
Andre Ward,6 ft 0 in (183 cm)[1],71 in (180 cm),Orthodox,"Super middleweight
Light heavyweight",Francisco Diaz,13,Win,13–0,TKO,"3 (8), 2:59","Jul 14, 2007","Home Depot Center, Carson, California, U.S.",,,
Andre Ward,6 ft 0 in (183 cm)[1],71 in (180 cm),Orthodox,"Super middleweight
Light heavyweight",Dhafir Smith,12,Win,12–0,TKO,"6 (8), 2:47","May 17, 2007","Tachi Palace Hotel & Casino, Lemoore, California, U.S.",,,
Andre Ward,6 ft 0 in (183 cm)[1],71 in (180 cm),Orthodox,"Super middleweight
Light heavyweight",Julio Jean,11,Win,11–0,TKO,"3 (8), 2:04","Mar 29, 2007","HP Pavilion, San Jose, California, U.S.",,,
Andre Ward,6 ft 0 in (183 cm)[1],71 in (180 cm),Orthodox,"Super middleweight
Light heavyweight",Derrick Findley,10,Win,10–0,UD,6,"Nov 16, 2006","HP Pavilion, San Jose, California, U.S.",,,
Andre Ward,6 ft 0 in (183 cm)[1],71 in (180 cm),Orthodox,"Super middleweight
Light heavyweight",Andy Kolle,9,Win,9–0,RTD,"6 (8), 3:00","Apr 29, 2006","Foxwoods Resort Casino, Ledyard, Connecticut, U.S.",,,
Andre Ward,6 ft 0 in (183 cm)[1],71 in (180 cm),Orthodox,"Super middleweight
Light heavyweight",Kendall Gould,8,Win,8–0,UD,6,"Feb 23, 2006","Tachi Palace Hotel & Casino, Lemoore, California, U.S.",,,
Andre Ward,6 ft 0 in (183 cm)[1],71 in (180 cm),Orthodox,"Super middleweight
Light heavyweight",Darnell Boone,7,Win,7–0,UD,6,"Nov 19, 2005","Rose Garden, Portland, Oregon, U.S.",,,
Andre Ward,6 ft 0 in (183 cm)[1],71 in (180 cm),Orthodox,"Super middleweight
Light heavyweight",Glenn LaPlante,6,Win,6–0,KO,"1 (6), 2:59","Oct 1, 2005","St. Pete Times Forum, Tampa, Florida, U.S.",,,
Andre Ward,6 ft 0 in (183 cm)[1],71 in (180 cm),Orthodox,"Super middleweight
Light heavyweight",Christopher Holt,5,Win,5–0,RTD,"3 (6), 3:00","Aug 18, 2005","HP Pavilion, San Jose, California, U.S.",,,
Andre Ward,6 ft 0 in (183 cm)[1],71 in (180 cm),Orthodox,"Super middleweight
Light heavyweight",Ben Aragon,4,Win,4–0,TKO,"3 (6), 0:59","Jun 18, 2005","FedExForum, Memphis, Tennessee, U.S.",,,
Andre Ward,6 ft 0 in (183 cm)[1],71 in (180 cm),Orthodox,"Super middleweight
Light heavyweight",Roy Ashworth,3,Win,3–0,DQ,"3 (6), 2:56","Apr 7, 2005","Pechanga Resort & Casino, Temecula, California, U.S.",Ashworth disqualified for hitting on the break,,
Andre Ward,6 ft 0 in (183 cm)[1],71 in (180 cm),Orthodox,"Super middleweight
Light heavyweight",Kenny Kost,2,Win,2–0,UD,6,"Feb 10, 2005","Palace Indian Gaming Center, Lemoore, California, U.S.",,,
Andre Ward,6 ft 0 in (183 cm)[1],71 in (180 cm),Orthodox,"Super middleweight
Light heavyweight",Chris Molina,1,Win,1–0,TKO,"2 (4), 0:40","Dec 18, 2004","Staples Center, Los Angeles, California, U.S.",,,
Naseem Hamed,5 ft 3 in (160 cm)[1][2],63 in (160 cm)[1],Southpaw,"Bantamweight
Super-bantamweight
Featherweight",Manuel Calvo,37,Win,36–1,UD,12,18 May 2002,"London Arena, London, England",Won vacant IBO featherweight title,,
Naseem Hamed,5 ft 3 in (160 cm)[1][2],63 in (160 cm)[1],Southpaw,"Bantamweight
Super-bantamweight
Featherweight",Marco Antonio Barrera,36,Loss,35–1,UD,12,7 Apr 2001,"MGM Grand Garden Arena, Paradise, Nevada, US",For vacant IBO featherweight title,,
Naseem Hamed,5 ft 3 in (160 cm)[1][2],63 in (160 cm)[1],Southpaw,"Bantamweight
Super-bantamweight
Featherweight",Augie Sanchez,35,Win,35–0,TKO,"4 (12), 2:34",19 Aug 2000,"Foxwoods Resort Casino, Ledyard, Connecticut, US",Retained WBO featherweight title,,
Naseem Hamed,5 ft 3 in (160 cm)[1][2],63 in (160 cm)[1],Southpaw,"Bantamweight
Super-bantamweight
Featherweight",Vuyani Bungu,34,Win,34–0,TKO,"4 (12), 1:38",11 Mar 2000,"London Olympia, London, England",Retained WBO featherweight title,,
Naseem Hamed,5 ft 3 in (160 cm)[1][2],63 in (160 cm)[1],Southpaw,"Bantamweight
Super-bantamweight
Featherweight",César Soto,33,Win,33–0,UD,12,22 Oct 1999,"Joe Louis Arena, Detroit, Michigan, US",Retained WBO featherweight title; Won WBC featherweight title,,
Naseem Hamed,5 ft 3 in (160 cm)[1][2],63 in (160 cm)[1],Southpaw,"Bantamweight
Super-bantamweight
Featherweight",Paul Ingle,32,Win,32–0,TKO,"11 (12), 0:45",10 Apr 1999,"MEN Arena, Manchester, England",Retained WBO featherweight title,,
Naseem Hamed,5 ft 3 in (160 cm)[1][2],63 in (160 cm)[1],Southpaw,"Bantamweight
Super-bantamweight
Featherweight",Wayne McCullough,31,Win,31–0,UD,12,31 Oct 1998,"Bally's Park Place, Atlantic City, New Jersey, US",Retained WBO featherweight title,,
Naseem Hamed,5 ft 3 in (160 cm)[1][2],63 in (160 cm)[1],Southpaw,"Bantamweight
Super-bantamweight
Featherweight",Wilfredo Vázquez,30,Win,30–0,TKO,"7 (12), 2:29",18 Apr 1998,"NYNEX Arena, Manchester, England",Retained WBO featherweight title,,
Naseem Hamed,5 ft 3 in (160 cm)[1][2],63 in (160 cm)[1],Southpaw,"Bantamweight
Super-bantamweight
Featherweight",Kevin Kelley,29,Win,29–0,KO,"4 (12), 2:27",19 Dec 1997,"Madison Square Garden, New York City, New York, US",Retained WBO featherweight title,,
Naseem Hamed,5 ft 3 in (160 cm)[1][2],63 in (160 cm)[1],Southpaw,"Bantamweight
Super-bantamweight
Featherweight",Jose Badillo,28,Win,28–0,TKO,"7 (12), 1:37",11 Oct 1997,"Sheffield Arena, Sheffield, England",Retained WBO featherweight title,,
Naseem Hamed,5 ft 3 in (160 cm)[1][2],63 in (160 cm)[1],Southpaw,"Bantamweight
Super-bantamweight
Featherweight",Juan Gerardo Cabrera,27,Win,27–0,TKO,"2 (12), 2:17",19 Jul 1997,"Wembley Arena, London, England",Retained IBF and WBO featherweight titles,,
Naseem Hamed,5 ft 3 in (160 cm)[1][2],63 in (160 cm)[1],Southpaw,"Bantamweight
Super-bantamweight
Featherweight",Billy Hardy,26,Win,26–0,TKO,"1 (12), 1:33",3 May 1997,"NYNEX Arena, Manchester, England",Retained IBF and WBO featherweight titles,,
Naseem Hamed,5 ft 3 in (160 cm)[1][2],63 in (160 cm)[1],Southpaw,"Bantamweight
Super-bantamweight
Featherweight",Tom Johnson,25,Win,25–0,TKO,"8 (12), 2:27",8 Feb 1997,"London Arena, London, England",Retained WBO featherweight title; Won IBF featherweight title,,
Naseem Hamed,5 ft 3 in (160 cm)[1][2],63 in (160 cm)[1],Southpaw,"Bantamweight
Super-bantamweight
Featherweight",Remigio Molina,24,Win,24–0,TKO,2 (12),9 Nov 1996,"NYNEX Arena, Manchester, England",Retained WBO featherweight title,,
Naseem Hamed,5 ft 3 in (160 cm)[1][2],63 in (160 cm)[1],Southpaw,"Bantamweight
Super-bantamweight
Featherweight",Manuel Medina,23,Win,23–0,RTD,"11 (12), 3:00",31 Aug 1996,"Point Theatre, Dublin, Ireland",Retained WBO featherweight title,,
Naseem Hamed,5 ft 3 in (160 cm)[1][2],63 in (160 cm)[1],Southpaw,"Bantamweight
Super-bantamweight
Featherweight",Daniel Alicea,22,Win,22–0,TKO,"2 (12), 2:46",8 Jun 1996,"Telewest Arena, Newcastle, England",Retained WBO featherweight title,,
Naseem Hamed,5 ft 3 in (160 cm)[1][2],63 in (160 cm)[1],Southpaw,"Bantamweight
Super-bantamweight
Featherweight",Said Lawal,21,Win,21–0,KO,"1 (12), 0:35",16 Mar 1996,"Exhibition and Conference Centre, Glasgow, Scotland",Retained WBO featherweight title,,
Naseem Hamed,5 ft 3 in (160 cm)[1][2],63 in (160 cm)[1],Southpaw,"Bantamweight
Super-bantamweight
Featherweight",Steve Robinson,20,Win,20–0,TKO,"8 (12), 1:40",30 Sep 1995,"Cardiff Arms Park, Cardiff, Wales",Won WBO featherweight title,,
Naseem Hamed,5 ft 3 in (160 cm)[1][2],63 in (160 cm)[1],Southpaw,"Bantamweight
Super-bantamweight
Featherweight",Juan Polo Perez,19,Win,19–0,KO,"2 (12), 2:00",1 Jul 1995,"Royal Albert Hall, London, England",Retained WBC International super-bantamweight title,,
Naseem Hamed,5 ft 3 in (160 cm)[1][2],63 in (160 cm)[1],Southpaw,"Bantamweight
Super-bantamweight
Featherweight",Enrique Angeles,18,Win,18–0,KO,2 (12),6 May 1995,"Royal Bath and West Showground, Shepton Mallet, England",Retained WBC International super-bantamweight title,,
Naseem Hamed,5 ft 3 in (160 cm)[1][2],63 in (160 cm)[1],Southpaw,"Bantamweight
Super-bantamweight
Featherweight",Sergio Rafael Liendo,17,Win,17–0,KO,"2 (12), 1:06",4 Mar 1995,"Forum, Livingston, Scotland",Retained WBC International super-bantamweight title,,
Naseem Hamed,5 ft 3 in (160 cm)[1][2],63 in (160 cm)[1],Southpaw,"Bantamweight
Super-bantamweight
Featherweight",Armando Castro,16,Win,16–0,KO,"4 (12), 2:11",21 Jan 1995,"Exhibition and Conference Centre, Glasgow, Scotland",Retained WBC International super-bantamweight title,,
Naseem Hamed,5 ft 3 in (160 cm)[1][2],63 in (160 cm)[1],Southpaw,"Bantamweight
Super-bantamweight
Featherweight",Laureano Ramírez,15,Win,15–0,TKO,"3 (12), 2:40",19 Nov 1994,"National Ice Rink, Cardiff, Wales",Retained WBC International super-bantamweight title,,
Naseem Hamed,5 ft 3 in (160 cm)[1][2],63 in (160 cm)[1],Southpaw,"Bantamweight
Super-bantamweight
Featherweight",Freddy Cruz,14,Win,14–0,TKO,"6 (12), 2:03",12 Oct 1994,"Ponds Forge, Sheffield, England",Won vacant WBC International super-bantamweight title,,
Naseem Hamed,5 ft 3 in (160 cm)[1][2],63 in (160 cm)[1],Southpaw,"Bantamweight
Super-bantamweight
Featherweight",Antonio Picardi,13,Win,13–0,TKO,"3 (12), 1:26",17 Aug 1994,"Hillsborough Leisure Centre, Sheffield, England",Retained European bantamweight title,,
Naseem Hamed,5 ft 3 in (160 cm)[1][2],63 in (160 cm)[1],Southpaw,"Bantamweight
Super-bantamweight
Featherweight",Vincenzo Belcastro,12,Win,12–0,UD,12,11 May 1994,"Ponds Forge, Sheffield, England",Won European bantamweight title,,
Naseem Hamed,5 ft 3 in (160 cm)[1][2],63 in (160 cm)[1],Southpaw,"Bantamweight
Super-bantamweight
Featherweight",John Miceli,11,Win,11–0,KO,"1 (10), 2:50",9 Apr 1994,"Leisure Centre, Mansfield, England",,,
Naseem Hamed,5 ft 3 in (160 cm)[1][2],63 in (160 cm)[1],Southpaw,"Bantamweight
Super-bantamweight
Featherweight",Peter Buckley,10,Win,10–0,TKO,"4 (8), 1:47",29 Jan 1994,"National Ice Rink, Cardiff, Wales",,,
Naseem Hamed,5 ft 3 in (160 cm)[1][2],63 in (160 cm)[1],Southpaw,"Bantamweight
Super-bantamweight
Featherweight",Chris Clarkson,9,Win,9–0,KO,"2 (8), 1:50",24 Sep 1993,"National Basketball Arena, Dublin, Ireland",,,
Naseem Hamed,5 ft 3 in (160 cm)[1][2],63 in (160 cm)[1],Southpaw,"Bantamweight
Super-bantamweight
Featherweight",Kevin Jenkins,8,Win,8–0,TKO,"3 (6), 1:58",26 May 1993,"Leisure Centre, Mansfield, England, England",,,
Naseem Hamed,5 ft 3 in (160 cm)[1][2],63 in (160 cm)[1],Southpaw,"Bantamweight
Super-bantamweight
Featherweight",Alan Ley,7,Win,7–0,KO,2 (6),24 Feb 1993,"Wembley Conference Centre, London, England",,,
Naseem Hamed,5 ft 3 in (160 cm)[1][2],63 in (160 cm)[1],Southpaw,"Bantamweight
Super-bantamweight
Featherweight",Peter Buckley,6,Win,6–0,PTS,6,12 Nov 1992,"Everton Park Sports Centre, Liverpool, England",,,
Naseem Hamed,5 ft 3 in (160 cm)[1][2],63 in (160 cm)[1],Southpaw,"Bantamweight
Super-bantamweight
Featherweight",Des Gargano,5,Win,5–0,KO,4 (6),7 Oct 1992,"Crowtree Leisure Centre, Sunderland, England",,,
Naseem Hamed,5 ft 3 in (160 cm)[1][2],63 in (160 cm)[1],Southpaw,"Bantamweight
Super-bantamweight
Featherweight",Miguel Matthews,4,Win,4–0,TKO,"3 (6), 1:05",14 Jul 1992,"Grosvenor House Hotel, London, England",,,
Naseem Hamed,5 ft 3 in (160 cm)[1][2],63 in (160 cm)[1],Southpaw,"Bantamweight
Super-bantamweight
Featherweight",Andrew Bloomer,3,Win,3–0,TKO,"2 (6), 0:46",23 May 1992,"National Exhibition Centre, Birmingham, England",,,
Naseem Hamed,5 ft 3 in (160 cm)[1][2],63 in (160 cm)[1],Southpaw,"Bantamweight
Super-bantamweight
Featherweight",Shaun Norman,2,Win,2–0,KO,"2 (6), 0:55",25 Apr 1992,"G-Mex Centre, Manchester, England",,,
Naseem Hamed,5 ft 3 in (160 cm)[1][2],63 in (160 cm)[1],Southpaw,"Bantamweight
Super-bantamweight
Featherweight",Ricky Beard,1,Win,1–0,KO,"2 (6), 2:36",14 Feb 1992,"Leisure Centre, Mansfield, England",,,
Vitali Klitschko,2.01 m (6 ft 7 in)[3],203 cm (80 in),Orthodox,Heavyweight,Manuel Charr,47,Win,45–2,TKO,"4 (12), 2:04",8 Sep 2012,"Olympic Stadium, Moscow, Russia",Retained WBC heavyweight title,"41 years, 51 days",
Vitali Klitschko,2.01 m (6 ft 7 in)[3],203 cm (80 in),Orthodox,Heavyweight,Derek Chisora,46,Win,44–2,UD,12,18 Feb 2012,"Olympiahalle, Munich, Germany",Retained WBC heavyweight title,"40 years, 214 days",
Vitali Klitschko,2.01 m (6 ft 7 in)[3],203 cm (80 in),Orthodox,Heavyweight,Tomasz Adamek,45,Win,43–2,TKO,"10 (12), 2:20",10 Sep 2011,"Stadion Miejski, Wrocław, Poland",Retained WBC heavyweight title,"40 years, 53 days",
Vitali Klitschko,2.01 m (6 ft 7 in)[3],203 cm (80 in),Orthodox,Heavyweight,Odlanier Solís,44,Win,42–2,KO,"1 (12), 3:00",19 Mar 2011,"Lanxess Arena, Cologne, Germany",Retained WBC heavyweight title,"39 years, 243 days",
Vitali Klitschko,2.01 m (6 ft 7 in)[3],203 cm (80 in),Orthodox,Heavyweight,Shannon Briggs,43,Win,41–2,UD,12,16 Oct 2010,"O2 World, Hamburg, Germany",Retained WBC heavyweight title,"39 years, 89 days",
Vitali Klitschko,2.01 m (6 ft 7 in)[3],203 cm (80 in),Orthodox,Heavyweight,Albert Sosnowski,42,Win,40–2,KO,"10 (12), 2:30",29 May 2010,"Veltins-Arena, Gelsenkirchen, Germany",Retained WBC heavyweight title,"38 years, 314 days",
Vitali Klitschko,2.01 m (6 ft 7 in)[3],203 cm (80 in),Orthodox,Heavyweight,Kevin Johnson,41,Win,39–2,UD,12,12 Dec 2009,"PostFinance Arena, Bern, Switzerland",Retained WBC heavyweight title,"38 years, 146 days",
Vitali Klitschko,2.01 m (6 ft 7 in)[3],203 cm (80 in),Orthodox,Heavyweight,Chris Arreola,40,Win,38–2,RTD,"10 (12), 3:00",26 Sep 2009,"Staples Center, Los Angeles, California, US",Retained WBC heavyweight title,"38 years, 69 days",
Vitali Klitschko,2.01 m (6 ft 7 in)[3],203 cm (80 in),Orthodox,Heavyweight,Juan Carlos Gómez,39,Win,37–2,TKO,"9 (12), 1:49",21 Mar 2009,"Hanns-Martin-Schleyer-Halle, Stuttgart, Germany",Retained WBC heavyweight title,"37 years, 245 days",
Vitali Klitschko,2.01 m (6 ft 7 in)[3],203 cm (80 in),Orthodox,Heavyweight,Samuel Peter,38,Win,36–2,RTD,"8 (12), 3:00",11 Oct 2008,"O2 World, Berlin, Germany",Won WBC heavyweight title,"37 years, 84 days",
Vitali Klitschko,2.01 m (6 ft 7 in)[3],203 cm (80 in),Orthodox,Heavyweight,Danny Williams,37,Win,35–2,TKO,"8 (12), 1:26",11 Dec 2004,"Mandalay Bay Events Center, Paradise, Nevada, US",Retained WBC and The Ring heavyweight titles,"33 years, 145 days",
Vitali Klitschko,2.01 m (6 ft 7 in)[3],203 cm (80 in),Orthodox,Heavyweight,Corrie Sanders,36,Win,34–2,TKO,"8 (12), 2:46",24 Apr 2004,"Staples Center, Los Angeles, California, US",Won vacant WBC and The Ring heavyweight titles,"32 years, 280 days",
Vitali Klitschko,2.01 m (6 ft 7 in)[3],203 cm (80 in),Orthodox,Heavyweight,Kirk Johnson,35,Win,33–2,TKO,"2 (12), 2:54",6 Dec 2003,"Madison Square Garden, New York City, New York, US",,"32 years, 140 days",
Vitali Klitschko,2.01 m (6 ft 7 in)[3],203 cm (80 in),Orthodox,Heavyweight,Lennox Lewis,34,Loss,32–2,TKO,"6 (12), 3:00",21 Jun 2003,"Staples Center, Los Angeles, California, US","For WBC, IBO, and The Ring heavyweight titles","31 years, 337 days",
Vitali Klitschko,2.01 m (6 ft 7 in)[3],203 cm (80 in),Orthodox,Heavyweight,Larry Donald,33,Win,32–1,TKO,"10 (12), 2:35",23 Nov 2002,"Westfalenhallen, Dortmund, Germany",Retained WBA Inter-Continental heavyweight title,"31 years, 127 days",
Vitali Klitschko,2.01 m (6 ft 7 in)[3],203 cm (80 in),Orthodox,Heavyweight,Vaughn Bean,32,Win,31–1,TKO,"11 (12), 1:40",8 Feb 2002,"Volkswagen Halle, Braunschweig, Germany",Retained WBA Inter-Continental heavyweight title,"30 years, 204 days",
Vitali Klitschko,2.01 m (6 ft 7 in)[3],203 cm (80 in),Orthodox,Heavyweight,Ross Puritty,31,Win,30–1,TKO,"11 (12), 1:16",8 Dec 2001,"König Pilsener Arena, Oberhausen, Germany",Retained WBA Inter-Continental heavyweight title,"30 years, 142 days",
Vitali Klitschko,2.01 m (6 ft 7 in)[3],203 cm (80 in),Orthodox,Heavyweight,Orlin Norris,30,Win,29–1,KO,"1 (12), 1:09",27 Jan 2001,"Rudi-Sedlmayer-Halle, Munich, Germany",Won vacant WBA Inter-Continental heavyweight title,"29 years, 192 days",
Vitali Klitschko,2.01 m (6 ft 7 in)[3],203 cm (80 in),Orthodox,Heavyweight,Timo Hoffmann,29,Win,28–1,UD,12,25 Nov 2000,"Preussag Arena, Hanover, Germany",Won vacant European heavyweight title,"29 years, 129 days",
Vitali Klitschko,2.01 m (6 ft 7 in)[3],203 cm (80 in),Orthodox,Heavyweight,Chris Byrd,28,Loss,27–1,RTD,"9 (12), 3:00",1 Apr 2000,"Estrel Hotel, Berlin, Germany",Lost WBO heavyweight title,"28 years, 257 days",
Vitali Klitschko,2.01 m (6 ft 7 in)[3],203 cm (80 in),Orthodox,Heavyweight,Obed Sullivan,27,Win,27–0,RTD,"9 (12), 3:00",11 Dec 1999,"Alsterdorfer Sporthalle, Hamburg, Germany",Retained WBO heavyweight title,"28 years, 145 days",
Vitali Klitschko,2.01 m (6 ft 7 in)[3],203 cm (80 in),Orthodox,Heavyweight,Ed Mahone,26,Win,26–0,TKO,"3 (12), 1:45",9 Oct 1999,"Arena Oberhausen, Oberhausen, Germany",Retained WBO heavyweight title,"28 years, 82 days",
Vitali Klitschko,2.01 m (6 ft 7 in)[3],203 cm (80 in),Orthodox,Heavyweight,Herbie Hide,25,Win,25–0,KO,"2 (12), 1:14",26 Jun 1999,"London Arena, London, England",Won WBO heavyweight title,"27 years, 342 days",
Vitali Klitschko,2.01 m (6 ft 7 in)[3],203 cm (80 in),Orthodox,Heavyweight,Ismael Youla,24,Win,24–0,TKO,"2 (12), 1:30",20 Feb 1999,"Alsterdorfer Sporthalle, Hamburg, Germany",Retained European heavyweight title,"27 years, 216 days",
Vitali Klitschko,2.01 m (6 ft 7 in)[3],203 cm (80 in),Orthodox,Heavyweight,Francesco Spinelli,23,Win,23–0,TKO,"1 (12), 1:49",5 Dec 1998,"Palace of Sports, Kyiv, Ukraine",Retained European heavyweight title,"27 years, 139 days",
Vitali Klitschko,2.01 m (6 ft 7 in)[3],203 cm (80 in),Orthodox,Heavyweight,Mario Schiesser,22,Win,22–0,TKO,"2 (12), 2:00",24 Oct 1998,"Alsterdorfer Sporthalle, Hamburg, Germany",Won vacant European heavyweight title,"27 years, 97 days",
Vitali Klitschko,2.01 m (6 ft 7 in)[3],203 cm (80 in),Orthodox,Heavyweight,Ricardo Kennedy,21,Win,21–0,TKO,"1 (8), 1:31",11 Aug 1998,"Miccosukee Resort & Gaming, Miami, Florida, US",,"27 years, 23 days",
Vitali Klitschko,2.01 m (6 ft 7 in)[3],203 cm (80 in),Orthodox,Heavyweight,José Ribalta,20,Win,20–0,TKO,"2 (8), 2:13",5 Jun 1998,"Sporthalle Wandsbek, Hamburg, Germany",,"26 years, 321 days",
Vitali Klitschko,2.01 m (6 ft 7 in)[3],203 cm (80 in),Orthodox,Heavyweight,Dicky Ryan,19,Win,19–0,TKO,5 (12),2 May 1998,"Hansehalle, Lübeck, Germany",Won vacant WBO Inter-Continental heavyweight title,"26 years, 287 days",
Vitali Klitschko,2.01 m (6 ft 7 in)[3],203 cm (80 in),Orthodox,Heavyweight,Julius Francis,18,Win,18–0,TKO,2 (12),18 Apr 1998,"Eurogress, Aachen, Germany",,"26 years, 273 days",
Vitali Klitschko,2.01 m (6 ft 7 in)[3],203 cm (80 in),Orthodox,Heavyweight,Levi Billups,17,Win,17–0,KO,2 (10),20 Mar 1998,"Ballsporthalle, Frankfurt, Germany",,"26 years, 244 days",
Vitali Klitschko,2.01 m (6 ft 7 in)[3],203 cm (80 in),Orthodox,Heavyweight,Louis Monaco,16,Win,16–0,KO,3 (10),7 Mar 1998,"Sartory Saale, Cologne, Germany",,"26 years, 231 days",
Vitali Klitschko,2.01 m (6 ft 7 in)[3],203 cm (80 in),Orthodox,Heavyweight,Alben Belinski,15,Win,15–0,KO,2 (8),30 Jan 1998,"Berdux Filmstudios, Munich, Germany",,"26 years, 195 days",
Vitali Klitschko,2.01 m (6 ft 7 in)[3],203 cm (80 in),Orthodox,Heavyweight,Marcus Rhode,14,Win,14–0,TKO,2 (10),17 Jan 1998,"Sport- und Erholungszentrum, Berlin, Germany",,"26 years, 182 days",
Vitali Klitschko,2.01 m (6 ft 7 in)[3],203 cm (80 in),Orthodox,Heavyweight,Anthony Willis,13,Win,13–0,KO,5 (8),20 Dec 1997,"Oberrheinhalle, Offenburg, Germany",,"26 years, 154 days",
Vitali Klitschko,2.01 m (6 ft 7 in)[3],203 cm (80 in),Orthodox,Heavyweight,Herman Delgado,12,Win,12–0,TKO,3 (8),29 Nov 1997,"Rheinstrandhalle, Karlsruhe, Germany",,"26 years, 133 days",
Vitali Klitschko,2.01 m (6 ft 7 in)[3],203 cm (80 in),Orthodox,Heavyweight,Gilberto Williamson,11,Win,11–0,KO,"6 (8), 2:50",8 Nov 1997,"Ballsporthalle, Frankfurt, Germany",,"26 years, 112 days",
Vitali Klitschko,2.01 m (6 ft 7 in)[3],203 cm (80 in),Orthodox,Heavyweight,Will Hinton,10,Win,10–0,KO,2 (6),4 Oct 1997,"Stadionsporthalle, Hanover, Germany",,"26 years, 77 days",
Vitali Klitschko,2.01 m (6 ft 7 in)[3],203 cm (80 in),Orthodox,Heavyweight,Jimmy Haynes,9,Win,9–0,KO,2 (6),14 Jun 1997,"Saaltheater Hubert Geulen, Aachen, Germany",,"25 years, 330 days",
Vitali Klitschko,2.01 m (6 ft 7 in)[3],203 cm (80 in),Orthodox,Heavyweight,Cleveland Woods,8,Win,8–0,KO,"2 (6), 2:16",10 May 1997,"Ballsporthalle, Frankfurt, Germany",,"25 years, 295 days",
Vitali Klitschko,2.01 m (6 ft 7 in)[3],203 cm (80 in),Orthodox,Heavyweight,Derrick Roddy,7,Win,7–0,TKO,"2 (6), 2:14",12 Apr 1997,"Eurogress, Aachen, Germany",,"25 years, 267 days",
Vitali Klitschko,2.01 m (6 ft 7 in)[3],203 cm (80 in),Orthodox,Heavyweight,Calvin Jones,6,Win,6–0,KO,"1 (6), 2:58",8 Mar 1997,"Sartory Saale, Cologne, Germany",,"25 years, 232 days",
Vitali Klitschko,2.01 m (6 ft 7 in)[3],203 cm (80 in),Orthodox,Heavyweight,Troy Roberts,5,Win,5–0,TKO,"2 (6), 1:14",22 Feb 1997,"Sporthalle Wandsbek, Hamburg, Germany",,"25 years, 218 days",
Vitali Klitschko,2.01 m (6 ft 7 in)[3],203 cm (80 in),Orthodox,Heavyweight,Mike Acklie,4,Win,4–0,KO,"1 (6), 0:32",25 Jan 1997,"Maritim Hotel, Stuttgart, Germany",,"25 years, 190 days",
Vitali Klitschko,2.01 m (6 ft 7 in)[3],203 cm (80 in),Orthodox,Heavyweight,Brian Sargent,3,Win,3–0,TKO,"2 (6), 1:08",21 Dec 1996,"Zoological Garden, Frankfurt, Germany",,"25 years, 155 days",
Vitali Klitschko,2.01 m (6 ft 7 in)[3],203 cm (80 in),Orthodox,Heavyweight,Frantisek Sumina,2,Win,2–0,TKO,"1 (4), 1:12",30 Nov 1996,"Arena Nova, Wiener Neustadt, Austria",,"25 years, 134 days",
Vitali Klitschko,2.01 m (6 ft 7 in)[3],203 cm (80 in),Orthodox,Heavyweight,Tony Bradham,1,Win,1–0,KO,"2 (4), 1:14",16 Nov 1996,"Sporthalle Wandsbek, Hamburg, Germany",,"25 years, 120 days",
Gervonta Davis,5 ft 5 in (165 cm)[1],67+1⁄2 in (171 cm)[1],Southpaw,"Super featherweight
Lightweight
Light welterweight",Lamont Roach Jr.,31,Draw,30–0–1,MD,12,"Mar 1, 2025","Barclays Center, New York City, New York, U.S.",Retained WBA lightweight title,,
Gervonta Davis,5 ft 5 in (165 cm)[1],67+1⁄2 in (171 cm)[1],Southpaw,"Super featherweight
Lightweight
Light welterweight",Frank Martin,30,Win,30–0,KO,"8 (12), 1:29","Jun 15, 2024","MGM Grand Garden Arena, Paradise, Nevada, U.S.",Retained WBA lightweight title,,
Gervonta Davis,5 ft 5 in (165 cm)[1],67+1⁄2 in (171 cm)[1],Southpaw,"Super featherweight
Lightweight
Light welterweight",Ryan Garcia,29,Win,29–0,KO,"7 (12), 1:44","Apr 22, 2023","T-Mobile Arena, Paradise, Nevada, U.S.",,,
Gervonta Davis,5 ft 5 in (165 cm)[1],67+1⁄2 in (171 cm)[1],Southpaw,"Super featherweight
Lightweight
Light welterweight",Héctor García,28,Win,28–0,TKO,"9 (12), 0:13","Jan 7, 2023","Capital One Arena, Washington, D.C., U.S.",Retained WBA (Regular) lightweight title,,
Gervonta Davis,5 ft 5 in (165 cm)[1],67+1⁄2 in (171 cm)[1],Southpaw,"Super featherweight
Lightweight
Light welterweight",Rolando Romero,27,Win,27–0,TKO,"6 (12), 2:39","May 28, 2022","Barclays Center, New York City, New York, U.S.",Retained WBA (Regular) lightweight title,,
Gervonta Davis,5 ft 5 in (165 cm)[1],67+1⁄2 in (171 cm)[1],Southpaw,"Super featherweight
Lightweight
Light welterweight",Isaac Cruz,26,Win,26–0,UD,12,"Dec 5, 2021","Staples Center, Los Angeles, California",Retained WBA (Regular) lightweight title,,
Gervonta Davis,5 ft 5 in (165 cm)[1],67+1⁄2 in (171 cm)[1],Southpaw,"Super featherweight
Lightweight
Light welterweight",Mario Barrios,25,Win,25–0,TKO,"11 (12), 2:13","Jun 26, 2021","State Farm Arena, Atlanta, Georgia, U.S.",Won WBA (Regular) super lightweight title,,
Gervonta Davis,5 ft 5 in (165 cm)[1],67+1⁄2 in (171 cm)[1],Southpaw,"Super featherweight
Lightweight
Light welterweight",Léo Santa Cruz,24,Win,24–0,KO,"6 (12), 2:40","Oct 31, 2020","Alamodome, San Antonio, Texas, U.S.",Retained WBA (Regular) lightweight title; Won WBA (Super) super featherweight title,,
Gervonta Davis,5 ft 5 in (165 cm)[1],67+1⁄2 in (171 cm)[1],Southpaw,"Super featherweight
Lightweight
Light welterweight",Yuriorkis Gamboa,23,Win,23–0,TKO,"12 (12), 1:17","Dec 28, 2019","State Farm Arena, Atlanta, Georgia, U.S.",Won vacant WBA (Regular) lightweight title,,
Gervonta Davis,5 ft 5 in (165 cm)[1],67+1⁄2 in (171 cm)[1],Southpaw,"Super featherweight
Lightweight
Light welterweight",Ricardo Núñez,22,Win,22–0,TKO,"2 (12), 1:33","Jul 27, 2019","Royal Farms Arena, Baltimore, Maryland, U.S.",Retained WBA (Super) super featherweight title,,
Gervonta Davis,5 ft 5 in (165 cm)[1],67+1⁄2 in (171 cm)[1],Southpaw,"Super featherweight
Lightweight
Light welterweight",Hugo Ruiz,21,Win,21–0,KO,"1 (12), 2:59","Feb 9, 2019","Dignity Health Sports Park, Carson, California, U.S.",Retained WBA (Super) super featherweight title,,
Gervonta Davis,5 ft 5 in (165 cm)[1],67+1⁄2 in (171 cm)[1],Southpaw,"Super featherweight
Lightweight
Light welterweight",Jesús Cuellar,20,Win,20–0,KO,"3 (12), 2:45","Apr 21, 2018","Barclays Center, New York City, New York, U.S.",Won vacant WBA (Super) super featherweight title,,
Gervonta Davis,5 ft 5 in (165 cm)[1],67+1⁄2 in (171 cm)[1],Southpaw,"Super featherweight
Lightweight
Light welterweight",Francisco Fonseca,19,Win,19–0,KO,"8 (12), 0:39","Aug 26, 2017","T-Mobile Arena, Paradise, Nevada, U.S.",IBF super featherweight title at stake only for Fonseca after Davis missed weight,,
Gervonta Davis,5 ft 5 in (165 cm)[1],67+1⁄2 in (171 cm)[1],Southpaw,"Super featherweight
Lightweight
Light welterweight",Liam Walsh,18,Win,18–0,KO,"3 (12), 2:11","May 20, 2017","Copper Box Arena, London, England",Retained IBF super featherweight title,,
Gervonta Davis,5 ft 5 in (165 cm)[1],67+1⁄2 in (171 cm)[1],Southpaw,"Super featherweight
Lightweight
Light welterweight",José Pedraza,17,Win,17–0,TKO,"7 (12), 2:36","Jan 14, 2017","Barclays Center, New York City, U.S.",Won IBF super featherweight title,,
Gervonta Davis,5 ft 5 in (165 cm)[1],67+1⁄2 in (171 cm)[1],Southpaw,"Super featherweight
Lightweight
Light welterweight",Mario Antonio Macias,16,Win,16–0,KO,"1 (8), 0:41","Jun 3, 2016","Hard Rock Live, Hollywood, Florida, U.S.",,,
Gervonta Davis,5 ft 5 in (165 cm)[1],67+1⁄2 in (171 cm)[1],Southpaw,"Super featherweight
Lightweight
Light welterweight",Guillermo Avila,15,Win,15–0,TKO,"6 (10), 0:29","Apr 1, 2016","D.C. Armory, Washington, D.C., U.S.",,,
Gervonta Davis,5 ft 5 in (165 cm)[1],67+1⁄2 in (171 cm)[1],Southpaw,"Super featherweight
Lightweight
Light welterweight",Luis Sanchez,14,Win,14–0,KO,"9 (10), 2:05","Dec 18, 2015","Pearl Concert Theater, Paradise, Nevada, U.S.",,,
Gervonta Davis,5 ft 5 in (165 cm)[1],67+1⁄2 in (171 cm)[1],Southpaw,"Super featherweight
Lightweight
Light welterweight",Cristóbal Cruz,13,Win,13–0,TKO,"3 (8), 1:31","Oct 30, 2015","The Venue at UCF, Orlando, Florida, U.S.",,,
Gervonta Davis,5 ft 5 in (165 cm)[1],67+1⁄2 in (171 cm)[1],Southpaw,"Super featherweight
Lightweight
Light welterweight",Recky Dulay,12,Win,12–0,TKO,"1 (6), 1:34","Sep 12, 2015","MGM Grand Garden Arena, Paradise, Nevada, U.S.",,,
Gervonta Davis,5 ft 5 in (165 cm)[1],67+1⁄2 in (171 cm)[1],Southpaw,"Super featherweight
Lightweight
Light welterweight",Alberto Mora,11,Win,11–0,TKO,"1 (8), 1:14","May 22, 2015","The Claridge Hotel, Atlantic City, New Jersey, U.S.",,,
Gervonta Davis,5 ft 5 in (165 cm)[1],67+1⁄2 in (171 cm)[1],Southpaw,"Super featherweight
Lightweight
Light welterweight",Israel Suarez,10,Win,10–0,KO,"1 (6), 0:47","Feb 20, 2015","Consol Energy Center, Pittsburgh, Pennsylvania, U.S.",,,
Gervonta Davis,5 ft 5 in (165 cm)[1],67+1⁄2 in (171 cm)[1],Southpaw,"Super featherweight
Lightweight
Light welterweight",Germán Meraz,9,Win,9–0,UD,6,"Oct 8, 2014","Beau Rivage, Biloxi, Mississippi, U.S.",,,
Gervonta Davis,5 ft 5 in (165 cm)[1],67+1⁄2 in (171 cm)[1],Southpaw,"Super featherweight
Lightweight
Light welterweight",Hector Lopez,8,Win,8–0,KO,"1 (4), 1:16","Aug 1, 2014","Little Creek Casino Resort, Shelton, Washington, U.S.",,,
Gervonta Davis,5 ft 5 in (165 cm)[1],67+1⁄2 in (171 cm)[1],Southpaw,"Super featherweight
Lightweight
Light welterweight",Joshua Arocho,7,Win,7–0,TKO,"2 (4), 3:00","May 16, 2014","Foxwoods Resort Casino, Ledyard, Connecticut, U.S.",,,
Gervonta Davis,5 ft 5 in (165 cm)[1],67+1⁄2 in (171 cm)[1],Southpaw,"Super featherweight
Lightweight
Light welterweight",James Franks,6,Win,6–0,TKO,"2 (6), 2:29","Dec 14, 2013","Convention Center, Washington, D.C., U.S.",,,
Gervonta Davis,5 ft 5 in (165 cm)[1],67+1⁄2 in (171 cm)[1],Southpaw,"Super featherweight
Lightweight
Light welterweight",Eric Jamar Goodall,5,Win,5–0,TKO,"4 (4), 1:55","Oct 17, 2013","ArtsQuest Center at SteelStacks, Bethlehem, Pennsylvania, U.S.",,,
Gervonta Davis,5 ft 5 in (165 cm)[1],67+1⁄2 in (171 cm)[1],Southpaw,"Super featherweight
Lightweight
Light welterweight",Rafael Casias,4,Win,4–0,TKO,"2 (6), 2:26","Jul 20, 2013","Physical Education Complex, Baltimore, Maryland, U.S.",,,
Gervonta Davis,5 ft 5 in (165 cm)[1],67+1⁄2 in (171 cm)[1],Southpaw,"Super featherweight
Lightweight
Light welterweight",Jonathan Gears,3,Win,3–0,KO,"1 (4), 1:36","Jun 8, 2013","Echostage, Washington, D.C., U.S.",,,
Gervonta Davis,5 ft 5 in (165 cm)[1],67+1⁄2 in (171 cm)[1],Southpaw,"Super featherweight
Lightweight
Light welterweight",Jacob Ninow,2,Win,2–0,TKO,"2 (4), 2:04","Apr 20, 2013","The Show Place Arena, Upper Marlboro, Maryland, U.S.",,,
Gervonta Davis,5 ft 5 in (165 cm)[1],67+1⁄2 in (171 cm)[1],Southpaw,"Super featherweight
Lightweight
Light welterweight",Desi Williams,1,Win,1–0,KO,"1 (4), 1:29","Feb 22, 2013","D.C. Armory, Washington, D.C., U.S.",,,
Muhammad Ali,6 ft 3 in (191 cm)[1],78 in (198 cm)[1],Orthodox,Heavyweight,Trevor Berbick,61,Loss,56–5,UD,10,"Dec 11, 1981","Queen Elizabeth Sports Centre, Nassau, Bahamas",,"39 years, 328 days",
Muhammad Ali,6 ft 3 in (191 cm)[1],78 in (198 cm)[1],Orthodox,Heavyweight,Larry Holmes,60,Loss,56–4,RTD,"10 (15), 3:00","Oct 2, 1980","Caesars Palace, Paradise, Nevada, U.S.",For WBC and vacant The Ring heavyweight titles,"38 years, 259 days",
Muhammad Ali,6 ft 3 in (191 cm)[1],78 in (198 cm)[1],Orthodox,Heavyweight,Leon Spinks,59,Win,56–3,UD,15,"Sep 15, 1978","Superdome, New Orleans, Louisiana, U.S.",Won WBA and The Ring heavyweight titles,"36 years, 241 days",
Muhammad Ali,6 ft 3 in (191 cm)[1],78 in (198 cm)[1],Orthodox,Heavyweight,Leon Spinks,58,Loss,55–3,SD,15,"Feb 15, 1978","Las Vegas Hilton, Winchester, Nevada, U.S.","Lost WBA, WBC, and The Ring heavyweight titles","36 years, 29 days",
Muhammad Ali,6 ft 3 in (191 cm)[1],78 in (198 cm)[1],Orthodox,Heavyweight,Earnie Shavers,57,Win,55–2,UD,15,"Sep 29, 1977","Madison Square Garden, New York City, New York, U.S.","Retained WBA, WBC, and The Ring heavyweight titles","35 years, 255 days",
Muhammad Ali,6 ft 3 in (191 cm)[1],78 in (198 cm)[1],Orthodox,Heavyweight,Alfredo Evangelista,56,Win,54–2,UD,15,"May 16, 1977","Capital Centre, Landover, Maryland, U.S.","Retained WBA, WBC, and The Ring heavyweight titles","35 years, 119 days",
Muhammad Ali,6 ft 3 in (191 cm)[1],78 in (198 cm)[1],Orthodox,Heavyweight,Ken Norton,55,Win,53–2,UD,15,"Sep 28, 1976","Yankee Stadium, New York City, New York, U.S.","Retained WBA, WBC, and The Ring heavyweight titles","34 years, 255 days",
Muhammad Ali,6 ft 3 in (191 cm)[1],78 in (198 cm)[1],Orthodox,Heavyweight,Richard Dunn,54,Win,52–2,TKO,"5 (15), 2:05","May 24, 1976","Olympiahalle, Munich, West Germany","Retained WBA, WBC, and The Ring heavyweight titles","34 years, 128 days",
Muhammad Ali,6 ft 3 in (191 cm)[1],78 in (198 cm)[1],Orthodox,Heavyweight,Jimmy Young,53,Win,51–2,UD,15,"Apr 30, 1976","Capital Centre, Landover, Maryland, U.S.","Retained WBA, WBC, and The Ring heavyweight titles","34 years, 104 days",
Muhammad Ali,6 ft 3 in (191 cm)[1],78 in (198 cm)[1],Orthodox,Heavyweight,Jean-Pierre Coopman,52,Win,50–2,KO,"5 (15), 2:46","Feb 20, 1976","Roberto Clemente Coliseum, San Juan, Puerto Rico","Retained WBA, WBC, and The Ring heavyweight titles","34 years, 34 days",
Muhammad Ali,6 ft 3 in (191 cm)[1],78 in (198 cm)[1],Orthodox,Heavyweight,Joe Frazier,51,Win,49–2,RTD,"14 (15), 3:00","Oct 1, 1975","Philippine Coliseum, Quezon City, Philippines","Retained WBA, WBC, and The Ring heavyweight titles","33 years, 257 days",
Muhammad Ali,6 ft 3 in (191 cm)[1],78 in (198 cm)[1],Orthodox,Heavyweight,Joe Bugner,50,Win,48–2,UD,15,"July 1, 1975[376]","Stadium Merdeka, Kuala Lumpur, Malaysia","Retained WBA, WBC, and The Ring heavyweight titles","33 years, 164 days",
Muhammad Ali,6 ft 3 in (191 cm)[1],78 in (198 cm)[1],Orthodox,Heavyweight,Ron Lyle,49,Win,47–2,TKO,"11 (15), 1:08","May 16, 1975","Las Vegas Convention Center, Winchester, Nevada, U.S.","Retained WBA, WBC, and The Ring heavyweight titles","33 years, 119 days",
Muhammad Ali,6 ft 3 in (191 cm)[1],78 in (198 cm)[1],Orthodox,Heavyweight,Chuck Wepner,48,Win,46–2,TKO,"15 (15), 2:41","Mar 24, 1975","Coliseum, Richfield, Ohio, U.S.","Retained WBA, WBC, and The Ring heavyweight titles","33 years, 66 days",
Muhammad Ali,6 ft 3 in (191 cm)[1],78 in (198 cm)[1],Orthodox,Heavyweight,George Foreman,47,Win,45–2,KO,"8 (15), 2:58","Oct 30, 1974","Stade du 20 Mai, Kinshasa, Zaire","Won WBA, WBC, and The Ring heavyweight titles","32 years, 286 days",
Muhammad Ali,6 ft 3 in (191 cm)[1],78 in (198 cm)[1],Orthodox,Heavyweight,Joe Frazier,46,Win,44–2,UD,12,"Jan 28, 1974","Madison Square Garden, New York City, New York, U.S.",Retained NABF heavyweight title,"32 years, 11 days",
Muhammad Ali,6 ft 3 in (191 cm)[1],78 in (198 cm)[1],Orthodox,Heavyweight,Rudie Lubbers,45,Win,43–2,UD,12,"Oct 20, 1973","Gelora Bung Karno Stadium, Jakarta, Indonesia",,"31 years, 276 days",
Muhammad Ali,6 ft 3 in (191 cm)[1],78 in (198 cm)[1],Orthodox,Heavyweight,Ken Norton,44,Win,42–2,SD,12,"Sep 10, 1973","The Forum, Inglewood, California, U.S.",Won NABF heavyweight title,"31 years, 236 days",
Muhammad Ali,6 ft 3 in (191 cm)[1],78 in (198 cm)[1],Orthodox,Heavyweight,Ken Norton,43,Loss,41–2,SD,12,"Mar 31, 1973","San Diego Sports Arena, San Diego, California, U.S.",Lost NABF heavyweight title,"31 years, 73 days",
Muhammad Ali,6 ft 3 in (191 cm)[1],78 in (198 cm)[1],Orthodox,Heavyweight,Joe Bugner,42,Win,41–1,UD,12,"Feb 14, 1973","Las Vegas Convention Center, Winchester, Nevada, U.S.",,"31 years, 28 days",
Muhammad Ali,6 ft 3 in (191 cm)[1],78 in (198 cm)[1],Orthodox,Heavyweight,Bob Foster,41,Win,40–1,KO,"8 (12), 0:40","Nov 21, 1972","Sahara Tahoe, Stateline, Nevada, U.S.",Retained NABF heavyweight title,"30 years, 309 days",
Muhammad Ali,6 ft 3 in (191 cm)[1],78 in (198 cm)[1],Orthodox,Heavyweight,Floyd Patterson,40,Win,39–1,RTD,"7 (12), 3:00","Sep 20, 1972","Madison Square Garden, New York City, New York, U.S.",Retained NABF heavyweight title,"30 years, 247 days",
Muhammad Ali,6 ft 3 in (191 cm)[1],78 in (198 cm)[1],Orthodox,Heavyweight,Alvin Lewis,39,Win,38–1,TKO,"11 (12), 1:15","Jul 19, 1972","Croke Park, Dublin, Ireland",,"30 years, 184 days",
Muhammad Ali,6 ft 3 in (191 cm)[1],78 in (198 cm)[1],Orthodox,Heavyweight,Jerry Quarry,38,Win,37–1,TKO,"7 (12), 0:19","Jun 27, 1972","Las Vegas Convention Center, Winchester, Nevada, U.S.",Retained NABF heavyweight title,"30 years, 162 days",
Muhammad Ali,6 ft 3 in (191 cm)[1],78 in (198 cm)[1],Orthodox,Heavyweight,George Chuvalo,37,Win,36–1,UD,12,"May 1, 1972","Pacific Coliseum, Vancouver, British Columbia, Canada",Retained NABF heavyweight title,"30 years, 105 days",
Muhammad Ali,6 ft 3 in (191 cm)[1],78 in (198 cm)[1],Orthodox,Heavyweight,Mac Foster,36,Win,35–1,UD,15,"Apr 1, 1972","Nippon Budokan, Tokyo, Japan",,"30 years, 75 days",
Muhammad Ali,6 ft 3 in (191 cm)[1],78 in (198 cm)[1],Orthodox,Heavyweight,Jürgen Blin,35,Win,34–1,KO,"7 (12), 2:12","Dec 26, 1971","Hallenstadion, Zürich, Switzerland",,"29 years, 343 days",
Muhammad Ali,6 ft 3 in (191 cm)[1],78 in (198 cm)[1],Orthodox,Heavyweight,Buster Mathis,34,Win,33–1,UD,12,"Nov 17, 1971","Astrodome, Houston, Texas, U.S.",Retained NABF heavyweight title,"29 years, 304 days",
Muhammad Ali,6 ft 3 in (191 cm)[1],78 in (198 cm)[1],Orthodox,Heavyweight,Jimmy Ellis,33,Win,32–1,TKO,"12 (12), 2:10","Jul 26, 1971","Astrodome, Houston, Texas, U.S.",Won vacant NABF heavyweight title,"29 years, 190 days",
Muhammad Ali,6 ft 3 in (191 cm)[1],78 in (198 cm)[1],Orthodox,Heavyweight,Joe Frazier,32,Loss,31–1,UD,15,"Mar 8, 1971","Madison Square Garden, New York City, New York, U.S.","For WBA, WBC, and The Ring heavyweight titles","29 years, 50 days",
Muhammad Ali,6 ft 3 in (191 cm)[1],78 in (198 cm)[1],Orthodox,Heavyweight,Oscar Bonavena,31,Win,31–0,TKO,"15 (15), 2:03","Dec 7, 1970","Madison Square Garden, New York City, New York, U.S.",Won vacant NABF heavyweight title,"28 years, 324 days",
Muhammad Ali,6 ft 3 in (191 cm)[1],78 in (198 cm)[1],Orthodox,Heavyweight,Jerry Quarry,30,Win,30–0,RTD,"3 (15), 3:00","Oct 26, 1970","Municipal Auditorium, Atlanta, Georgia, U.S.",,"28 years, 282 days",
Muhammad Ali,6 ft 3 in (191 cm)[1],78 in (198 cm)[1],Orthodox,Heavyweight,Zora Folley,29,Win,29–0,KO,"7 (15), 1:48","Mar 22, 1967","Madison Square Garden, New York City, New York, U.S.","Retained WBA, WBC, NYSAC, and The Ring heavyweight titles","25 years, 64 days",
Muhammad Ali,6 ft 3 in (191 cm)[1],78 in (198 cm)[1],Orthodox,Heavyweight,Ernie Terrell,28,Win,28–0,UD,15,"Feb 6, 1967","Astrodome, Houston, Texas, U.S.","Retained WBC, NYSAC, and The Ring heavyweight titles; Won WBA heavyweight title","25 years, 20 days",
Muhammad Ali,6 ft 3 in (191 cm)[1],78 in (198 cm)[1],Orthodox,Heavyweight,Cleveland Williams,27,Win,27–0,TKO,"3 (15), 1:08","Nov 14, 1966","Astrodome, Houston, Texas, U.S.","Retained WBC, NYSAC, and The Ring heavyweight titles","24 years, 301 days",
Muhammad Ali,6 ft 3 in (191 cm)[1],78 in (198 cm)[1],Orthodox,Heavyweight,Karl Mildenberger,26,Win,26–0,TKO,"12 (15), 1:30","Sep 10, 1966","Waldstadion, Frankfurt, West Germany","Retained WBC, NYSAC, and The Ring heavyweight titles","24 years, 236 days",
Muhammad Ali,6 ft 3 in (191 cm)[1],78 in (198 cm)[1],Orthodox,Heavyweight,Brian London,25,Win,25–0,KO,"3 (15), 1:40","Aug 6, 1966","Earls Court Exhibition Centre, London, England","Retained WBC, NYSAC, and The Ring heavyweight titles","24 years, 201 days",
Muhammad Ali,6 ft 3 in (191 cm)[1],78 in (198 cm)[1],Orthodox,Heavyweight,Henry Cooper,24,Win,24–0,TKO,"6 (15), 1:38","May 21, 1966","Arsenal Stadium, London, England","Retained WBC, NYSAC, and The Ring heavyweight titles","24 years, 124 days",
Muhammad Ali,6 ft 3 in (191 cm)[1],78 in (198 cm)[1],Orthodox,Heavyweight,George Chuvalo,23,Win,23–0,UD,15,"Mar 29, 1966","Maple Leaf Gardens, Toronto, Canada","Retained WBC, NYSAC, and The Ring heavyweight titles","24 years, 71 days",
Muhammad Ali,6 ft 3 in (191 cm)[1],78 in (198 cm)[1],Orthodox,Heavyweight,Floyd Patterson,22,Win,22–0,TKO,"12 (15), 2:18","Nov 22, 1965","Las Vegas Convention Center, Winchester, Nevada, U.S.","Retained WBC, NYSAC, and The Ring heavyweight titles","23 years, 309 days",
Muhammad Ali,6 ft 3 in (191 cm)[1],78 in (198 cm)[1],Orthodox,Heavyweight,Sonny Liston,21,Win,21–0,KO,"1 (15), 2:12","May 25, 1965","Civic Center, Lewiston, Maine, U.S.","Retained WBC, NYSAC, and The Ring heavyweight titles","23 years, 128 days",
Muhammad Ali,6 ft 3 in (191 cm)[1],78 in (198 cm)[1],Orthodox,Heavyweight,Sonny Liston,20,Win,20–0,RTD,"6 (15), 3:00","Feb 25, 1964","Convention Center, Miami Beach, Florida, U.S.","Won WBA, WBC, NYSAC, and The Ring heavyweight titles","22 years, 39 days",
Muhammad Ali,6 ft 3 in (191 cm)[1],78 in (198 cm)[1],Orthodox,Heavyweight,Henry Cooper,19,Win,19–0,TKO,"5 (10), 2:15","Jun 18, 1963","Wembley Stadium, London, England",,"21 years, 152 days",
Muhammad Ali,6 ft 3 in (191 cm)[1],78 in (198 cm)[1],Orthodox,Heavyweight,Doug Jones,18,Win,18–0,UD,10,"Mar 13, 1963","Madison Square Garden, New York City, New York, U.S.",,"21 years, 55 days",
Muhammad Ali,6 ft 3 in (191 cm)[1],78 in (198 cm)[1],Orthodox,Heavyweight,Charlie Powell,17,Win,17–0,KO,"3 (10), 2:04","Jan 24, 1963","Civic Arena, Pittsburgh, Pennsylvania, U.S.",,"21 years, 7 days",
Muhammad Ali,6 ft 3 in (191 cm)[1],78 in (198 cm)[1],Orthodox,Heavyweight,Archie Moore,16,Win,16–0,TKO,"4 (10), 1:35","Nov 15, 1962","Memorial Sports Arena, Los Angeles, California, U.S.",,"20 years, 302 days",
Muhammad Ali,6 ft 3 in (191 cm)[1],78 in (198 cm)[1],Orthodox,Heavyweight,Alejandro Lavorante,15,Win,15–0,KO,"5 (10), 1:48","Jul 20, 1962","Memorial Sports Arena, Los Angeles, California, U.S.",,"20 years, 184 days",
Muhammad Ali,6 ft 3 in (191 cm)[1],78 in (198 cm)[1],Orthodox,Heavyweight,Billy Daniels,14,Win,14–0,TKO,"7 (10), 2:21","May 19, 1962","St. Nicholas Arena, New York City, New York, U.S.",,"20 years, 122 days",
Muhammad Ali,6 ft 3 in (191 cm)[1],78 in (198 cm)[1],Orthodox,Heavyweight,George Logan,13,Win,13–0,TKO,"4 (10), 1:34","Apr 23, 1962","Memorial Sports Arena, Los Angeles, California, U.S.",,"20 years, 96 days",
Muhammad Ali,6 ft 3 in (191 cm)[1],78 in (198 cm)[1],Orthodox,Heavyweight,Don Warner,12,Win,12–0,TKO,"4 (10), 0:34","Feb 28, 1962","Convention Center, Miami Beach, Florida, U.S.",,"20 years, 70 days",
Muhammad Ali,6 ft 3 in (191 cm)[1],78 in (198 cm)[1],Orthodox,Heavyweight,Sonny Banks,11,Win,11–0,TKO,"4 (10), 0:26","Feb 10, 1962","Madison Square Garden, New York City, New York, U.S.",,"20 years, 24 days",
Muhammad Ali,6 ft 3 in (191 cm)[1],78 in (198 cm)[1],Orthodox,Heavyweight,Willi Besmanoff,10,Win,10–0,TKO,"7 (10), 1:55","Nov 29, 1961","Freedom Hall, Louisville, Kentucky, U.S.",,"19 years, 316 days",
Muhammad Ali,6 ft 3 in (191 cm)[1],78 in (198 cm)[1],Orthodox,Heavyweight,Alex Miteff,9,Win,9–0,TKO,"6 (10), 1:45","Oct 7, 1961","Freedom Hall, Louisville, Kentucky, U.S.",,"19 years, 263 days",
Muhammad Ali,6 ft 3 in (191 cm)[1],78 in (198 cm)[1],Orthodox,Heavyweight,Alonzo Johnson,8,Win,8–0,UD,10,"Jul 22, 1961","Freedom Hall, Louisville, Kentucky, U.S.",,"19 years, 186 days",
Muhammad Ali,6 ft 3 in (191 cm)[1],78 in (198 cm)[1],Orthodox,Heavyweight,Duke Sabedong,7,Win,7–0,UD,10,"Jun 26, 1961","Las Vegas Convention Center, Winchester, Nevada, U.S.",,"19 years, 160 days",
Muhammad Ali,6 ft 3 in (191 cm)[1],78 in (198 cm)[1],Orthodox,Heavyweight,LaMar Clark,6,Win,6–0,KO,"2 (8), 1:27","Apr 19, 1961","Freedom Hall, Louisville, Kentucky, U.S.",,"19 years, 92 days",
Muhammad Ali,6 ft 3 in (191 cm)[1],78 in (198 cm)[1],Orthodox,Heavyweight,Donnie Fleeman,5,Win,5–0,RTD,6 (8),"Feb 21, 1961","Municipal Auditorium, Miami Beach, Florida, U.S.",,"19 years, 35 days",
Muhammad Ali,6 ft 3 in (191 cm)[1],78 in (198 cm)[1],Orthodox,Heavyweight,Jim Robinson,4,Win,4–0,KO,"1 (8), 1:34","Feb 7, 1961","Convention Center, Miami Beach, Florida, U.S.",,"19 years, 21 days",
Muhammad Ali,6 ft 3 in (191 cm)[1],78 in (198 cm)[1],Orthodox,Heavyweight,Tony Esperti,3,Win,3–0,TKO,"3 (8), 1:30","Jan 17, 1961","Municipal Auditorium, Miami Beach, Florida, U.S.",,"19 years, 0 days",
Muhammad Ali,6 ft 3 in (191 cm)[1],78 in (198 cm)[1],Orthodox,Heavyweight,Herb Siler,2,Win,2–0,TKO,"4 (8), 1:00","Dec 27, 1960","Municipal Auditorium, Miami Beach, Florida, U.S.",,"18 years, 345 days",
Muhammad Ali,6 ft 3 in (191 cm)[1],78 in (198 cm)[1],Orthodox,Heavyweight,Tunney Hunsaker,1,Win,1–0,UD,6,"Oct 29, 1960","Freedom Hall, Louisville, Kentucky, U.S.",,"18 years, 286 days",
Sonny Liston,6 ft 1 in (185 cm) ft,84 in (213 cm)[1][2][nb 1],Orthodox,Heavyweight,Chuck Wepner,54,Win,50–4,TKO,"9 (10), 3:00","Jun 29, 1970","National Guard Armory, Jersey City, New Jersey, U.S.",,,
Sonny Liston,6 ft 1 in (185 cm) ft,84 in (213 cm)[1][2][nb 1],Orthodox,Heavyweight,Leotis Martin,53,Loss,49–4,KO,"9 (12), 1:08","Dec 6, 1969","Las Vegas Hilton, Winchester, Nevada, U.S.",For vacant NABF heavyweight title,,
Sonny Liston,6 ft 1 in (185 cm) ft,84 in (213 cm)[1][2][nb 1],Orthodox,Heavyweight,Sonny Moore,52,Win,49–3,KO,3 (10),"Sep 23, 1969","Coliseum, Houston, Texas, U.S.",,,
Sonny Liston,6 ft 1 in (185 cm) ft,84 in (213 cm)[1][2][nb 1],Orthodox,Heavyweight,George Johnson,51,Win,48–3,TKO,"7 (10), 2:55","May 19, 1969","Convention Center, Winchester, Nevada, U.S.",,,
Sonny Liston,6 ft 1 in (185 cm) ft,84 in (213 cm)[1][2][nb 1],Orthodox,Heavyweight,Billy Joiner,50,Win,47–3,UD,10,"Mar 28, 1969","Kiel Auditorium, St. Louis, Missouri, U.S.",,,
Sonny Liston,6 ft 1 in (185 cm) ft,84 in (213 cm)[1][2][nb 1],Orthodox,Heavyweight,Amos Lincoln,49,Win,46–3,KO,"2 (10), 2:46","Dec 10, 1968","Civic Center, Baltimore, Maryland, U.S.",,,
Sonny Liston,6 ft 1 in (185 cm) ft,84 in (213 cm)[1][2][nb 1],Orthodox,Heavyweight,Roger Rischer,48,Win,45–3,KO,"3 (10), 2:23","Nov 12, 1968","Civic Arena, Pittsburgh, Pennsylvania, U.S.",,,
Sonny Liston,6 ft 1 in (185 cm) ft,84 in (213 cm)[1][2][nb 1],Orthodox,Heavyweight,Willis Earls,47,Win,44–3,KO,"2 (10), 1:52","Nov 3, 1968","Plaza de Toros, Ciudad Juárez, Mexico",,,
Sonny Liston,6 ft 1 in (185 cm) ft,84 in (213 cm)[1][2][nb 1],Orthodox,Heavyweight,Sonny Moore,46,Win,43–3,TKO,3 (10),"Oct 14, 1968","Veterans Memorial Coliseum, Phoenix, Arizona, U.S.",,,
Sonny Liston,6 ft 1 in (185 cm) ft,84 in (213 cm)[1][2][nb 1],Orthodox,Heavyweight,Henry Clark,45,Win,42–3,TKO,"7 (10), 2:47","Jul 6, 1968","Cow Palace, Daly City, California, U.S.",,,
Sonny Liston,6 ft 1 in (185 cm) ft,84 in (213 cm)[1][2][nb 1],Orthodox,Heavyweight,Billy Joiner,44,Win,41–3,RTD,"7 (10), 3:00","May 23, 1968","Grand Olympic Auditorium, Los Angeles, California, U.S.",,,
Sonny Liston,6 ft 1 in (185 cm) ft,84 in (213 cm)[1][2][nb 1],Orthodox,Heavyweight,Bill McMurray,43,Win,40–3,TKO,"4 (10), 0:47","Mar 16, 1968","Centennial Coliseum, Reno, Nevada, U.S.",,,
Sonny Liston,6 ft 1 in (185 cm) ft,84 in (213 cm)[1][2][nb 1],Orthodox,Heavyweight,Elmer Rush,42,Win,39–3,TKO,6 (10),"Apr 28, 1967","Stockholm, Sweden",,,
Sonny Liston,6 ft 1 in (185 cm) ft,84 in (213 cm)[1][2][nb 1],Orthodox,Heavyweight,Dave Bailey,41,Win,38–3,KO,"1 (10), 2:22","Mar 30, 1967","Mässhallen, Gothenburg, Sweden",,,
Sonny Liston,6 ft 1 in (185 cm) ft,84 in (213 cm)[1][2][nb 1],Orthodox,Heavyweight,Amos Johnson,40,Win,37–3,KO,"3 (10), 1:48","Aug 19, 1966","Nya Ullevi, Gothenburg, Sweden",,,
Sonny Liston,6 ft 1 in (185 cm) ft,84 in (213 cm)[1][2][nb 1],Orthodox,Heavyweight,Gerhard Zech,39,Win,36–3,KO,"7 (10), 1:11","Jul 1, 1966","Stockholm, Sweden",,,
Sonny Liston,6 ft 1 in (185 cm) ft,84 in (213 cm)[1][2][nb 1],Orthodox,Heavyweight,Muhammad Ali,38,Loss,35–3,KO,"1 (15), 2:12","May 25, 1965","St. Dominic's Hall, Lewiston, Maine, U.S.","For WBC, NYSAC, and The Ring heavyweight titles",,
Sonny Liston,6 ft 1 in (185 cm) ft,84 in (213 cm)[1][2][nb 1],Orthodox,Heavyweight,Cassius Clay,37,Loss,35–2,RTD,"6 (15), 3:00","Feb 25, 1964","Convention Center, Miami Beach, Florida, U.S.","Lost WBA, WBC, NYSAC, and The Ring heavyweight titles",,
Sonny Liston,6 ft 1 in (185 cm) ft,84 in (213 cm)[1][2][nb 1],Orthodox,Heavyweight,Floyd Patterson,36,Win,35–1,KO,"1 (15), 2:10","July 22, 1963","Las Vegas Convention Center, Winchester, Nevada, U.S.","Retained WBA, NYSAC, and The Ring heavyweight titles; Won inaugural WBC heavyweight title",,
Sonny Liston,6 ft 1 in (185 cm) ft,84 in (213 cm)[1][2][nb 1],Orthodox,Heavyweight,Floyd Patterson,35,Win,34–1,KO,"1 (15), 2:06","Sep 25, 1962","Comiskey Park, Chicago, Illinois, U.S.","Won WBA, NYSAC, and The Ring heavyweight titles",,
Sonny Liston,6 ft 1 in (185 cm) ft,84 in (213 cm)[1][2][nb 1],Orthodox,Heavyweight,Albert Westphal,34,Win,33–1,KO,"1 (10), 1:58","Dec 4, 1961","Convention Hall, Philadelphia, Pennsylvania, U.S.",,,
Sonny Liston,6 ft 1 in (185 cm) ft,84 in (213 cm)[1][2][nb 1],Orthodox,Heavyweight,Howard King,33,Win,32–1,TKO,"3 (10), 0:53","Mar 8, 1961","Municipal Auditorium, Miami Beach, Florida, U.S.",,,
Sonny Liston,6 ft 1 in (185 cm) ft,84 in (213 cm)[1][2][nb 1],Orthodox,Heavyweight,Eddie Machen,32,Win,31–1,UD,12,"Sep 7, 1960","Sick's Stadium, Seattle, Washington, U.S.",,,
Sonny Liston,6 ft 1 in (185 cm) ft,84 in (213 cm)[1][2][nb 1],Orthodox,Heavyweight,Zora Folley,31,Win,30–1,KO,"3 (12), 0:28","Jul 18, 1960","Coliseum, Denver, Colorado, U.S.",,,
Sonny Liston,6 ft 1 in (185 cm) ft,84 in (213 cm)[1][2][nb 1],Orthodox,Heavyweight,Roy Harris,30,Win,29–1,TKO,"1 (10), 2:35","Apr 25, 1960","Coliseum, Houston, Texas, U.S.",,,
Sonny Liston,6 ft 1 in (185 cm) ft,84 in (213 cm)[1][2][nb 1],Orthodox,Heavyweight,Cleveland Williams,29,Win,28–1,TKO,"2 (10), 2:13","Mar 21, 1960","Coliseum, Houston, Texas, U.S.",,,
Sonny Liston,6 ft 1 in (185 cm) ft,84 in (213 cm)[1][2][nb 1],Orthodox,Heavyweight,Howard King,28,Win,27–1,RTD,"7 (10), 3:00","Feb 23, 1960","Municipal Auditorium, Miami Beach, Florida, U.S.",,,
Sonny Liston,6 ft 1 in (185 cm) ft,84 in (213 cm)[1][2][nb 1],Orthodox,Heavyweight,Willi Besmanoff,27,Win,26–1,RTD,"6 (10), 3:00","Dec 9, 1959","Cleveland Arena, Cleveland, Ohio, U.S.",,,
Sonny Liston,6 ft 1 in (185 cm) ft,84 in (213 cm)[1][2][nb 1],Orthodox,Heavyweight,Niño Valdés,26,Win,25–1,KO,"3 (10), 0:47","Aug 5, 1959","Chicago Stadium, Chicago, Illinois, U.S.",,,
Sonny Liston,6 ft 1 in (185 cm) ft,84 in (213 cm)[1][2][nb 1],Orthodox,Heavyweight,Cleveland Williams,25,Win,24–1,TKO,"3 (10), 2:13","Apr 15, 1959","Municipal Auditorium, Miami Beach, Florida, U.S.",,,
Sonny Liston,6 ft 1 in (185 cm) ft,84 in (213 cm)[1][2][nb 1],Orthodox,Heavyweight,Mike DeJohn,24,Win,23–1,TKO,"6 (10), 2:43","Feb 18, 1959","Exhibition Hall, Miami Beach, Florida, U.S.",,,
Sonny Liston,6 ft 1 in (185 cm) ft,84 in (213 cm)[1][2][nb 1],Orthodox,Heavyweight,Ernie Cab,23,Win,22–1,RTD,"7 (10), 3:00","Nov 18, 1958","Municipal Auditorium, Miami Beach, Florida, U.S.",,,
Sonny Liston,6 ft 1 in (185 cm) ft,84 in (213 cm)[1][2][nb 1],Orthodox,Heavyweight,Bert Whitehurst,22,Win,21–1,UD,10,"Oct 24, 1958","St. Louis Arena, St. Louis, Missouri, U.S.",,,
Sonny Liston,6 ft 1 in (185 cm) ft,84 in (213 cm)[1][2][nb 1],Orthodox,Heavyweight,Frankie Daniels,21,Win,20–1,KO,"1 (10), 2:22","Oct 7, 1958","Municipal Auditorium, Miami Beach, Florida, U.S.",,,
Sonny Liston,6 ft 1 in (185 cm) ft,84 in (213 cm)[1][2][nb 1],Orthodox,Heavyweight,Wayne Bethea,20,Win,19–1,TKO,"1 (10), 1:09","Aug 6, 1958","Chicago Stadium, Chicago, Illinois, U.S.",,,
Sonny Liston,6 ft 1 in (185 cm) ft,84 in (213 cm)[1][2][nb 1],Orthodox,Heavyweight,Julio Mederos,19,Win,18–1,RTD,2 (10),"May 14, 1958","Chicago Stadium, Chicago, Illinois, U.S.",,,
Sonny Liston,6 ft 1 in (185 cm) ft,84 in (213 cm)[1][2][nb 1],Orthodox,Heavyweight,Bert Whitehurst,18,Win,17–1,PTS,10,"Apr 3, 1958","Kiel Auditorium, St. Louis, Missouri, U.S.",,,
Sonny Liston,6 ft 1 in (185 cm) ft,84 in (213 cm)[1][2][nb 1],Orthodox,Heavyweight,Ben Wise,17,Win,16–1,TKO,4 (8),"Mar 11, 1958","Midwest Gymnasium, Chicago, Illinois, U.S.",,,
Sonny Liston,6 ft 1 in (185 cm) ft,84 in (213 cm)[1][2][nb 1],Orthodox,Heavyweight,Billy Hunter,16,Win,15–1,TKO,2 (6),"Jan 29, 1958","Chicago Stadium, Chicago, Illinois, U.S.",,,
Sonny Liston,6 ft 1 in (185 cm) ft,84 in (213 cm)[1][2][nb 1],Orthodox,Heavyweight,Marty Marshall,15,Win,14–1,UD,10,"Mar 6, 1956","Pittsburgh Gardens, Pittsburgh, Pennsylvania, U.S.",,,
Sonny Liston,6 ft 1 in (185 cm) ft,84 in (213 cm)[1][2][nb 1],Orthodox,Heavyweight,Larry Watson,14,Win,13–1,TKO,4 (10),"Dec 13, 1955","Alnad Shriner Temple, East St. Louis, Illinois, U.S.",,,
Sonny Liston,6 ft 1 in (185 cm) ft,84 in (213 cm)[1][2][nb 1],Orthodox,Heavyweight,Johnny Gray,13,Win,12–1,TKO,6 (10),"Sep 13, 1955","Victory Field, Indianapolis, Indiana, U.S.",,,
Sonny Liston,6 ft 1 in (185 cm) ft,84 in (213 cm)[1][2][nb 1],Orthodox,Heavyweight,Calvin Butler,12,Win,11–1,TKO,"2 (8), 2:18","May 25, 1955","St. Louis Arena, St. Louis, Missouri, U.S.",,,
Sonny Liston,6 ft 1 in (185 cm) ft,84 in (213 cm)[1][2][nb 1],Orthodox,Heavyweight,Emil Brtko,11,Win,10–1,TKO,"5 (10), 2:55","May 5, 1955","Duquesne Gardens, Pittsburgh, Pennsylvania, U.S.",,,
Sonny Liston,6 ft 1 in (185 cm) ft,84 in (213 cm)[1][2][nb 1],Orthodox,Heavyweight,Marty Marshall,10,Win,9–1,TKO,6 (8),"Apr 21, 1955","Kiel Auditorium, St. Louis, Missouri, U.S.",,,
Sonny Liston,6 ft 1 in (185 cm) ft,84 in (213 cm)[1][2][nb 1],Orthodox,Heavyweight,Neal Welch,9,Win,8–1,PTS,8,"Mar 1, 1955","New Masonic Temple, St. Louis, Missouri, U.S.",,,
Sonny Liston,6 ft 1 in (185 cm) ft,84 in (213 cm)[1][2][nb 1],Orthodox,Heavyweight,Marty Marshall,8,Loss,7–1,SD,8,"Sep 7, 1954","Motor City Arena, Detroit, Michigan, U.S.",,,
Sonny Liston,6 ft 1 in (185 cm) ft,84 in (213 cm)[1][2][nb 1],Orthodox,Heavyweight,Johnny Summerlin,7,Win,7–0,SD,8,"Aug 10, 1954","Motor City Arena, Detroit, Michigan, U.S.",,,
Sonny Liston,6 ft 1 in (185 cm) ft,84 in (213 cm)[1][2][nb 1],Orthodox,Heavyweight,Johnny Summerlin,6,Win,6–0,UD,8,"Jun 29, 1954","Motor City Arena, Detroit, Michigan, U.S.",,,
Sonny Liston,6 ft 1 in (185 cm) ft,84 in (213 cm)[1][2][nb 1],Orthodox,Heavyweight,Stanley Howlett,5,Win,5–0,PTS,6,"Mar 31, 1954","St. Louis Arena, St. Louis, Missouri, U.S.",,,
Sonny Liston,6 ft 1 in (185 cm) ft,84 in (213 cm)[1][2][nb 1],Orthodox,Heavyweight,Martin Lee,4,Win,4–0,TKO,6 (6),"Jan 25, 1954","New Masonic Temple, St. Louis, Missouri, U.S.",,,
Sonny Liston,6 ft 1 in (185 cm) ft,84 in (213 cm)[1][2][nb 1],Orthodox,Heavyweight,Bennie Thomas,3,Win,3–0,SD,6,"Nov 21, 1953","Kiel Auditorium, St. Louis, Missouri, U.S.",,,
Sonny Liston,6 ft 1 in (185 cm) ft,84 in (213 cm)[1][2][nb 1],Orthodox,Heavyweight,Ponce de Leon,2,Win,2–0,PTS,4,"Sep 17, 1953","Kiel Auditorium, St. Louis, Missouri, U.S.",,,
Sonny Liston,6 ft 1 in (185 cm) ft,84 in (213 cm)[1][2][nb 1],Orthodox,Heavyweight,Don Smith,1,Win,1–0,TKO,"1 (4), 0:33","Sep 2, 1953","St. Louis Arena, St. Louis, Missouri, U.S.",,,
Canelo Álvarez,5 ft 7+1⁄2 in (171 cm)[1],70+1⁄2 in (179 cm)[1],Orthodox,"Welterweight
Light middleweight
Middleweight
Super middleweight
Light heavyweight",Terence Crawford,68,Upcoming,Upcoming,—,– (12),Sep 2025,"Allegiant Stadium, Las Vegas, Nevada, U.S.",,,
Canelo Álvarez,5 ft 7+1⁄2 in (171 cm)[1],70+1⁄2 in (179 cm)[1],Orthodox,"Welterweight
Light middleweight
Middleweight
Super middleweight
Light heavyweight",William Scull,67,Upcoming,Upcoming,—,– (12),3 May 2025,"The Venue Riyadh Season, Riyadh, Saudi Arabia","For IBF middleweight title; Defending WBA (Super), WBC, WBO, and The Ring super middleweight titles",,
Canelo Álvarez,5 ft 7+1⁄2 in (171 cm)[1],70+1⁄2 in (179 cm)[1],Orthodox,"Welterweight
Light middleweight
Middleweight
Super middleweight
Light heavyweight",Edgar Berlanga,66,Win,62–2–2,UD,12,14 Sep 2024,"T-Mobile Arena, Paradise, Nevada, U.S.","Retained WBA (Super), WBC, WBO, and The Ring super middleweight titles",,
Canelo Álvarez,5 ft 7+1⁄2 in (171 cm)[1],70+1⁄2 in (179 cm)[1],Orthodox,"Welterweight
Light middleweight
Middleweight
Super middleweight
Light heavyweight",Jaime Munguía,65,Win,61–2–2,UD,12,4 May 2024,"T-Mobile Arena, Paradise, Nevada, U.S.","Retained WBA (Super), WBC, IBF, WBO, and The Ring super middleweight titles",,
Canelo Álvarez,5 ft 7+1⁄2 in (171 cm)[1],70+1⁄2 in (179 cm)[1],Orthodox,"Welterweight
Light middleweight
Middleweight
Super middleweight
Light heavyweight",Jermell Charlo,64,Win,60–2–2,UD,12,30 Sep 2023,"T-Mobile Arena, Paradise, Nevada, U.S.","Retained WBA (Super), WBC, IBF, WBO, and The Ring super middleweight titles",,
Canelo Álvarez,5 ft 7+1⁄2 in (171 cm)[1],70+1⁄2 in (179 cm)[1],Orthodox,"Welterweight
Light middleweight
Middleweight
Super middleweight
Light heavyweight",John Ryder,63,Win,59–2–2,UD,12,6 May 2023,"Estadio Akron, Zapopan, Mexico","Retained WBA (Super), WBC, IBF, WBO, and The Ring super middleweight titles",,
Canelo Álvarez,5 ft 7+1⁄2 in (171 cm)[1],70+1⁄2 in (179 cm)[1],Orthodox,"Welterweight
Light middleweight
Middleweight
Super middleweight
Light heavyweight",Gennady Golovkin,62,Win,58–2–2,UD,12,17 Sep 2022,"T-Mobile Arena, Paradise, Nevada, U.S.","Retained WBA (Super), WBC, IBF, WBO, and The Ring super middleweight titles",,
Canelo Álvarez,5 ft 7+1⁄2 in (171 cm)[1],70+1⁄2 in (179 cm)[1],Orthodox,"Welterweight
Light middleweight
Middleweight
Super middleweight
Light heavyweight",Dmitry Bivol,61,Loss,57–2–2,UD,12,7 May 2022,"T-Mobile Arena, Paradise, Nevada, U.S.",For WBA (Super) light heavyweight title,,
Canelo Álvarez,5 ft 7+1⁄2 in (171 cm)[1],70+1⁄2 in (179 cm)[1],Orthodox,"Welterweight
Light middleweight
Middleweight
Super middleweight
Light heavyweight",Caleb Plant,60,Win,57–1–2,TKO,"11 (12), 1:05",6 Nov 2021,"MGM Grand Garden Arena, Paradise, Nevada, U.S.","Retained WBA (Super), WBC, WBO, and The Ring super middleweight titles; Won IBF super middleweight title",,
Canelo Álvarez,5 ft 7+1⁄2 in (171 cm)[1],70+1⁄2 in (179 cm)[1],Orthodox,"Welterweight
Light middleweight
Middleweight
Super middleweight
Light heavyweight",Billy Joe Saunders,59,Win,56–1–2,RTD,"8 (12), 3:00",8 May 2021,"AT&T Stadium, Arlington, Texas, U.S.","Retained WBA (Super), WBC, and The Ring super middleweight titles; Won WBO super middleweight title",,
Canelo Álvarez,5 ft 7+1⁄2 in (171 cm)[1],70+1⁄2 in (179 cm)[1],Orthodox,"Welterweight
Light middleweight
Middleweight
Super middleweight
Light heavyweight",Avni Yıldırım,58,Win,55–1–2,RTD,"3 (12), 3:00",27 Feb 2021,"Hard Rock Stadium, Miami Gardens, Florida, U.S.","Retained WBA (Super), WBC, and The Ring super middleweight titles",,
Canelo Álvarez,5 ft 7+1⁄2 in (171 cm)[1],70+1⁄2 in (179 cm)[1],Orthodox,"Welterweight
Light middleweight
Middleweight
Super middleweight
Light heavyweight",Callum Smith,57,Win,54–1–2,UD,12,19 Dec 2020,"Alamodome, San Antonio, Texas, U.S.","Won WBA (Super), The Ring, and vacant WBC super middleweight titles",,
Canelo Álvarez,5 ft 7+1⁄2 in (171 cm)[1],70+1⁄2 in (179 cm)[1],Orthodox,"Welterweight
Light middleweight
Middleweight
Super middleweight
Light heavyweight",Sergey Kovalev,56,Win,53–1–2,KO,"11 (12), 2:15",2 Nov 2019,"MGM Grand Garden Arena, Paradise, Nevada, U.S.",Won WBO light heavyweight title,,
Canelo Álvarez,5 ft 7+1⁄2 in (171 cm)[1],70+1⁄2 in (179 cm)[1],Orthodox,"Welterweight
Light middleweight
Middleweight
Super middleweight
Light heavyweight",Daniel Jacobs,55,Win,52–1–2,UD,12,4 May 2019,"T-Mobile Arena, Paradise, Nevada, U.S.","Retained WBA (Super), WBC, and The Ring middleweight titles; Won IBF middleweight title",,
Canelo Álvarez,5 ft 7+1⁄2 in (171 cm)[1],70+1⁄2 in (179 cm)[1],Orthodox,"Welterweight
Light middleweight
Middleweight
Super middleweight
Light heavyweight",Rocky Fielding,54,Win,51–1–2,TKO,"3 (12), 2:38",15 Dec 2018,"Madison Square Garden, New York City, New York, U.S.",Won WBA (Regular) super middleweight title,,
Canelo Álvarez,5 ft 7+1⁄2 in (171 cm)[1],70+1⁄2 in (179 cm)[1],Orthodox,"Welterweight
Light middleweight
Middleweight
Super middleweight
Light heavyweight",Gennady Golovkin,53,Win,50–1–2,MD,12,15 Sep 2018,"T-Mobile Arena, Paradise, Nevada, U.S.","Won WBA (Super), WBC, and vacant The Ring middleweight titles",,
Canelo Álvarez,5 ft 7+1⁄2 in (171 cm)[1],70+1⁄2 in (179 cm)[1],Orthodox,"Welterweight
Light middleweight
Middleweight
Super middleweight
Light heavyweight",Gennady Golovkin,52,Draw,49–1–2,SD,12,16 Sep 2017,"T-Mobile Arena, Paradise, Nevada, U.S.","Retained The Ring middleweight title; For WBA (Super), WBC, and IBF middleweight titles",,
Canelo Álvarez,5 ft 7+1⁄2 in (171 cm)[1],70+1⁄2 in (179 cm)[1],Orthodox,"Welterweight
Light middleweight
Middleweight
Super middleweight
Light heavyweight",Julio César Chávez Jr.,51,Win,49–1–1,UD,12,6 May 2017,"T-Mobile Arena, Paradise, Nevada, U.S.",,,
Canelo Álvarez,5 ft 7+1⁄2 in (171 cm)[1],70+1⁄2 in (179 cm)[1],Orthodox,"Welterweight
Light middleweight
Middleweight
Super middleweight
Light heavyweight",Liam Smith,50,Win,48–1–1,KO,"9 (12), 2:28",17 Sep 2016,"AT&T Stadium, Arlington, Texas, U.S.",Won WBO light middleweight title,,
Canelo Álvarez,5 ft 7+1⁄2 in (171 cm)[1],70+1⁄2 in (179 cm)[1],Orthodox,"Welterweight
Light middleweight
Middleweight
Super middleweight
Light heavyweight",Amir Khan,49,Win,47–1–1,KO,"6 (12), 2:37",7 May 2016,"T-Mobile Arena, Paradise, Nevada, U.S.",Retained WBC and The Ring middleweight titles,,
Canelo Álvarez,5 ft 7+1⁄2 in (171 cm)[1],70+1⁄2 in (179 cm)[1],Orthodox,"Welterweight
Light middleweight
Middleweight
Super middleweight
Light heavyweight",Miguel Cotto,48,Win,46–1–1,UD,12,21 Nov 2015,"Mandalay Bay Events Center, Paradise, Nevada, U.S.",Won The Ring and vacant WBC middleweight titles,,
Canelo Álvarez,5 ft 7+1⁄2 in (171 cm)[1],70+1⁄2 in (179 cm)[1],Orthodox,"Welterweight
Light middleweight
Middleweight
Super middleweight
Light heavyweight",James Kirkland,47,Win,45–1–1,KO,"3 (12), 2:19",9 May 2015,"Minute Maid Park, Houston, Texas, U.S.",,,
Canelo Álvarez,5 ft 7+1⁄2 in (171 cm)[1],70+1⁄2 in (179 cm)[1],Orthodox,"Welterweight
Light middleweight
Middleweight
Super middleweight
Light heavyweight",Erislandy Lara,46,Win,44–1–1,SD,12,12 Jul 2014,"MGM Grand Garden Arena, Paradise, Nevada, U.S.",,,
Canelo Álvarez,5 ft 7+1⁄2 in (171 cm)[1],70+1⁄2 in (179 cm)[1],Orthodox,"Welterweight
Light middleweight
Middleweight
Super middleweight
Light heavyweight",Alfredo Angulo,45,Win,43–1–1,TKO,"10 (12), 0:44",8 Mar 2014,"MGM Grand Garden Arena, Paradise, Nevada, U.S.",,,
Canelo Álvarez,5 ft 7+1⁄2 in (171 cm)[1],70+1⁄2 in (179 cm)[1],Orthodox,"Welterweight
Light middleweight
Middleweight
Super middleweight
Light heavyweight",Floyd Mayweather Jr.,44,Loss,42–1–1,MD,12,14 Sep 2013,"MGM Grand Garden Arena, Paradise, Nevada, U.S.",Lost WBC and The Ring light middleweight titles; For WBA (Super) light middleweight title,,
Canelo Álvarez,5 ft 7+1⁄2 in (171 cm)[1],70+1⁄2 in (179 cm)[1],Orthodox,"Welterweight
Light middleweight
Middleweight
Super middleweight
Light heavyweight",Austin Trout,43,Win,42–0–1,UD,12,20 Apr 2013,"Alamodome, San Antonio, Texas, U.S.",Retained WBC light middleweight title; Won WBA (Unified) and vacant The Ring light middleweight titles,,
Canelo Álvarez,5 ft 7+1⁄2 in (171 cm)[1],70+1⁄2 in (179 cm)[1],Orthodox,"Welterweight
Light middleweight
Middleweight
Super middleweight
Light heavyweight",Josesito López,42,Win,41–0–1,TKO,"5 (12), 2:55",15 Sep 2012,"MGM Grand Garden Arena, Paradise, Nevada, U.S.",Retained WBC light middleweight title,,
Canelo Álvarez,5 ft 7+1⁄2 in (171 cm)[1],70+1⁄2 in (179 cm)[1],Orthodox,"Welterweight
Light middleweight
Middleweight
Super middleweight
Light heavyweight",Shane Mosley,41,Win,40–0–1,UD,12,5 May 2012,"MGM Grand Garden Arena, Paradise, Nevada, U.S.",Retained WBC light middleweight title,,
Canelo Álvarez,5 ft 7+1⁄2 in (171 cm)[1],70+1⁄2 in (179 cm)[1],Orthodox,"Welterweight
Light middleweight
Middleweight
Super middleweight
Light heavyweight",Kermit Cintrón,40,Win,39–0–1,TKO,"5 (12), 2:53",26 Nov 2011,"Plaza de Toros, Mexico City, Mexico",Retained WBC light middleweight title,,
Canelo Álvarez,5 ft 7+1⁄2 in (171 cm)[1],70+1⁄2 in (179 cm)[1],Orthodox,"Welterweight
Light middleweight
Middleweight
Super middleweight
Light heavyweight",Alfonso Gómez,39,Win,38–0–1,TKO,"6 (12), 2:36",17 Sep 2011,"Staples Center, Los Angeles, California, U.S.",Retained WBC light middleweight title,,
Canelo Álvarez,5 ft 7+1⁄2 in (171 cm)[1],70+1⁄2 in (179 cm)[1],Orthodox,"Welterweight
Light middleweight
Middleweight
Super middleweight
Light heavyweight",Ryan Rhodes,38,Win,37–0–1,TKO,"12 (12), 0:48",18 Jun 2011,"Arena VFG, Guadalajara, Mexico",Retained WBC light middleweight title,,
Canelo Álvarez,5 ft 7+1⁄2 in (171 cm)[1],70+1⁄2 in (179 cm)[1],Orthodox,"Welterweight
Light middleweight
Middleweight
Super middleweight
Light heavyweight",Matthew Hatton,37,Win,36–0–1,UD,12,5 Mar 2011,"Honda Center, Anaheim, California, U.S.",Won vacant WBC light middleweight title,,
Canelo Álvarez,5 ft 7+1⁄2 in (171 cm)[1],70+1⁄2 in (179 cm)[1],Orthodox,"Welterweight
Light middleweight
Middleweight
Super middleweight
Light heavyweight",Lovemore N'dou,36,Win,35–0–1,UD,12,4 Dec 2010,"Estadio Universitario Beto Ávila, Veracruz, Mexico",Retained WBC Silver light middleweight title,,
Canelo Álvarez,5 ft 7+1⁄2 in (171 cm)[1],70+1⁄2 in (179 cm)[1],Orthodox,"Welterweight
Light middleweight
Middleweight
Super middleweight
Light heavyweight",Carlos Baldomir,35,Win,34–0–1,KO,"6 (10), 2:58",18 Sep 2010,"Staples Center, Los Angeles, California, U.S.",Retained WBC Silver light middleweight title,,
Canelo Álvarez,5 ft 7+1⁄2 in (171 cm)[1],70+1⁄2 in (179 cm)[1],Orthodox,"Welterweight
Light middleweight
Middleweight
Super middleweight
Light heavyweight",Luciano Leonel Cuello,34,Win,33–0–1,TKO,"6 (12), 1:23",10 Jul 2010,"Arena VFG, Guadalajara, Mexico",Won vacant WBC Silver light middleweight title,,
Canelo Álvarez,5 ft 7+1⁄2 in (171 cm)[1],70+1⁄2 in (179 cm)[1],Orthodox,"Welterweight
Light middleweight
Middleweight
Super middleweight
Light heavyweight",José Cotto,33,Win,32–0–1,TKO,"9 (10), 2:51",1 May 2010,"MGM Grand Garden Arena, Paradise, Nevada, U.S.",,,
Canelo Álvarez,5 ft 7+1⁄2 in (171 cm)[1],70+1⁄2 in (179 cm)[1],Orthodox,"Welterweight
Light middleweight
Middleweight
Super middleweight
Light heavyweight",Brian Camechis,32,Win,31–0–1,KO,"3 (12), 0:23",6 Mar 2010,"Palenque de la Feria, Tuxtla Gutiérrez, Mexico",Retained NABF welterweight title,,
Canelo Álvarez,5 ft 7+1⁄2 in (171 cm)[1],70+1⁄2 in (179 cm)[1],Orthodox,"Welterweight
Light middleweight
Middleweight
Super middleweight
Light heavyweight",Lanardo Tyner,31,Win,30–0–1,UD,12,5 Dec 2009,"Tepic, Mexico",Retained NABF welterweight title,,
Canelo Álvarez,5 ft 7+1⁄2 in (171 cm)[1],70+1⁄2 in (179 cm)[1],Orthodox,"Welterweight
Light middleweight
Middleweight
Super middleweight
Light heavyweight",Carlos Herrera,30,Win,29–0–1,TKO,"1 (10), 2:46",15 Sep 2009,"Auditorio Siglo XXI, Puebla, Mexico",Retained WBC Youth welterweight title,,
Canelo Álvarez,5 ft 7+1⁄2 in (171 cm)[1],70+1⁄2 in (179 cm)[1],Orthodox,"Welterweight
Light middleweight
Middleweight
Super middleweight
Light heavyweight",Marat Khuzeev,29,Win,28–0–1,KO,"2 (10), 2:33",8 Aug 2009,"Auditorio Benito Juárez, Zapopan, Mexico",Won vacant WBC Youth welterweight title,,
Canelo Álvarez,5 ft 7+1⁄2 in (171 cm)[1],70+1⁄2 in (179 cm)[1],Orthodox,"Welterweight
Light middleweight
Middleweight
Super middleweight
Light heavyweight",Jefferson Gonçalo,28,Win,27–0–1,KO,"9 (12), 1:54",6 Jun 2009,"Xcaret Park, Cancún, Mexico",Retained NABF welterweight title,,
Canelo Álvarez,5 ft 7+1⁄2 in (171 cm)[1],70+1⁄2 in (179 cm)[1],Orthodox,"Welterweight
Light middleweight
Middleweight
Super middleweight
Light heavyweight",Michel Rosales,27,Win,26–0–1,TKO,"10 (12), 2:53",11 Apr 2009,"Gimnasio Niños Héroes, Tepic, Mexico",Retained NABF welterweight title,,
Canelo Álvarez,5 ft 7+1⁄2 in (171 cm)[1],70+1⁄2 in (179 cm)[1],Orthodox,"Welterweight
Light middleweight
Middleweight
Super middleweight
Light heavyweight",Euri González,26,Win,25–0–1,TKO,"11 (12), 1:36",21 Feb 2009,"Auditorio Benito Juárez, Zapopan, Mexico",Retained NABF welterweight title; Won WBO Latino welterweight title,,
Canelo Álvarez,5 ft 7+1⁄2 in (171 cm)[1],70+1⁄2 in (179 cm)[1],Orthodox,"Welterweight
Light middleweight
Middleweight
Super middleweight
Light heavyweight",Antonio Fitch,25,Win,24–0–1,TKO,"1 (12), 1:52",17 Jan 2009,"Foro Scotiabank, Mexico City, Mexico",Won vacant NABF welterweight title,,
Canelo Álvarez,5 ft 7+1⁄2 in (171 cm)[1],70+1⁄2 in (179 cm)[1],Orthodox,"Welterweight
Light middleweight
Middleweight
Super middleweight
Light heavyweight",Raúl Pinzón,24,Win,23–0–1,TKO,"1 (12), 2:30",5 Dec 2008,"Miccosukee Resort & Gaming, Miami, Florida, U.S.",Retained WBA Fedecentro welterweight title,,
Canelo Álvarez,5 ft 7+1⁄2 in (171 cm)[1],70+1⁄2 in (179 cm)[1],Orthodox,"Welterweight
Light middleweight
Middleweight
Super middleweight
Light heavyweight",Larry Mosley,23,Win,22–0–1,UD,10,24 Oct 2008,"Morongo Casino Resort & Spa, Cabazon, California, U.S.",,,
Canelo Álvarez,5 ft 7+1⁄2 in (171 cm)[1],70+1⁄2 in (179 cm)[1],Orthodox,"Welterweight
Light middleweight
Middleweight
Super middleweight
Light heavyweight",Carlos Adán Jerez,22,Win,21–0–1,UD,10,2 Aug 2008,"Auditorio Benito Juárez, Zapopan, Mexico",Retained WBA Fedecentro welterweight title,,
Canelo Álvarez,5 ft 7+1⁄2 in (171 cm)[1],70+1⁄2 in (179 cm)[1],Orthodox,"Welterweight
Light middleweight
Middleweight
Super middleweight
Light heavyweight",Miguel Vázquez,21,Win,20–0–1,UD,10,28 Jun 2008,"Palenque Calle 2, Zapopan, Mexico",,,
Canelo Álvarez,5 ft 7+1⁄2 in (171 cm)[1],70+1⁄2 in (179 cm)[1],Orthodox,"Welterweight
Light middleweight
Middleweight
Super middleweight
Light heavyweight",Francisco Villanueva,20,Win,19–0–1,SD,10,6 Jun 2008,"Tepic, Mexico",,,
Canelo Álvarez,5 ft 7+1⁄2 in (171 cm)[1],70+1⁄2 in (179 cm)[1],Orthodox,"Welterweight
Light middleweight
Middleweight
Super middleweight
Light heavyweight",Gabriel Martinez,19,Win,18–0–1,RTD,"11 (12), 3:00",18 Apr 2008,"Salon Marbet Plus, Ciudad Nezahualcóyotl, Mexico",Won vacant WBA Fedecentro welterweight title,,
Canelo Álvarez,5 ft 7+1⁄2 in (171 cm)[1],70+1⁄2 in (179 cm)[1],Orthodox,"Welterweight
Light middleweight
Middleweight
Super middleweight
Light heavyweight",Francisco Villanueva,18,Win,17–0–1,TKO,"9 (12), 2:32",14 Mar 2008,"Coliseo Olimpico de la UG, Guadalajara, Mexico",Retained Jalisco welterweight title,,
Canelo Álvarez,5 ft 7+1⁄2 in (171 cm)[1],70+1⁄2 in (179 cm)[1],Orthodox,"Welterweight
Light middleweight
Middleweight
Super middleweight
Light heavyweight",Axel Rodrigo Solis,17,Win,16–0–1,KO,"1 (8), 2:55",22 Feb 2008,"Salon Marbet Plus, Ciudad Nezahualcóyotl, Mexico",,,
Canelo Álvarez,5 ft 7+1⁄2 in (171 cm)[1],70+1⁄2 in (179 cm)[1],Orthodox,"Welterweight
Light middleweight
Middleweight
Super middleweight
Light heavyweight",Sean Holley,16,Win,15–0–1,TKO,"2 (10), 3:00",15 Dec 2007,"Auditorio Benito Juarez, Guadalajara, Mexico",,,
Canelo Álvarez,5 ft 7+1⁄2 in (171 cm)[1],70+1⁄2 in (179 cm)[1],Orthodox,"Welterweight
Light middleweight
Middleweight
Super middleweight
Light heavyweight",Ricardo Cano,15,Win,14–0–1,UD,12,31 Aug 2007,"Coliseo Olímpico, Guadalajara, Mexico",Won Jalisco welterweight title,,
Canelo Álvarez,5 ft 7+1⁄2 in (171 cm)[1],70+1⁄2 in (179 cm)[1],Orthodox,"Welterweight
Light middleweight
Middleweight
Super middleweight
Light heavyweight",Christian Solano,14,Win,13–0–1,UD,10,18 Aug 2007,"Arena Coliseo, Guadalajara, Mexico",,,
Canelo Álvarez,5 ft 7+1⁄2 in (171 cm)[1],70+1⁄2 in (179 cm)[1],Orthodox,"Welterweight
Light middleweight
Middleweight
Super middleweight
Light heavyweight",Jesus Hernandez,13,Win,12–0–1,TKO,"2 (10), 0:12",1 Jun 2007,"Casino de los Fresnos, Tepic, Mexico",,,
Canelo Álvarez,5 ft 7+1⁄2 in (171 cm)[1],70+1⁄2 in (179 cm)[1],Orthodox,"Welterweight
Light middleweight
Middleweight
Super middleweight
Light heavyweight",Víctor Marquez,12,Win,11–0–1,KO,"4 (10), 1:48",19 May 2007,"Auditorio Benito Juarez, Guadalajara, Mexico",,,
Canelo Álvarez,5 ft 7+1⁄2 in (171 cm)[1],70+1⁄2 in (179 cm)[1],Orthodox,"Welterweight
Light middleweight
Middleweight
Super middleweight
Light heavyweight",Ivan Illescas,11,Win,10–0–1,KO,"4 (10), 2:40",30 Mar 2007,"Arena-Casino Los Fresnos, Tepic, Mexico",,,
Canelo Álvarez,5 ft 7+1⁄2 in (171 cm)[1],70+1⁄2 in (179 cm)[1],Orthodox,"Welterweight
Light middleweight
Middleweight
Super middleweight
Light heavyweight",Javier Martinez,10,Win,9–0–1,TKO,"8 (10), 1:54",2 Mar 2007,"Casino Los Fresnos, Tepic, Mexico",,,
Canelo Álvarez,5 ft 7+1⁄2 in (171 cm)[1],70+1⁄2 in (179 cm)[1],Orthodox,"Welterweight
Light middleweight
Middleweight
Super middleweight
Light heavyweight",Daniel Martinez,9,Win,8–0–1,KO,"2 (8), 2:59",8 Dec 2006,"Arena Jalisco, Guadalajara, Mexico",,,
Canelo Álvarez,5 ft 7+1⁄2 in (171 cm)[1],70+1⁄2 in (179 cm)[1],Orthodox,"Welterweight
Light middleweight
Middleweight
Super middleweight
Light heavyweight",Francisco Villanueva,8,Win,7–0–1,KO,"5 (6), 1:20",29 Sep 2006,"Tonalá, Mexico",,,
Canelo Álvarez,5 ft 7+1⁄2 in (171 cm)[1],70+1⁄2 in (179 cm)[1],Orthodox,"Welterweight
Light middleweight
Middleweight
Super middleweight
Light heavyweight",Cristian Hernandez,7,Win,6–0–1,KO,"2 (6), 0:34",15 Sep 2006,"Guadalajara, Mexico",,,
Canelo Álvarez,5 ft 7+1⁄2 in (171 cm)[1],70+1⁄2 in (179 cm)[1],Orthodox,"Welterweight
Light middleweight
Middleweight
Super middleweight
Light heavyweight",Juan Hernandez,6,Win,5–0–1,KO,"2 (6), 0:07",21 Jul 2006,"Arena Coliseo, Guadalajara, Mexico",,,
Canelo Álvarez,5 ft 7+1⁄2 in (171 cm)[1],70+1⁄2 in (179 cm)[1],Orthodox,"Welterweight
Light middleweight
Middleweight
Super middleweight
Light heavyweight",Jorge Juarez,5,Draw,4–0–1,SD,4,17 Jun 2006,"Auditorio Fausto Gutierrez Moreno, Tijuana, Mexico",,,
Canelo Álvarez,5 ft 7+1⁄2 in (171 cm)[1],70+1⁄2 in (179 cm)[1],Orthodox,"Welterweight
Light middleweight
Middleweight
Super middleweight
Light heavyweight",Pedro Lopez,4,Win,4–0,KO,"1 (4), 2:33",10 Feb 2006,"Men's Club, Guadalajara, Mexico",,,
Canelo Álvarez,5 ft 7+1⁄2 in (171 cm)[1],70+1⁄2 in (179 cm)[1],Orthodox,"Welterweight
Light middleweight
Middleweight
Super middleweight
Light heavyweight",Miguel Vázquez,3,Win,3–0,SD,4,20 Jan 2006,"Guadalajara, Mexico",,,
Canelo Álvarez,5 ft 7+1⁄2 in (171 cm)[1],70+1⁄2 in (179 cm)[1],Orthodox,"Welterweight
Light middleweight
Middleweight
Super middleweight
Light heavyweight",Pablo Alvarado,2,Win,2–0,KO,"2 (4), 2:25",26 Nov 2005,"Arena Chololo Larios, Tonalá, Mexico",,,
Canelo Álvarez,5 ft 7+1⁄2 in (171 cm)[1],70+1⁄2 in (179 cm)[1],Orthodox,"Welterweight
Light middleweight
Middleweight
Super middleweight
Light heavyweight",Abraham Gonzalez,1,Win,1–0,TKO,"4 (4), 0:18",29 Oct 2005,"Arena Chololo Larios, Tonalá, Mexico",,,
Sugar Ray Leonard,5 ft 10 in (178 cm)[1],74 in (188 cm)[1],Orthodox,"Welterweight
Light middleweight
Middleweight
Super middleweight
Light heavyweight",Héctor Camacho,40,Loss,36–3–1,TKO,"5 (12), 1:08","Mar 1, 1997","Convention Hall, Atlantic City, New Jersey, U.S.",For IBC middleweight title,,
Sugar Ray Leonard,5 ft 10 in (178 cm)[1],74 in (188 cm)[1],Orthodox,"Welterweight
Light middleweight
Middleweight
Super middleweight
Light heavyweight",Terry Norris,39,Loss,36–2–1,UD,12,"Feb 9, 1991","Madison Square Garden, New York City, New York, U.S.",For WBC light middleweight title,,
Sugar Ray Leonard,5 ft 10 in (178 cm)[1],74 in (188 cm)[1],Orthodox,"Welterweight
Light middleweight
Middleweight
Super middleweight
Light heavyweight",Roberto Durán,38,Win,36–1–1,UD,12,"Dec 7, 1989","The Mirage, Paradise, Nevada, U.S.",Retained WBC super middleweight title,,
Sugar Ray Leonard,5 ft 10 in (178 cm)[1],74 in (188 cm)[1],Orthodox,"Welterweight
Light middleweight
Middleweight
Super middleweight
Light heavyweight",Thomas Hearns,37,Draw,35–1–1,SD,12,"Jun 12, 1989","Caesars Palace, Paradise, Nevada, U.S.",Retained WBC super middleweight title,,
Sugar Ray Leonard,5 ft 10 in (178 cm)[1],74 in (188 cm)[1],Orthodox,"Welterweight
Light middleweight
Middleweight
Super middleweight
Light heavyweight",Donny Lalonde,36,Win,35–1,TKO,"9 (12), 2:30","Nov 7, 1988","Caesars Palace, Paradise, Nevada, U.S.",Won WBC light heavyweight and inaugural WBC super middleweight titles,,
Sugar Ray Leonard,5 ft 10 in (178 cm)[1],74 in (188 cm)[1],Orthodox,"Welterweight
Light middleweight
Middleweight
Super middleweight
Light heavyweight",Marvin Hagler,35,Win,34–1,SD,12,"Apr 6, 1987","Caesars Palace, Paradise, Nevada, U.S.",Won WBC and The Ring middleweight titles,,
Sugar Ray Leonard,5 ft 10 in (178 cm)[1],74 in (188 cm)[1],Orthodox,"Welterweight
Light middleweight
Middleweight
Super middleweight
Light heavyweight",Kevin Howard,34,Win,33–1,TKO,"9 (10), 2:27","May 11, 1984","Centrum, Worcester, Massachusetts, U.S.",,,
Sugar Ray Leonard,5 ft 10 in (178 cm)[1],74 in (188 cm)[1],Orthodox,"Welterweight
Light middleweight
Middleweight
Super middleweight
Light heavyweight",Bruce Finch,33,Win,32–1,TKO,"3 (15), 1:50","Feb 15, 1982","Centennial Coliseum, Reno, Nevada, U.S.","Retained WBA, WBC, and The Ring welterweight titles",,
Sugar Ray Leonard,5 ft 10 in (178 cm)[1],74 in (188 cm)[1],Orthodox,"Welterweight
Light middleweight
Middleweight
Super middleweight
Light heavyweight",Thomas Hearns,32,Win,31–1,TKO,"14 (15), 1:45","Sep 16, 1981","Caesars Palace, Paradise, Nevada, U.S.",Retained WBC and The Ring welterweight titles; Won WBA welterweight title,,
Sugar Ray Leonard,5 ft 10 in (178 cm)[1],74 in (188 cm)[1],Orthodox,"Welterweight
Light middleweight
Middleweight
Super middleweight
Light heavyweight",Ayub Kalule,31,Win,30–1,TKO,"9 (15), 3:06","Jun 25, 1981","Astrodome, Houston, Texas, U.S.",Won WBA and The Ring light middleweight titles,,
Sugar Ray Leonard,5 ft 10 in (178 cm)[1],74 in (188 cm)[1],Orthodox,"Welterweight
Light middleweight
Middleweight
Super middleweight
Light heavyweight",Larry Bonds,30,Win,29–1,TKO,"10 (15), 2:22","Mar 28, 1981","Carrier Dome, Syracuse, New York, U.S.",Retained WBC and The Ring welterweight titles,,
Sugar Ray Leonard,5 ft 10 in (178 cm)[1],74 in (188 cm)[1],Orthodox,"Welterweight
Light middleweight
Middleweight
Super middleweight
Light heavyweight",Roberto Durán,29,Win,28–1,TKO,"8 (15), 2:44","Nov 25, 1980","Superdome, New Orleans, Louisiana, U.S.",Won WBC and The Ring welterweight titles,,
Sugar Ray Leonard,5 ft 10 in (178 cm)[1],74 in (188 cm)[1],Orthodox,"Welterweight
Light middleweight
Middleweight
Super middleweight
Light heavyweight",Roberto Durán,28,Loss,27–1,UD,15,"Jun 20, 1980","Olympic Stadium, Montreal, Quebec, Canada",Lost WBC and The Ring welterweight titles,,
Sugar Ray Leonard,5 ft 10 in (178 cm)[1],74 in (188 cm)[1],Orthodox,"Welterweight
Light middleweight
Middleweight
Super middleweight
Light heavyweight",Dave Boy Green,27,Win,27–0,KO,"4 (15), 2:27","Mar 31, 1980","Capital Centre, Landover, Maryland, U.S.",Retained WBC and The Ring welterweight titles,,
Sugar Ray Leonard,5 ft 10 in (178 cm)[1],74 in (188 cm)[1],Orthodox,"Welterweight
Light middleweight
Middleweight
Super middleweight
Light heavyweight",Wilfred Benítez,26,Win,26–0,TKO,"15 (15), 2:54","Nov 30, 1979","Caesars Palace, Paradise, Nevada, U.S.",Won WBC and The Ring welterweight titles,,
Sugar Ray Leonard,5 ft 10 in (178 cm)[1],74 in (188 cm)[1],Orthodox,"Welterweight
Light middleweight
Middleweight
Super middleweight
Light heavyweight",Andy Price,25,Win,25–0,KO,"1 (12), 2:52","Sep 28, 1979","Caesars Palace, Paradise, Nevada, U.S.",Retained NABF welterweight title,,
Sugar Ray Leonard,5 ft 10 in (178 cm)[1],74 in (188 cm)[1],Orthodox,"Welterweight
Light middleweight
Middleweight
Super middleweight
Light heavyweight",Pete Ranzany,24,Win,24–0,TKO,"4 (12), 2:41","Aug 12, 1979","Caesars Palace, Paradise, Nevada, U.S.",Won NABF welterweight title,,
Sugar Ray Leonard,5 ft 10 in (178 cm)[1],74 in (188 cm)[1],Orthodox,"Welterweight
Light middleweight
Middleweight
Super middleweight
Light heavyweight",Tony Chiaverini,23,Win,23–0,RTD,4 (10),"Jun 24, 1979","Caesars Palace, Paradise, Nevada, U.S.",,,
Sugar Ray Leonard,5 ft 10 in (178 cm)[1],74 in (188 cm)[1],Orthodox,"Welterweight
Light middleweight
Middleweight
Super middleweight
Light heavyweight",Marcos Geraldo,22,Win,22–0,UD,10,"May 20, 1979","Riverside Centroplex, Baton Rouge, Louisiana, U.S.",,,
Sugar Ray Leonard,5 ft 10 in (178 cm)[1],74 in (188 cm)[1],Orthodox,"Welterweight
Light middleweight
Middleweight
Super middleweight
Light heavyweight",Adolfo Viruet,21,Win,21–0,UD,10,"Apr 21, 1979","Dunes, Paradise, Nevada, U.S.",,,
Sugar Ray Leonard,5 ft 10 in (178 cm)[1],74 in (188 cm)[1],Orthodox,"Welterweight
Light middleweight
Middleweight
Super middleweight
Light heavyweight",Daniel Aldo Gonzalez,20,Win,20–0,TKO,"1 (10), 2:03","Mar 24, 1979","Community Center, Tucson, Arizona, U.S.",,,
Sugar Ray Leonard,5 ft 10 in (178 cm)[1],74 in (188 cm)[1],Orthodox,"Welterweight
Light middleweight
Middleweight
Super middleweight
Light heavyweight",Fernand Marcotte,19,Win,19–0,TKO,"8 (10), 2:33","Feb 11, 1979","Convention Center, Miami Beach, Florida, U.S.",,,
Sugar Ray Leonard,5 ft 10 in (178 cm)[1],74 in (188 cm)[1],Orthodox,"Welterweight
Light middleweight
Middleweight
Super middleweight
Light heavyweight",Johnny Gant,18,Win,18–0,TKO,"8 (12), 2:57","Jan 11, 1979","Capital Centre, Landover, Maryland, U.S.",,,
Sugar Ray Leonard,5 ft 10 in (178 cm)[1],74 in (188 cm)[1],Orthodox,"Welterweight
Light middleweight
Middleweight
Super middleweight
Light heavyweight",Armando Muniz,17,Win,17–0,RTD,"6 (10), 3:00","Dec 9, 1978","Civic Center, Springfield, Massachusetts, U.S.",,,
Sugar Ray Leonard,5 ft 10 in (178 cm)[1],74 in (188 cm)[1],Orthodox,"Welterweight
Light middleweight
Middleweight
Super middleweight
Light heavyweight",Bernardo Prada,16,Win,16–0,UD,10,"Nov 3, 1978","Cumberland County Civic Center, Portland, Maine, U.S.",,,
Sugar Ray Leonard,5 ft 10 in (178 cm)[1],74 in (188 cm)[1],Orthodox,"Welterweight
Light middleweight
Middleweight
Super middleweight
Light heavyweight",Randy Shields,15,Win,15–0,UD,10,"Oct 6, 1978","Civic Center, Baltimore, Maryland, U.S.",,,
Sugar Ray Leonard,5 ft 10 in (178 cm)[1],74 in (188 cm)[1],Orthodox,"Welterweight
Light middleweight
Middleweight
Super middleweight
Light heavyweight",Floyd Mayweather Sr.,14,Win,14–0,TKO,"10 (10), 2:16","Sep 9, 1978","Civic Center, Providence, Rhode Island, U.S.",,,
Sugar Ray Leonard,5 ft 10 in (178 cm)[1],74 in (188 cm)[1],Orthodox,"Welterweight
Light middleweight
Middleweight
Super middleweight
Light heavyweight",Dicky Eklund,13,Win,13–0,UD,10,"Jul 18, 1978","John B. Hynes Memorial Auditorium, Boston, Massachusetts, U.S.",,,
Sugar Ray Leonard,5 ft 10 in (178 cm)[1],74 in (188 cm)[1],Orthodox,"Welterweight
Light middleweight
Middleweight
Super middleweight
Light heavyweight",Rafael Rodriguez,12,Win,12–0,UD,10,"Jun 3, 1978","Civic Center, Baltimore, Maryland, U.S.",,,
Sugar Ray Leonard,5 ft 10 in (178 cm)[1],74 in (188 cm)[1],Orthodox,"Welterweight
Light middleweight
Middleweight
Super middleweight
Light heavyweight",Randy Milton,11,Win,11–0,TKO,"8 (10), 2:55","May 13, 1978","Memorial Auditorium, Utica, New York, U.S.",,,
Sugar Ray Leonard,5 ft 10 in (178 cm)[1],74 in (188 cm)[1],Orthodox,"Welterweight
Light middleweight
Middleweight
Super middleweight
Light heavyweight",Bobby Haymon,10,Win,10–0,RTD,3 (10),"Apr 13, 1978","Capital Centre, Landover, Maryland, U.S.",,,
Sugar Ray Leonard,5 ft 10 in (178 cm)[1],74 in (188 cm)[1],Orthodox,"Welterweight
Light middleweight
Middleweight
Super middleweight
Light heavyweight",Javier Muniz,9,Win,9–0,KO,"1 (8), 2:45","Mar 19, 1978","Veterans Memorial Coliseum, New Haven, Connecticut, U.S.",,,
Sugar Ray Leonard,5 ft 10 in (178 cm)[1],74 in (188 cm)[1],Orthodox,"Welterweight
Light middleweight
Middleweight
Super middleweight
Light heavyweight",Art McKnight,8,Win,8–0,TKO,"7 (8), 1:52","Mar 1, 1978","Hara Arena, Dayton, Ohio, U.S.",,,
Sugar Ray Leonard,5 ft 10 in (178 cm)[1],74 in (188 cm)[1],Orthodox,"Welterweight
Light middleweight
Middleweight
Super middleweight
Light heavyweight",Rocky Ramon,7,Win,7–0,UD,8,"Feb 4, 1978","Civic Center, Baltimore, Maryland, U.S.",,,
Sugar Ray Leonard,5 ft 10 in (178 cm)[1],74 in (188 cm)[1],Orthodox,"Welterweight
Light middleweight
Middleweight
Super middleweight
Light heavyweight",Hector Diaz,6,Win,6–0,KO,"2 (8), 2:20","Dec 17, 1977","D.C. Armory, Washington, D.C., U.S.",,,
Sugar Ray Leonard,5 ft 10 in (178 cm)[1],74 in (188 cm)[1],Orthodox,"Welterweight
Light middleweight
Middleweight
Super middleweight
Light heavyweight",Augustin Estrada,5,Win,5–0,KO,"6 (8), 1:54","Nov 5, 1977","Caesars Palace, Paradise, Nevada, U.S.",,,
Sugar Ray Leonard,5 ft 10 in (178 cm)[1],74 in (188 cm)[1],Orthodox,"Welterweight
Light middleweight
Middleweight
Super middleweight
Light heavyweight",Frank Santore,4,Win,4–0,KO,"5 (8), 2:55","Sep 24, 1977","Civic Center, Baltimore, Maryland, U.S.",,,
Sugar Ray Leonard,5 ft 10 in (178 cm)[1],74 in (188 cm)[1],Orthodox,"Welterweight
Light middleweight
Middleweight
Super middleweight
Light heavyweight",Vinnie DeBarros,3,Win,3–0,TKO,"3 (6), 1:59","Jun 10, 1977","Civic Center, Hartford, Connecticut, U.S.",,,
Sugar Ray Leonard,5 ft 10 in (178 cm)[1],74 in (188 cm)[1],Orthodox,"Welterweight
Light middleweight
Middleweight
Super middleweight
Light heavyweight",Willie Rodriguez,2,Win,2–0,UD,6,"May 14, 1977","Civic Center, Baltimore, Maryland, U.S.",,,
Sugar Ray Leonard,5 ft 10 in (178 cm)[1],74 in (188 cm)[1],Orthodox,"Welterweight
Light middleweight
Middleweight
Super middleweight
Light heavyweight",Luis Vega,1,Win,1–0,UD,6,"Feb 5, 1977","Civic Center, Baltimore, Maryland, U.S.",,,
Roy Jones Jr,,,,,Anthony Pettis,76,Loss,66–10,MD,8,"Apr 1, 2023","Fiserv Forum, Milwaukee, Wisconsin, U.S.",,"54 years, 75 days",
Roy Jones Jr,,,,,Scott Sigmon,75,Win,66–9,UD,10,"Feb 8, 2018","Bay Center, Pensacola, Florida, U.S.",Won vacant WBU (German version) cruiserweight title,"49 years, 23 days",
Roy Jones Jr,,,,,Bobby Gunn,74,Win,65–9,TKO,"8 (12), 0:07","Feb 17, 2017","Chase Center, Wilmington, Delaware, U.S.",Won vacant WBF (Foundation) cruiserweight title,"48 years, 32 days",
Roy Jones Jr,,,,,Rodney Moore,73,Win,64–9,UD,10,"Aug 13, 2016","Bay Center, Pensacola, Florida, U.S.",,"47 years, 210 days",
Roy Jones Jr,,,,,Vyron Phillips,72,Win,63–9,TKO,"2 (6), 2:30","Mar 20, 2016","Celebrity Theatre, Phoenix, Arizona, U.S.",,"47 years, 64 days",
Roy Jones Jr,,,,,Enzo Maccarinelli,71,Loss,62–9,KO,"4 (10), 1:59","Dec 12, 2015","VTB Ice Palace, Moscow, Russia",,"46 years, 330 days",
Roy Jones Jr,,,,,Eric Watkins,70,Win,62–8,KO,"6 (10), 2:59","Aug 16, 2015","Foxwoods Resort Casino, Ledyard, Connecticut, U.S.",,"46 years, 212 days",
Roy Jones Jr,,,,,Paul Vasquez,69,Win,61–8,TKO,"1 (12), 3:00","Mar 28, 2015","Bay Center, Pensacola, Florida, U.S.",Retained WBU (German version) cruiserweight title,"46 years, 71 days",
Roy Jones Jr,,,,,Willie Williams,68,Win,60–8,TKO,"2 (10), 2:38","Mar 6, 2015","Cabarrus Arena, Concord, North Carolina, U.S.",,"46 years, 49 days",
Roy Jones Jr,,,,,Hany Atiyo,67,Win,59–8,KO,"1 (12), 1:15","Sep 26, 2014","Basket-Hall, Krasnodar, Russia",Retained WBU (German version) cruiserweight title,"45 years, 253 days",
Roy Jones Jr,,,,,Courtney Fry,66,Win,58–8,RTD,"5 (12), 3:00","Jul 26, 2014","Ķīpsala International Exhibition Centre, Riga, Latvia",Retained WBU (German version) cruiserweight title,"45 years, 191 days",
Roy Jones Jr,,,,,Zine Eddine Benmakhlouf,65,Win,57–8,UD,12,"Dec 21, 2013","Krylatskoye Sports Palace, Moscow, Russia",Won vacant WBU (German version) cruiserweight title,"44 years, 339 days",
Roy Jones Jr,,,,,Paweł Głażewski,64,Win,56–8,SD,10,"Jun 30, 2012","Atlas Arena, Łódź, Poland",,"43 years, 166 days",
Roy Jones Jr,,,,,Max Alexander,63,Win,55–8,UD,10,"Dec 10, 2011","Civic Center, Atlanta, Georgia, U.S.",Won vacant UBO Intercontinental cruiserweight title,"42 years, 328 days",
Roy Jones Jr,,,,,Denis Lebedev,62,Loss,54–8,KO,"10 (10), 2:58","May 21, 2011","Krylatskoye Sports Palace, Moscow, Russia",,"42 years, 125 days",
Roy Jones Jr,,,,,Bernard Hopkins,61,Loss,54–7,UD,12,"Apr 3, 2010","Mandalay Bay Events Center, Paradise, Nevada, U.S.",,"41 years, 77 days",
Roy Jones Jr,,,,,Danny Green,60,Loss,54–6,TKO,"1 (12), 2:02","Dec 2, 2009","Acer Arena, Sydney, Australia",For IBO cruiserweight title,"40 years, 320 days",
Roy Jones Jr,,,,,Jeff Lacy,59,Win,54–5,RTD,"10 (12), 3:00","Aug 15, 2009","Coast Coliseum, Biloxi, Mississippi, U.S.",Retained WBO–NABO light heavyweight title,"40 years, 211 days",
Roy Jones Jr,,,,,Omar Sheika,58,Win,53–5,TKO,"5 (12), 1:45","Mar 21, 2009","Civic Center, Pensacola, Florida, U.S.",Won vacant WBO–NABO light heavyweight title,"40 years, 64 days",
Roy Jones Jr,,,,,Joe Calzaghe,57,Loss,52–5,UD,12,"Nov 8, 2008","Madison Square Garden, New York City, New York, U.S.",For The Ring light heavyweight title,"39 years, 297 days",
Roy Jones Jr,,,,,Félix Trinidad,56,Win,52–4,UD,12,"Jan 19, 2008","Madison Square Garden, New York City, New York, U.S.",,"39 years, 3 days",
Roy Jones Jr,,,,,Anthony Hanshaw,55,Win,51–4,UD,12,"Jul 14, 2007","Coast Coliseum, Biloxi, Mississippi, U.S.",Won vacant IBC light heavyweight title,"38 years, 179 days",
Roy Jones Jr,,,,,Prince Badi Ajamu,54,Win,50–4,UD,12,"Jul 29, 2006","Qwest Arena, Boise, Idaho, U.S.",Won WBO–NABO light heavyweight title,"37 years, 194 days",
Roy Jones Jr,,,,,Antonio Tarver,53,Loss,49–4,UD,12,"Oct 1, 2005","St. Pete Times Forum, Tampa, Florida, U.S.",For IBO and The Ring light heavyweight titles,"36 years, 258 days",
Roy Jones Jr,,,,,Glen Johnson,52,Loss,49–3,KO,"9 (12), 0:48","Sep 25, 2004","FedExForum, Memphis, Tennessee, U.S.",For IBF light heavyweight title,"35 years, 253 days",
Roy Jones Jr,,,,,Antonio Tarver,51,Loss,49–2,TKO,"2 (12), 1:41","May 15, 2004","Mandalay Bay Events Center, Paradise, Nevada, U.S.","Lost WBA (Unified), WBC, IBO, IBA and The Ring light heavyweight titles; For vacant WBF (Foundation) light heavyweight title","35 years, 120 days",
Roy Jones Jr,,,,,Antonio Tarver,50,Win,49–1,MD,12,"Nov 8, 2003","Mandalay Bay Events Center, Paradise, Nevada, U.S.",Retained IBO and The Ring light heavyweight titles; Won WBC and vacant WBA (Unified) light heavyweight titles,"34 years, 296 days",
Roy Jones Jr,,,,,John Ruiz,49,Win,48–1,UD,12,"Mar 1, 2003","Thomas & Mack Center, Paradise, Nevada, U.S.",Won WBA heavyweight title,"34 years, 44 days",
Roy Jones Jr,,,,,Clinton Woods,48,Win,47–1,TKO,"6 (12), 1:29","Sep 7, 2002","Rose Garden, Portland, Oregon, U.S.","Retained WBA (Unified), WBC, IBF, IBO, WBF (Federation), NBA, IBA and The Ring light heavyweight titles","33 years, 234 days",
Roy Jones Jr,,,,,Glen Kelly,47,Win,46–1,KO,"7 (12), 1:55","Feb 2, 2002","American Airlines Arena, Miami, Florida, U.S.","Retained WBA (Super), WBC, IBF, IBO, WBF (Federation), NBA, IBA and The Ring light heavyweight titles","33 years, 17 days",
Roy Jones Jr,,,,,Julio César González,46,Win,45–1,UD,12,"Jul 28, 2001","Staples Center, Los Angeles, California, U.S.","Retained WBA (Super), WBC, IBF, NBA and IBO light heavyweight titles; Won vacant WBF (Federation) and IBA light heavyweight titles","32 years, 193 days",
Roy Jones Jr,,,,,Derrick Harmon,45,Win,44–1,RTD,"10 (12), 3:00","Feb 24, 2001","Ice Palace, Tampa, Florida, U.S.","Retained WBA (Super), WBC, IBF and IBO light heavyweight titles; Won vacant NBA light heavyweight title","32 years, 39 days",
Roy Jones Jr,,,,,Eric Harding,44,Win,43–1,RTD,"10 (12), 3:00","Sep 9, 2000","New Orleans Arena, New Orleans, Louisiana, U.S.","Retained WBA, WBC, IBF and IBO light heavyweight titles","31 years, 237 days",
Roy Jones Jr,,,,,Richard Hall,43,Win,42–1,TKO,"11 (12), 1:41","May 13, 2000","Conseco Fieldhouse, Indianapolis, Indiana, U.S.","Retained WBA, WBC, IBF and IBO light heavyweight titles","31 years, 118 days",
Roy Jones Jr,,,,,David Telesco,42,Win,41–1,UD,12,"Jan 15, 2000","Radio City Music Hall, New York City, New York, U.S.","Retained WBA, WBC, IBF and IBO light heavyweight titles","30 years, 364 days",
Roy Jones Jr,,,,,Reggie Johnson,41,Win,40–1,UD,12,"Jun 5, 1999","Grand Casino, Biloxi, Mississippi, U.S.",Retained WBA and WBC light heavyweight titles; Won IBF light heavyweight title,"30 years, 140 days",
Roy Jones Jr,,,,,Richard Frazier,40,Win,39–1,TKO,"2 (12), 2:59","Jan 9, 1999","Civic Center, Pensacola, Florida, U.S.",Retained WBA and WBC light heavyweight titles,"29 years, 358 days",
Roy Jones Jr,,,,,Otis Grant,39,Win,38–1,TKO,"10 (12), 1:18","Nov 14, 1998","Foxwoods Resort Casino, Ledyard, Connecticut, U.S.",Retained WBA and WBC light heavyweight titles,"29 years, 302 days",
Roy Jones Jr,,,,,Lou Del Valle,38,Win,37–1,UD,12,"Jul 18, 1998","Madison Square Garden, New York City, New York, U.S.",Retained WBC light heavyweight title; Won WBA light heavyweight title,"29 years, 183 days",
Roy Jones Jr,,,,,Virgil Hill,37,Win,36–1,KO,"4 (12), 1:10","Apr 25, 1998","Coast Coliseum, Biloxi, Mississippi, U.S.",,"29 years, 99 days",
Roy Jones Jr,,,,,Montell Griffin,36,Win,35–1,KO,"1 (12), 2:31","Aug 7, 1997","Foxwoods Resort Casino, Ledyard, Connecticut, U.S.",Won WBC light heavyweight title,"28 years, 203 days",
Roy Jones Jr,,,,,Montell Griffin,35,Loss,34–1,DQ,"9 (12), 2:27","Mar 21, 1997","Etess Arena, Atlantic City, New Jersey, U.S.",Lost WBC light heavyweight title; Jones disqualified for hitting Griffin after a knockdown,"28 years, 64 days",
Roy Jones Jr,,,,,Mike McCallum,34,Win,34–0,UD,12,"Nov 22, 1996","Ice Palace, Tampa, Florida, U.S.",Won vacant WBC interim light heavyweight title,"27 years, 311 days",
Roy Jones Jr,,,,,Bryant Brannon,33,Win,33–0,TKO,"2 (12), 2:23","Oct 4, 1996","Madison Square Garden, New York City, New York, U.S.",Retained IBF super middleweight title,"27 years, 262 days",
Roy Jones Jr,,,,,Éric Lucas,32,Win,32–0,RTD,"11 (12), 3:00","Jun 15, 1996","Coliseum, Jacksonville, Florida, U.S.",Retained IBF super middleweight title,"27 years, 151 days",
Roy Jones Jr,,,,,Merqui Sosa,31,Win,31–0,TKO,"2 (12), 2:36","Jan 12, 1996","Madison Square Garden, New York City, New York, U.S.",,"26 years, 361 days",
Roy Jones Jr,,,,,Tony Thornton,30,Win,30–0,TKO,"3 (12), 0:45","Sep 30, 1995","Civic Center, Pensacola, Florida, U.S.",Retained IBF super middleweight title,"26 years, 257 days",
Roy Jones Jr,,,,,Vinny Pazienza,29,Win,29–0,TKO,"6 (12), 2:58","Jun 24, 1995","Convention Hall, Atlantic City, New Jersey, U.S.",Retained IBF super middleweight title,"26 years, 159 days",
Roy Jones Jr,,,,,Antoine Byrd,28,Win,28–0,TKO,"1 (12), 2:06","Mar 18, 1995","Civic Center, Pensacola, Florida, U.S.",Retained IBF super middleweight title,"26 years, 61 days",
Roy Jones Jr,,,,,James Toney,27,Win,27–0,UD,12,"Nov 18, 1994","MGM Grand Garden Arena, Paradise, Nevada, U.S.",Won IBF super middleweight title,"25 years, 306 days",
Roy Jones Jr,,,,,Thomas Tate,26,Win,26–0,TKO,"2 (12), 0:30","May 27, 1994","MGM Grand Garden Arena, Paradise, Nevada, U.S.",Retained IBF middleweight title,"25 years, 131 days",
Roy Jones Jr,,,,,Danny Garcia,25,Win,25–0,KO,"6 (10), 2:59","Mar 22, 1994","University of West Florida, Pensacola, Florida, U.S.",,"25 years, 65 days",
Roy Jones Jr,,,,,Fermin Chirino,24,Win,24–0,UD,10,"Nov 30, 1993","Civic Center, Pensacola, Florida, U.S.",,"24 years, 318 days",
Roy Jones Jr,,,,,Thulani Malinga,23,Win,23–0,KO,"6 (10), 1:57","Aug 14, 1993","Casino Magic, Bay St. Louis, Mississippi, U.S.",,"24 years, 210 days",
Roy Jones Jr,,,,,Bernard Hopkins,22,Win,22–0,UD,12,"May 22, 1993","Robert F. Kennedy Memorial Stadium, Washington, D.C., U.S.",Won vacant IBF middleweight title,"24 years, 126 days",
Roy Jones Jr,,,,,Glenn Wolfe,21,Win,21–0,TKO,"1 (10), 2:23","Feb 13, 1993","Caesars Palace, Paradise, Nevada, U.S.",,"24 years, 28 days",
Roy Jones Jr,,,,,Percy Harris,20,Win,20–0,TKO,"4 (12), 3:00","Dec 5, 1992","Etess Arena, Atlantic City, New Jersey, U.S.",Won vacant WBC Continental Americas super middleweight title,"23 years, 324 days",
Roy Jones Jr,,,,,Glenn Thomas,19,Win,19–0,TKO,"8 (10), 3:00","Aug 18, 1992","Bayfront Auditorium, Pensacola, Florida, U.S.",,"23 years, 215 days",
Roy Jones Jr,,,,,Jorge Castro,18,Win,18–0,UD,10,"Jun 30, 1992","Civic Center, Pensacola, Florida, U.S.",,"23 years, 166 days",
Roy Jones Jr,,,,,Art Serwano,17,Win,17–0,KO,"1 (10), 1:40","Apr 3, 1992","Convention Center, Reno, Nevada, U.S.",,"23 years, 78 days",
Roy Jones Jr,,,,,Jorge Vaca,16,Win,16–0,KO,"1 (10), 1:45","Jan 10, 1992","Paramount Theatre, New York City, New York, U.S.",,"22 years, 359 days",
Roy Jones Jr,,,,,Lester Yarbrough,15,Win,15–0,KO,9 (10),"Aug 31, 1991","Interstate Fairgrounds, Pensacola, Florida, U.S.",,"22 years, 227 days",
Roy Jones Jr,,,,,Kevin Daigle,14,Win,14–0,TKO,2 (10),"Aug 3, 1991","Interstate Fairgrounds, Pensacola, Florida, U.S.",,"22 years, 199 days",
Roy Jones Jr,,,,,Eddie Evans,13,Win,13–0,TKO,3 (10),"Apr 13, 1991","Interstate Fairgrounds, Pensacola, Florida, U.S.",,"22 years, 87 days",
Roy Jones Jr,,,,,Ricky Stackhouse,12,Win,12–0,KO,"1 (10), 0:46","Jan 31, 1991","Bayfront Auditorium, Pensacola, Florida, U.S.",,"22 years, 15 days",
Roy Jones Jr,,,,,Reggie Miller,11,Win,11–0,TKO,5 (10),"Nov 8, 1990","Bayfront Auditorium, Pensacola, Florida, U.S.",,"21 years, 296 days",
Roy Jones Jr,,,,,Rollin Williams,10,Win,10–0,KO,"4 (10), 2:56","Sep 25, 1990","Bayfront Auditorium, Pensacola, Florida, U.S.",,"21 years, 252 days",
Roy Jones Jr,,,,,Tony Waddles,9,Win,9–0,KO,"1 (10), 2:02","Jul 14, 1990","Bayfront Auditorium, Pensacola, Florida, U.S.",Waddles was billed as Derwin Richards,"21 years, 179 days",
Roy Jones Jr,,,,,Ron Johnson,8,Win,8–0,KO,"2 (10), 2:28","May 11, 1990","Bayfront Auditorium, Pensacola, Florida, U.S.",,"21 years, 115 days",
Roy Jones Jr,,,,,Knox Brown,7,Win,7–0,TKO,"3 (10), 2:20","Mar 28, 1990","Interstate Fairgrounds, Pensacola, Florida, U.S.",,"21 years, 71 days",
Roy Jones Jr,,,,,Billy Mitchem,6,Win,6–0,TKO,"2 (8), 2:57","Feb 28, 1990","Interstate Fairgrounds, Pensacola, Florida, U.S.",,"21 years, 43 days",
Roy Jones Jr,,,,,Joe Edens,5,Win,5–0,KO,"2 (8), 2:05","Jan 8, 1990","County Fairgrounds, Mobile, Alabama, U.S.",,"20 years, 357 days",
Roy Jones Jr,,,,,David McCluskey,4,Win,4–0,TKO,"3 (8), 2:00","Nov 30, 1989","Bayfront Auditorium, Pensacola, Florida, U.S.",,"20 years, 318 days",
Roy Jones Jr,,,,,Ron Amundsen,3,Win,3–0,TKO,"7 (8), 2:43","Sep 3, 1989","Civic Center, Pensacola, Florida, U.S.",,"20 years, 230 days",
Roy Jones Jr,,,,,Stephan Johnson,2,Win,2–0,TKO,"8 (8), 2:04","Jun 11, 1989","Trump Plaza Hotel and Casino, Atlantic City, New Jersey, U.S.",,"20 years, 146 days",
Roy Jones Jr,,,,,Ricky Randall,1,Win,1–0,TKO,"2 (8), 2:46","May 6, 1989","Civic Center, Pensacola, Florida, U.S.",,"20 years, 110 days",
Felix Trinidad,5 ft 11 in (180 cm)[1],72 in (183 cm)[1],Orthodox,"Welterweight
Light middleweight
Middleweight",Roy Jones Jr.,45,Loss,42–3,UD,12,"Jan 19, 2008","Madison Square Garden, New York City, New York, U.S.",,,
Felix Trinidad,5 ft 11 in (180 cm)[1],72 in (183 cm)[1],Orthodox,"Welterweight
Light middleweight
Middleweight",Winky Wright,44,Loss,42–2,UD,12,"May 14, 2005","MGM Grand Garden Arena, Paradise, Nevada, U.S.",WBC Middleweight Title Eliminator,,
Felix Trinidad,5 ft 11 in (180 cm)[1],72 in (183 cm)[1],Orthodox,"Welterweight
Light middleweight
Middleweight",Ricardo Mayorga,43,Win,42–1,TKO,"8 (12), 2:39","Oct 2, 2004","Madison Square Garden, New York City, New York, U.S.",Won vacant NABC middleweight title,,
Felix Trinidad,5 ft 11 in (180 cm)[1],72 in (183 cm)[1],Orthodox,"Welterweight
Light middleweight
Middleweight",Hacine Cherifi,42,Win,41–1,TKO,"4 (10), 2:32","May 11, 2002","Roberto Clemente Coliseum, San Juan, Puerto Rico",,,
Felix Trinidad,5 ft 11 in (180 cm)[1],72 in (183 cm)[1],Orthodox,"Welterweight
Light middleweight
Middleweight",Bernard Hopkins,41,Loss,40–1,TKO,"12 (12), 1:18","Sep 29, 2001","Madison Square Garden, New York City, New York, U.S.","Lost WBA middleweight title; For WBC, IBF, and vacant The Ring middleweight titles",,
Felix Trinidad,5 ft 11 in (180 cm)[1],72 in (183 cm)[1],Orthodox,"Welterweight
Light middleweight
Middleweight",William Joppy,40,Win,40–0,TKO,"5 (12), 2:25","May 12, 2001","Madison Square Garden, New York City, New York, U.S.",Won WBA middleweight title,,
Felix Trinidad,5 ft 11 in (180 cm)[1],72 in (183 cm)[1],Orthodox,"Welterweight
Light middleweight
Middleweight",Fernando Vargas,39,Win,39–0,TKO,"12 (12), 1:33","Dec 2, 2000","Mandalay Bay Events Center, Paradise, Nevada, U.S.",Retained WBA light middleweight title; Won IBF light middleweight title,,
Felix Trinidad,5 ft 11 in (180 cm)[1],72 in (183 cm)[1],Orthodox,"Welterweight
Light middleweight
Middleweight",Mamadou Thiam,38,Win,38–0,TKO,"3 (12), 2:48","Jul 22, 2000","American Airlines Arena, Miami, Florida, U.S.",Retained WBA light middleweight title,,
Felix Trinidad,5 ft 11 in (180 cm)[1],72 in (183 cm)[1],Orthodox,"Welterweight
Light middleweight
Middleweight",David Reid,37,Win,37–0,UD,12,"Mar 3, 2000","Caesars Palace, Paradise, Nevada, U.S.",Won WBA light middleweight title,,
Felix Trinidad,5 ft 11 in (180 cm)[1],72 in (183 cm)[1],Orthodox,"Welterweight
Light middleweight
Middleweight",Oscar De La Hoya,36,Win,36–0,MD,12,"Sep 18, 1999","Mandalay Bay Events Center, Paradise, Nevada, U.S.",Retained IBF welterweight title; Won WBC welterweight title,,
Felix Trinidad,5 ft 11 in (180 cm)[1],72 in (183 cm)[1],Orthodox,"Welterweight
Light middleweight
Middleweight",Hugo Pineda,35,Win,35–0,KO,"4 (12), 2:53","May 29, 1999","Roberto Clemente Coliseum, San Juan, Puerto Rico",Retained IBF welterweight title,,
Felix Trinidad,5 ft 11 in (180 cm)[1],72 in (183 cm)[1],Orthodox,"Welterweight
Light middleweight
Middleweight",Pernell Whitaker,34,Win,34–0,UD,12,"Feb 20, 1999","Madison Square Garden, New York City, New York, U.S.",Retained IBF welterweight title,,
Felix Trinidad,5 ft 11 in (180 cm)[1],72 in (183 cm)[1],Orthodox,"Welterweight
Light middleweight
Middleweight",Mahenge Zulu,33,Win,33–0,KO,"4 (12), 2:20","Apr 3, 1998","Coliseo Rubén Rodríguez, Bayamón, Puerto Rico",Retained IBF welterweight title,,
Felix Trinidad,5 ft 11 in (180 cm)[1],72 in (183 cm)[1],Orthodox,"Welterweight
Light middleweight
Middleweight",Troy Waters,32,Win,32–0,KO,"1 (12), 2:50","Aug 23, 1997","Madison Square Garden, New York City, New York, U.S.",Retained IBF welterweight title,,
Felix Trinidad,5 ft 11 in (180 cm)[1],72 in (183 cm)[1],Orthodox,"Welterweight
Light middleweight
Middleweight",Kevin Lueshing,31,Win,31–0,TKO,"3 (12), 2:59","Jan 11, 1997","Nashville Arena, Nashville, Tennessee, U.S.",Retained IBF welterweight title,,
Felix Trinidad,5 ft 11 in (180 cm)[1],72 in (183 cm)[1],Orthodox,"Welterweight
Light middleweight
Middleweight",Ray Lovato,30,Win,30–0,TKO,"6 (12), 1:57","Sep 7, 1996","MGM Grand Garden Arena, Paradise, Nevada, U.S.",Retained IBF welterweight title,,
Felix Trinidad,5 ft 11 in (180 cm)[1],72 in (183 cm)[1],Orthodox,"Welterweight
Light middleweight
Middleweight",Freddie Pendleton,29,Win,29–0,KO,"5 (12), 1:30","May 18, 1996","The Mirage, Paradise, Nevada, U.S.",Retained IBF welterweight title,,
Felix Trinidad,5 ft 11 in (180 cm)[1],72 in (183 cm)[1],Orthodox,"Welterweight
Light middleweight
Middleweight",Rodney Moore,28,Win,28–0,RTD,"4 (12), 3:00","Feb 10, 1996","MGM Grand Garden Arena, Paradise, Nevada, U.S.",Retained IBF welterweight title,,
Felix Trinidad,5 ft 11 in (180 cm)[1],72 in (183 cm)[1],Orthodox,"Welterweight
Light middleweight
Middleweight",Larry Barnes,27,Win,27–0,TKO,"4 (12), 2:54","Nov 18, 1995","Convention Hall, Atlantic City, New Jersey, U.S.",Retained IBF welterweight title,,
Felix Trinidad,5 ft 11 in (180 cm)[1],72 in (183 cm)[1],Orthodox,"Welterweight
Light middleweight
Middleweight",Roger Turner,26,Win,26–0,TKO,"2 (12), 2:28","Apr 8, 1995","Caesars Palace, Paradise, Nevada, U.S.",Retained IBF welterweight title,,
Felix Trinidad,5 ft 11 in (180 cm)[1],72 in (183 cm)[1],Orthodox,"Welterweight
Light middleweight
Middleweight",Oba Carr,25,Win,25–0,TKO,"8 (12), 2:41","Dec 10, 1994","Estadio de Béisbol, Monterrey, Mexico",Retained IBF welterweight title,,
Felix Trinidad,5 ft 11 in (180 cm)[1],72 in (183 cm)[1],Orthodox,"Welterweight
Light middleweight
Middleweight",Luis Ramon Campas,24,Win,24–0,TKO,"4 (12), 2:41","Sep 17, 1994","MGM Grand Garden Arena, Paradise, Nevada, U.S.",Retained IBF welterweight title,,
Felix Trinidad,5 ft 11 in (180 cm)[1],72 in (183 cm)[1],Orthodox,"Welterweight
Light middleweight
Middleweight",Héctor Camacho,23,Win,23–0,UD,12,"Jan 29, 1994","MGM Grand Garden Arena, Paradise, Nevada, U.S.",Retained IBF welterweight title,,
Felix Trinidad,5 ft 11 in (180 cm)[1],72 in (183 cm)[1],Orthodox,"Welterweight
Light middleweight
Middleweight",Anthony Stephens,22,Win,22–0,KO,"10 (12), 2:09","Oct 23, 1993","Broward County Convention Center, Fort Lauderdale, Florida, U.S.",Retained IBF welterweight title,,
Felix Trinidad,5 ft 11 in (180 cm)[1],72 in (183 cm)[1],Orthodox,"Welterweight
Light middleweight
Middleweight",Luis Garcia,21,Win,21–0,TKO,"1 (12), 2:31","Aug 6, 1993","Coliseo Rubén Rodríguez, Bayamón, Puerto Rico",Retained IBF welterweight title,,
Felix Trinidad,5 ft 11 in (180 cm)[1],72 in (183 cm)[1],Orthodox,"Welterweight
Light middleweight
Middleweight",Maurice Blocker,20,Win,20–0,KO,"2 (12), 1:49","Jun 19, 1993","Sports Arena, San Diego, California, U.S.",Won IBF welterweight title,,
Felix Trinidad,5 ft 11 in (180 cm)[1],72 in (183 cm)[1],Orthodox,"Welterweight
Light middleweight
Middleweight",Colin Tomlinson,19,Win,19–0,KO,"1 (10), 2:41","May 8, 1993","Condado, San Juan, Puerto Rico",,,
Felix Trinidad,5 ft 11 in (180 cm)[1],72 in (183 cm)[1],Orthodox,"Welterweight
Light middleweight
Middleweight",Pedro Aguirre,18,Win,18–0,TKO,4 (10),"Feb 20, 1993","Estadio Azteca, Mexico City, Mexico",,,
Felix Trinidad,5 ft 11 in (180 cm)[1],72 in (183 cm)[1],Orthodox,"Welterweight
Light middleweight
Middleweight",Henry Hughes,17,Win,17–0,TKO,1 (10),"Feb 13, 1993","Roberto Clemente Coliseum, San Juan, Puerto Rico",,,
Felix Trinidad,5 ft 11 in (180 cm)[1],72 in (183 cm)[1],Orthodox,"Welterweight
Light middleweight
Middleweight",Alberto de las Mercedes Cortes,16,Win,16–0,TKO,3 (10),"Oct 3, 1992","Cirque d'hiver, Paris, France",,,
Felix Trinidad,5 ft 11 in (180 cm)[1],72 in (183 cm)[1],Orthodox,"Welterweight
Light middleweight
Middleweight",Joseph Alexander,15,Win,15–0,KO,1 (10),"Jul 18, 1992","San Juan, Puerto Rico",,,
Felix Trinidad,5 ft 11 in (180 cm)[1],72 in (183 cm)[1],Orthodox,"Welterweight
Light middleweight
Middleweight",Raul Gonzalez,14,Win,14–0,TKO,4 (10),"May 3, 1992","Cayey, Puerto Rico",,,
Felix Trinidad,5 ft 11 in (180 cm)[1],72 in (183 cm)[1],Orthodox,"Welterweight
Light middleweight
Middleweight",Jake Rodriguez,13,Win,13–0,UD,10,"Dec 6, 1991","Sands Hotel, Bayamón, Puerto Rico",,,
Felix Trinidad,5 ft 11 in (180 cm)[1],72 in (183 cm)[1],Orthodox,"Welterweight
Light middleweight
Middleweight",Lorenzo Bouie,12,Win,12–0,TKO,"1 (10), 2:40","Oct 25, 1991","Mahi Temple Shriners Auditorium, Miami, Florida, U.S.",,,
Felix Trinidad,5 ft 11 in (180 cm)[1],72 in (183 cm)[1],Orthodox,"Welterweight
Light middleweight
Middleweight",Darren McGrew,11,Win,11–0,UD,10,"Jul 10, 1991","Caribe Hilton Hotel, San Juan, Puerto Rico",,,
Felix Trinidad,5 ft 11 in (180 cm)[1],72 in (183 cm)[1],Orthodox,"Welterweight
Light middleweight
Middleweight",Manuel Salas,10,Win,10–0,TKO,"5 (10), 2:27","Jun 21, 1991","Tamiami Park, Miami, Florida, U.S.",,,
Felix Trinidad,5 ft 11 in (180 cm)[1],72 in (183 cm)[1],Orthodox,"Welterweight
Light middleweight
Middleweight",Felix Vasquez,9,Win,9–0,TKO,3 (8),"May 1, 1991","San Juan, Puerto Rico",,,
Felix Trinidad,5 ft 11 in (180 cm)[1],72 in (183 cm)[1],Orthodox,"Welterweight
Light middleweight
Middleweight",Noe Rivera,8,Win,8–0,TKO,"1 (6), 2:54","Mar 13, 1991","San Juan, Puerto Rico",,,
Felix Trinidad,5 ft 11 in (180 cm)[1],72 in (183 cm)[1],Orthodox,"Welterweight
Light middleweight
Middleweight",Luis Felipe Perez,7,Win,7–0,TKO,"2 (6), 2:01","Nov 13, 1990","El San Juan Hotel & Casino, San Juan, Puerto Rico",,,
Felix Trinidad,5 ft 11 in (180 cm)[1],72 in (183 cm)[1],Orthodox,"Welterweight
Light middleweight
Middleweight",Valentin Ocasio,6,Win,6–0,UD,6,"Oct 3, 1990","El San Juan Hotel & Casino, San Juan, Puerto Rico",,,
Felix Trinidad,5 ft 11 in (180 cm)[1],72 in (183 cm)[1],Orthodox,"Welterweight
Light middleweight
Middleweight",Jose Vilarino,5,Win,5–0,KO,2 (6),"Sep 6, 1990","El San Juan Hotel & Casino, San Juan, Puerto Rico",,,
Felix Trinidad,5 ft 11 in (180 cm)[1],72 in (183 cm)[1],Orthodox,"Welterweight
Light middleweight
Middleweight",Omar Victoriano Alegre,4,Win,4–0,TKO,5 (8),"Jul 27, 1990","Outdoor Arena, Capo d'Orlando, Italy",,,
Felix Trinidad,5 ft 11 in (180 cm)[1],72 in (183 cm)[1],Orthodox,"Welterweight
Light middleweight
Middleweight",William Lopez,3,Win,3–0,TKO,1 (4),"Jun 21, 1990","El San Juan Resort & Casino, San Juan, Puerto Rico",,,
Felix Trinidad,5 ft 11 in (180 cm)[1],72 in (183 cm)[1],Orthodox,"Welterweight
Light middleweight
Middleweight",Israel Ponce,2,Win,2–0,TKO,2 (4),"Apr 7, 1990","Miramar, San Juan, Puerto Rico",,,
Felix Trinidad,5 ft 11 in (180 cm)[1],72 in (183 cm)[1],Orthodox,"Welterweight
Light middleweight
Middleweight",Angel Romero,1,Win,1–0,KO,2 (4),"Mar 10, 1990","Miramar, San Juan, Puerto Rico",,,
Mike Tyson,5 ft 10 in (178 cm)[1][2][nb 1],71 in (180 cm)[3],Orthodox,Heavyweight,Jake Paul,59,Loss,50–7 (2),UD,8,"Nov 15, 2024","AT&T Stadium, Arlington, Texas, U.S.",,"58 years, 138 days",
Mike Tyson,5 ft 10 in (178 cm)[1][2][nb 1],71 in (180 cm)[3],Orthodox,Heavyweight,Kevin McBride,58,Loss,50–6 (2),RTD,"6 (10), 3:00","Jun 11, 2005","MCI Center, Washington, D.C., U.S.",,"38 years, 346 days",
Mike Tyson,5 ft 10 in (178 cm)[1][2][nb 1],71 in (180 cm)[3],Orthodox,Heavyweight,Danny Williams,57,Loss,50–5 (2),KO,"4 (10), 2:51","Jul 30, 2004","Freedom Hall, Louisville, Kentucky, U.S.",,"38 years, 30 days",
Mike Tyson,5 ft 10 in (178 cm)[1][2][nb 1],71 in (180 cm)[3],Orthodox,Heavyweight,Clifford Etienne,56,Win,50–4 (2),KO,"1 (10), 0:49","Feb 22, 2003","The Pyramid, Memphis, Tennessee, U.S.",,"36 years, 237 days",
Mike Tyson,5 ft 10 in (178 cm)[1][2][nb 1],71 in (180 cm)[3],Orthodox,Heavyweight,Lennox Lewis,55,Loss,49–4 (2),KO,"8 (12), 2:25","Jun 8, 2002","The Pyramid, Memphis, Tennessee, U.S.","For WBC, IBF, IBO, and The Ring heavyweight titles","35 years, 343 days",
Mike Tyson,5 ft 10 in (178 cm)[1][2][nb 1],71 in (180 cm)[3],Orthodox,Heavyweight,Brian Nielsen,54,Win,49–3 (2),RTD,"6 (10), 3:00","Oct 13, 2001","Parken Stadium, Copenhagen, Denmark",,"35 years, 115 days",
Mike Tyson,5 ft 10 in (178 cm)[1][2][nb 1],71 in (180 cm)[3],Orthodox,Heavyweight,Andrew Golota,53,NC,48–3 (2),RTD,"3 (10), 3:00","Oct 20, 2000","The Palace, Auburn Hills, Michigan, U.S.","Originally RTD win for Tyson, later ruled NC after he failed a drug test for marijuana","34 years, 112 days",
Mike Tyson,5 ft 10 in (178 cm)[1][2][nb 1],71 in (180 cm)[3],Orthodox,Heavyweight,Lou Savarese,52,Win,48–3 (1),TKO,"1 (10), 0:38","Jun 24, 2000","Hampden Park, Glasgow, Scotland",,"33 years, 360 days",
Mike Tyson,5 ft 10 in (178 cm)[1][2][nb 1],71 in (180 cm)[3],Orthodox,Heavyweight,Julius Francis,51,Win,47–3 (1),TKO,"2 (10), 1:03","Jan 29, 2000","MEN Arena, Manchester, England",,"33 years, 213 days",
Mike Tyson,5 ft 10 in (178 cm)[1][2][nb 1],71 in (180 cm)[3],Orthodox,Heavyweight,Orlin Norris,50,NC,46–3 (1),NC,"1 (10), 3:00","Oct 23, 1999","MGM Grand Garden Arena, Paradise, Nevada, U.S.",Norris unable to continue after a Tyson foul,"33 years, 115 days",
Mike Tyson,5 ft 10 in (178 cm)[1][2][nb 1],71 in (180 cm)[3],Orthodox,Heavyweight,Francois Botha,49,Win,46–3,KO,"5 (10), 2:59","Jan 16, 1999","MGM Grand Garden Arena, Paradise, Nevada, U.S.",,"32 years, 200 days",
Mike Tyson,5 ft 10 in (178 cm)[1][2][nb 1],71 in (180 cm)[3],Orthodox,Heavyweight,Evander Holyfield,48,Loss,45–3,DQ,"3 (12), 3:00","Jun 28, 1997","MGM Grand Garden Arena, Paradise, Nevada, U.S.",For WBA heavyweight title; Tyson disqualified for biting,"30 years, 363 days",
Mike Tyson,5 ft 10 in (178 cm)[1][2][nb 1],71 in (180 cm)[3],Orthodox,Heavyweight,Evander Holyfield,47,Loss,45–2,TKO,"11 (12), 0:37","Nov 9, 1996","MGM Grand Garden Arena, Paradise, Nevada, U.S.",Lost WBA heavyweight title,"30 years, 132 days",
Mike Tyson,5 ft 10 in (178 cm)[1][2][nb 1],71 in (180 cm)[3],Orthodox,Heavyweight,Bruce Seldon,46,Win,45–1,TKO,"1 (12), 1:49","Sep 7, 1996","MGM Grand Garden Arena, Paradise, Nevada, U.S.",Won WBA heavyweight title,"30 years, 69 days",
Mike Tyson,5 ft 10 in (178 cm)[1][2][nb 1],71 in (180 cm)[3],Orthodox,Heavyweight,Frank Bruno,45,Win,44–1,TKO,"3 (12), 0:50","Mar 16, 1996","MGM Grand Garden Arena, Paradise, Nevada, U.S.",Won WBC heavyweight title,"29 years, 260 days",
Mike Tyson,5 ft 10 in (178 cm)[1][2][nb 1],71 in (180 cm)[3],Orthodox,Heavyweight,Buster Mathis Jr.,44,Win,43–1,KO,"3 (12), 2:32","Dec 16, 1995","CoreStates Spectrum, Philadelphia, Pennsylvania, U.S.",,"29 years, 169 days",
Mike Tyson,5 ft 10 in (178 cm)[1][2][nb 1],71 in (180 cm)[3],Orthodox,Heavyweight,Peter McNeeley,43,Win,42–1,DQ,"1 (10), 1:29","Aug 19, 1995","MGM Grand Garden Arena, Paradise, Nevada, U.S.",McNeeley disqualified after his manager entered the ring,"29 years, 50 days",
Mike Tyson,5 ft 10 in (178 cm)[1][2][nb 1],71 in (180 cm)[3],Orthodox,Heavyweight,Donovan Ruddock,42,Win,41–1,UD,12,"Jun 28, 1991","The Mirage, Paradise, Nevada, U.S.",,"24 years, 363 days",
Mike Tyson,5 ft 10 in (178 cm)[1][2][nb 1],71 in (180 cm)[3],Orthodox,Heavyweight,Donovan Ruddock,41,Win,40–1,TKO,"7 (12), 2:22","Mar 18, 1991","The Mirage, Paradise, Nevada, U.S.",,"24 years, 261 days",
Mike Tyson,5 ft 10 in (178 cm)[1][2][nb 1],71 in (180 cm)[3],Orthodox,Heavyweight,Alex Stewart,40,Win,39–1,TKO,"1 (10), 2:27","Dec 8, 1990","Convention Hall, Atlantic City, New Jersey, U.S.",,"24 years, 161 days",
Mike Tyson,5 ft 10 in (178 cm)[1][2][nb 1],71 in (180 cm)[3],Orthodox,Heavyweight,Henry Tillman,39,Win,38–1,KO,"1 (10), 2:47","Jun 16, 1990","Caesars Palace, Paradise, Nevada, U.S.",,"23 years, 351 days",
Mike Tyson,5 ft 10 in (178 cm)[1][2][nb 1],71 in (180 cm)[3],Orthodox,Heavyweight,Buster Douglas,38,Loss,37–1,KO,"10 (12), 1:22","Feb 11, 1990","Tokyo Dome, Tokyo, Japan","Lost WBA, WBC, and IBF heavyweight titles","23 years, 226 days",
Mike Tyson,5 ft 10 in (178 cm)[1][2][nb 1],71 in (180 cm)[3],Orthodox,Heavyweight,Carl Williams,37,Win,37–0,TKO,"1 (12), 1:33","Jul 21, 1989","Convention Hall, Atlantic City, New Jersey, U.S.","Retained WBA, WBC, IBF, and The Ring heavyweight titles","23 years, 21 days",
Mike Tyson,5 ft 10 in (178 cm)[1][2][nb 1],71 in (180 cm)[3],Orthodox,Heavyweight,Frank Bruno,36,Win,36–0,TKO,"5 (12), 2:55","Feb 25, 1989","Las Vegas Hilton, Winchester, Nevada, U.S.","Retained WBA, WBC, IBF, and The Ring heavyweight titles","22 years, 240 days",
Mike Tyson,5 ft 10 in (178 cm)[1][2][nb 1],71 in (180 cm)[3],Orthodox,Heavyweight,Michael Spinks,35,Win,35–0,KO,"1 (12), 1:31","Jun 27, 1988","Convention Hall, Atlantic City, New Jersey, U.S.","Retained WBA, WBC, and IBF heavyweight titles; Won The Ring heavyweight title","21 years, 363 days",
Mike Tyson,5 ft 10 in (178 cm)[1][2][nb 1],71 in (180 cm)[3],Orthodox,Heavyweight,Tony Tubbs,34,Win,34–0,TKO,"2 (12), 2:54","Mar 21, 1988","Tokyo Dome, Tokyo, Japan","Retained WBA, WBC, and IBF heavyweight titles","21 years, 265 days",
Mike Tyson,5 ft 10 in (178 cm)[1][2][nb 1],71 in (180 cm)[3],Orthodox,Heavyweight,Larry Holmes,33,Win,33–0,KO,"4 (12), 2:55","Jan 22, 1988","Convention Hall, Atlantic City, New Jersey, U.S.","Retained WBA, WBC, and IBF heavyweight titles","21 years, 186 days",
Mike Tyson,5 ft 10 in (178 cm)[1][2][nb 1],71 in (180 cm)[3],Orthodox,Heavyweight,Tyrell Biggs,32,Win,32–0,TKO,"7 (15), 2:59","Oct 16, 1987","Convention Hall, Atlantic City, New Jersey, U.S.","Retained WBA, WBC, and IBF heavyweight titles","21 years, 108 days",
Mike Tyson,5 ft 10 in (178 cm)[1][2][nb 1],71 in (180 cm)[3],Orthodox,Heavyweight,Tony Tucker,31,Win,31–0,UD,12,"Aug 1, 1987","Las Vegas Hilton, Winchester, Nevada, U.S.",Retained WBA and WBC heavyweight titles; Won IBF heavyweight title; Heavyweight unification series,"21 years, 32 days",
Mike Tyson,5 ft 10 in (178 cm)[1][2][nb 1],71 in (180 cm)[3],Orthodox,Heavyweight,Pinklon Thomas,30,Win,30–0,TKO,"6 (12), 2:00","May 30, 1987","Las Vegas Hilton, Winchester Nevada, U.S.",Retained WBA and WBC heavyweight titles; Heavyweight unification series,"20 years, 334 days",
Mike Tyson,5 ft 10 in (178 cm)[1][2][nb 1],71 in (180 cm)[3],Orthodox,Heavyweight,James Smith,29,Win,29–0,UD,12,"Mar 7, 1987","Las Vegas Hilton, Winchester, Nevada, U.S.",Retained WBC heavyweight title; Won WBA heavyweight title; Heavyweight unification series,"20 years, 250 days",
Mike Tyson,5 ft 10 in (178 cm)[1][2][nb 1],71 in (180 cm)[3],Orthodox,Heavyweight,Trevor Berbick,28,Win,28–0,TKO,"2 (12), 2:35","Nov 22, 1986","Las Vegas Hilton, Winchester, Nevada, U.S.",Won WBC heavyweight title,"20 years, 145 days",
Mike Tyson,5 ft 10 in (178 cm)[1][2][nb 1],71 in (180 cm)[3],Orthodox,Heavyweight,Alfonso Ratliff,27,Win,27–0,TKO,"2 (10), 1:41","Sep 6, 1986","Las Vegas Hilton, Winchester, Nevada, U.S.",,"20 years, 68 days",
Mike Tyson,5 ft 10 in (178 cm)[1][2][nb 1],71 in (180 cm)[3],Orthodox,Heavyweight,José Ribalta,26,Win,26–0,TKO,"10 (10), 1:37","Aug 17, 1986","Trump Plaza Hotel and Casino, Atlantic City, New Jersey, U.S.",,"20 years, 48 days",
Mike Tyson,5 ft 10 in (178 cm)[1][2][nb 1],71 in (180 cm)[3],Orthodox,Heavyweight,Marvis Frazier,25,Win,25–0,KO,"1 (10), 0:30","Jul 26, 1986","Civic Center, Glens Falls, New York, U.S.",,"20 years, 26 days",
Mike Tyson,5 ft 10 in (178 cm)[1][2][nb 1],71 in (180 cm)[3],Orthodox,Heavyweight,Lorenzo Boyd,24,Win,24–0,KO,"2 (10), 1:43","Jul 11, 1986","Stevensville Hotel, Swan Lake, New York, U.S.",,"20 years, 11 days",
Mike Tyson,5 ft 10 in (178 cm)[1][2][nb 1],71 in (180 cm)[3],Orthodox,Heavyweight,William Hosea,23,Win,23–0,KO,"1 (10), 2:03","Jun 28, 1986","Houston Field House, Troy, New York, U.S.",,"19 years, 363 days",
Mike Tyson,5 ft 10 in (178 cm)[1][2][nb 1],71 in (180 cm)[3],Orthodox,Heavyweight,Reggie Gross,22,Win,22–0,TKO,"1 (10), 2:36","Jun 13, 1986","Madison Square Garden, New York City, New York, U.S.",,"19 years, 348 days",
Mike Tyson,5 ft 10 in (178 cm)[1][2][nb 1],71 in (180 cm)[3],Orthodox,Heavyweight,Mitch Green,21,Win,21–0,UD,10,"May 20, 1986","Madison Square Garden, New York City, New York, U.S.",,"19 years, 324 days",
Mike Tyson,5 ft 10 in (178 cm)[1][2][nb 1],71 in (180 cm)[3],Orthodox,Heavyweight,James Tillis,20,Win,20–0,UD,10,"May 3, 1986","Civic Center, Glens Falls, New York, U.S.",,"19 years, 307 days",
Mike Tyson,5 ft 10 in (178 cm)[1][2][nb 1],71 in (180 cm)[3],Orthodox,Heavyweight,Steve Zouski,19,Win,19–0,KO,"3 (10), 2:39","Mar 10, 1986","Nassau Veterans Memorial Coliseum, Uniondale, New York, U.S.",,"19 years, 253 days",
Mike Tyson,5 ft 10 in (178 cm)[1][2][nb 1],71 in (180 cm)[3],Orthodox,Heavyweight,Jesse Ferguson,18,Win,18–0,TKO,"6 (10), 1:19","Feb 16, 1986","Houston Field House, Troy, New York, U.S.","Originally DQ win for Tyson, later ruled TKO","19 years, 231 days",
Mike Tyson,5 ft 10 in (178 cm)[1][2][nb 1],71 in (180 cm)[3],Orthodox,Heavyweight,Mike Jameson,17,Win,17–0,TKO,"5 (8), 0:46","Jan 24, 1986","Trump Plaza Hotel and Casino, Atlantic City, New Jersey, U.S.",,"19 years, 208 days",
Mike Tyson,5 ft 10 in (178 cm)[1][2][nb 1],71 in (180 cm)[3],Orthodox,Heavyweight,David Jaco,16,Win,16–0,TKO,"1 (10), 2:16","Jan 11, 1986","Plaza Convention Center, Albany, New York, U.S.",,"19 years, 195 days",
Mike Tyson,5 ft 10 in (178 cm)[1][2][nb 1],71 in (180 cm)[3],Orthodox,Heavyweight,Mark Young,15,Win,15–0,TKO,"1 (10), 0:50","Dec 27, 1985","Latham Coliseum, Latham, New York, U.S.",,"19 years, 180 days",
Mike Tyson,5 ft 10 in (178 cm)[1][2][nb 1],71 in (180 cm)[3],Orthodox,Heavyweight,Sammy Scaff,14,Win,14–0,TKO,"1 (10), 1:19","Dec 6, 1985","Felt Forum, New York City, New York, U.S.",,"19 years, 159 days",
Mike Tyson,5 ft 10 in (178 cm)[1][2][nb 1],71 in (180 cm)[3],Orthodox,Heavyweight,Conroy Nelson,13,Win,13–0,TKO,"2 (8), 0:30","Nov 22, 1985","Latham Coliseum, Latham, New York, U.S.",,"19 years, 145 days",
Mike Tyson,5 ft 10 in (178 cm)[1][2][nb 1],71 in (180 cm)[3],Orthodox,Heavyweight,Eddie Richardson,12,Win,12–0,KO,"1 (8), 1:17","Nov 13, 1985","Ramada Hotel, Houston, Texas, U.S.",,"19 years, 136 days",
Mike Tyson,5 ft 10 in (178 cm)[1][2][nb 1],71 in (180 cm)[3],Orthodox,Heavyweight,Sterling Benjamin,11,Win,11–0,TKO,"1 (8), 0:54","Nov 1, 1985","Latham Coliseum, Latham, New York, U.S.",,"19 years, 124 days",
Mike Tyson,5 ft 10 in (178 cm)[1][2][nb 1],71 in (180 cm)[3],Orthodox,Heavyweight,Robert Colay,10,Win,10–0,KO,"1 (8), 0:37","Oct 25, 1985","Atlantis Hotel and Casino, Atlantic City, New Jersey, U.S.",,"19 years, 117 days",
Mike Tyson,5 ft 10 in (178 cm)[1][2][nb 1],71 in (180 cm)[3],Orthodox,Heavyweight,Donnie Long,9,Win,9–0,TKO,"1 (6), 1:28","Oct 9, 1985","Trump Plaza Hotel and Casino, Atlantic City, New Jersey, U.S.",,"19 years, 101 days",
Mike Tyson,5 ft 10 in (178 cm)[1][2][nb 1],71 in (180 cm)[3],Orthodox,Heavyweight,Michael Johnson,8,Win,8–0,KO,"1 (6), 0:39","Sep 5, 1985","Atlantis Hotel and Casino, Atlantic City, New Jersey, U.S.",,"19 years, 67 days",
Mike Tyson,5 ft 10 in (178 cm)[1][2][nb 1],71 in (180 cm)[3],Orthodox,Heavyweight,Lorenzo Canady,7,Win,7–0,KO,"1 (6), 1:05","Aug 15, 1985","Steel Pier, Atlantic City, New Jersey, U.S.",,"19 years, 46 days",
Mike Tyson,5 ft 10 in (178 cm)[1][2][nb 1],71 in (180 cm)[3],Orthodox,Heavyweight,Larry Sims,6,Win,6–0,KO,"3 (6), 2:04","Jul 19, 1985","Mid-Hudson Civic Center, Poughkeepsie, New York, U.S.",,"19 years, 19 days",
Mike Tyson,5 ft 10 in (178 cm)[1][2][nb 1],71 in (180 cm)[3],Orthodox,Heavyweight,John Alderson,5,Win,5–0,TKO,"2 (6), 3:00","Jul 11, 1985","Trump Plaza Hotel and Casino, Atlantic City, New Jersey, U.S.",,"19 years, 11 days",
Mike Tyson,5 ft 10 in (178 cm)[1][2][nb 1],71 in (180 cm)[3],Orthodox,Heavyweight,Ricardo Spain,4,Win,4–0,TKO,"1 (6), 0:39","Jun 20, 1985","Steel Pier, Atlantic City, New Jersey, U.S.",,"18 years, 355 days",
Mike Tyson,5 ft 10 in (178 cm)[1][2][nb 1],71 in (180 cm)[3],Orthodox,Heavyweight,Don Halpin,3,Win,3–0,KO,"4 (6), 1:04","May 23, 1985","Albany, New York, U.S.",,"18 years, 327 days",
Mike Tyson,5 ft 10 in (178 cm)[1][2][nb 1],71 in (180 cm)[3],Orthodox,Heavyweight,Trent Singleton,2,Win,2–0,TKO,"1 (4), 0:52","Apr 10, 1985","Albany, New York, U.S.",,"18 years, 284 days",
Mike Tyson,5 ft 10 in (178 cm)[1][2][nb 1],71 in (180 cm)[3],Orthodox,Heavyweight,Hector Mercedes,1,Win,1–0,TKO,"1 (4), 1:47","Mar 6, 1985","Plaza Convention Center, Albany, New York, U.S.",,"18 years, 249 days",
Terence Crawford,5 ft 8 in (173 cm)[1],74 in (188 cm)[1],Southpaw[a],"Lightweight
Light welterweight
Welterweight
Light middleweight",Israil Madrimov,41,Win,41–0,UD,12,"Aug 3, 2024","BMO Stadium, Los Angeles, California, U.S.",Won WBA and vacant WBO interim light middleweight titles,,
Terence Crawford,5 ft 8 in (173 cm)[1],74 in (188 cm)[1],Southpaw[a],"Lightweight
Light welterweight
Welterweight
Light middleweight",Errol Spence Jr.,40,Win,40–0,TKO,"9 (12), 2:32","Jul 29, 2023","T-Mobile Arena, Paradise, Nevada, U.S.","Retained WBO welterweight title; Won WBA (Super), WBC, IBF, and vacant The Ring welterweight titles",,
Terence Crawford,5 ft 8 in (173 cm)[1],74 in (188 cm)[1],Southpaw[a],"Lightweight
Light welterweight
Welterweight
Light middleweight",David Avanesyan,39,Win,39–0,KO,"6 (12), 2:14","Dec 10, 2022","CHI Health Center, Omaha, Nebraska, U.S.",Retained WBO welterweight title,,
Terence Crawford,5 ft 8 in (173 cm)[1],74 in (188 cm)[1],Southpaw[a],"Lightweight
Light welterweight
Welterweight
Light middleweight",Shawn Porter,38,Win,38–0,TKO,"10 (12), 1:21","Nov 20, 2021","Michelob Ultra Arena, Paradise, Nevada, U.S.",Retained WBO welterweight title,,
Terence Crawford,5 ft 8 in (173 cm)[1],74 in (188 cm)[1],Southpaw[a],"Lightweight
Light welterweight
Welterweight
Light middleweight",Kell Brook,37,Win,37–0,TKO,"4 (12), 1:14","Nov 14, 2020","MGM Grand Conference Center, Paradise, Nevada, U.S.",Retained WBO welterweight title,,
Terence Crawford,5 ft 8 in (173 cm)[1],74 in (188 cm)[1],Southpaw[a],"Lightweight
Light welterweight
Welterweight
Light middleweight",Egidijus Kavaliauskas,36,Win,36–0,TKO,"9 (12), 0:44","Dec 14, 2019","Madison Square Garden, New York City, New York, U.S.",Retained WBO welterweight title,,
Terence Crawford,5 ft 8 in (173 cm)[1],74 in (188 cm)[1],Southpaw[a],"Lightweight
Light welterweight
Welterweight
Light middleweight",Amir Khan,35,Win,35–0,TKO,"6 (12), 0:47","Apr 20, 2019","Madison Square Garden, New York City, New York, U.S.",Retained WBO welterweight title,,
Terence Crawford,5 ft 8 in (173 cm)[1],74 in (188 cm)[1],Southpaw[a],"Lightweight
Light welterweight
Welterweight
Light middleweight",José Benavidez Jr.,34,Win,34–0,TKO,"12 (12), 2:42","Oct 13, 2018","CHI Health Center, Omaha, Nebraska, U.S.",Retained WBO welterweight title,,
Terence Crawford,5 ft 8 in (173 cm)[1],74 in (188 cm)[1],Southpaw[a],"Lightweight
Light welterweight
Welterweight
Light middleweight",Jeff Horn,33,Win,33–0,TKO,"9 (12), 2:33","Jun 9, 2018","MGM Grand Garden Arena, Paradise, Nevada, U.S.",Won WBO welterweight title,,
Terence Crawford,5 ft 8 in (173 cm)[1],74 in (188 cm)[1],Southpaw[a],"Lightweight
Light welterweight
Welterweight
Light middleweight",Julius Indongo,32,Win,32–0,KO,"3 (12), 1:38","Aug 19, 2017","Pinnacle Bank Arena, Lincoln, Nebraska, U.S.","Retained WBC, WBO, and The Ring light welterweight titles; Won WBA (Super) and IBF light welterweight titles",,
Terence Crawford,5 ft 8 in (173 cm)[1],74 in (188 cm)[1],Southpaw[a],"Lightweight
Light welterweight
Welterweight
Light middleweight",Félix Díaz,31,Win,31–0,RTD,"10 (12), 3:00","May 20, 2017","Madison Square Garden, New York City, New York, U.S.","Retained WBC, WBO, and The Ring light welterweight titles",,
Terence Crawford,5 ft 8 in (173 cm)[1],74 in (188 cm)[1],Southpaw[a],"Lightweight
Light welterweight
Welterweight
Light middleweight",John Molina Jr.,30,Win,30–0,TKO,"8 (12), 2:32","Dec 10, 2016","CenturyLink Center, Omaha, Nebraska, U.S.","Retained WBC, WBO, and The Ring light welterweight titles",,
Terence Crawford,5 ft 8 in (173 cm)[1],74 in (188 cm)[1],Southpaw[a],"Lightweight
Light welterweight
Welterweight
Light middleweight",Viktor Postol,29,Win,29–0,UD,12,"Jul 23, 2016","MGM Grand Garden Arena, Paradise, Nevada, U.S.",Retained WBO light welterweight title; Won WBC and vacant The Ring light welterweight titles,,
Terence Crawford,5 ft 8 in (173 cm)[1],74 in (188 cm)[1],Southpaw[a],"Lightweight
Light welterweight
Welterweight
Light middleweight",Hank Lundy,28,Win,28–0,TKO,"5 (12), 2:09","Feb 27, 2016","The Theater at Madison Square Garden, New York City, New York, U.S.",Retained WBO light welterweight title,,
Terence Crawford,5 ft 8 in (173 cm)[1],74 in (188 cm)[1],Southpaw[a],"Lightweight
Light welterweight
Welterweight
Light middleweight",Dierry Jean,27,Win,27–0,TKO,"10 (12), 2:30","Oct 24, 2015","CenturyLink Center, Omaha, Nebraska, U.S.",Retained WBO light welterweight title,,
Terence Crawford,5 ft 8 in (173 cm)[1],74 in (188 cm)[1],Southpaw[a],"Lightweight
Light welterweight
Welterweight
Light middleweight",Thomas Dulorme,26,Win,26–0,TKO,"6 (12), 1:51","Apr 18, 2015","College Park Center, Arlington, Texas, U.S.",Won vacant WBO light welterweight title,,
Terence Crawford,5 ft 8 in (173 cm)[1],74 in (188 cm)[1],Southpaw[a],"Lightweight
Light welterweight
Welterweight
Light middleweight",Ray Beltrán,25,Win,25–0,UD,12,"Nov 29, 2014","CenturyLink Center, Omaha, Nebraska, U.S.",Retained WBO lightweight title; Won vacant The Ring lightweight title,,
Terence Crawford,5 ft 8 in (173 cm)[1],74 in (188 cm)[1],Southpaw[a],"Lightweight
Light welterweight
Welterweight
Light middleweight",Yuriorkis Gamboa,24,Win,24–0,KO,"9 (12), 2:53","Jun 28, 2014","Century Link Center, Omaha, Nebraska, U.S.",Retained WBO lightweight title,,
Terence Crawford,5 ft 8 in (173 cm)[1],74 in (188 cm)[1],Southpaw[a],"Lightweight
Light welterweight
Welterweight
Light middleweight",Ricky Burns,23,Win,23–0,UD,12,"Mar 1, 2014","Exhibition and Conference Centre, Glasgow, Scotland",Won WBO lightweight title,,
Terence Crawford,5 ft 8 in (173 cm)[1],74 in (188 cm)[1],Southpaw[a],"Lightweight
Light welterweight
Welterweight
Light middleweight",Andrey Klimov,22,Win,22–0,UD,10,"Oct 5, 2013","Amway Center, Orlando, Florida, U.S.",,,
Terence Crawford,5 ft 8 in (173 cm)[1],74 in (188 cm)[1],Southpaw[a],"Lightweight
Light welterweight
Welterweight
Light middleweight",Alejandro Sanabria,21,Win,21–0,TKO,"6 (10), 0:17","Jun 15, 2013","American Airlines Center, Dallas, Texas, U.S.",Won vacant WBO–NABO lightweight title,,
Terence Crawford,5 ft 8 in (173 cm)[1],74 in (188 cm)[1],Southpaw[a],"Lightweight
Light welterweight
Welterweight
Light middleweight",Breidis Prescott,20,Win,20–0,UD,10,"Mar 30, 2013","Mandalay Bay Events Center, Paradise, Nevada, U.S.",,,
Terence Crawford,5 ft 8 in (173 cm)[1],74 in (188 cm)[1],Southpaw[a],"Lightweight
Light welterweight
Welterweight
Light middleweight",Sidney Siqueira,19,Win,19–0,TKO,"6 (8), 2:47","Nov 10, 2012","Wynn Las Vegas, Paradise, Nevada, U.S.",,,
Terence Crawford,5 ft 8 in (173 cm)[1],74 in (188 cm)[1],Southpaw[a],"Lightweight
Light welterweight
Welterweight
Light middleweight",Hardy Paredes,18,Win,18–0,TKO,"4 (8), 0:40","Sep 13, 2012","The Joint, Paradise, Nevada, U.S.",,,
Terence Crawford,5 ft 8 in (173 cm)[1],74 in (188 cm)[1],Southpaw[a],"Lightweight
Light welterweight
Welterweight
Light middleweight",David Rodela,17,Win,17–0,KO,"2 (6), 2:30","Jun 8, 2012","The Joint, Paradise, Nevada, U.S.",,,
Terence Crawford,5 ft 8 in (173 cm)[1],74 in (188 cm)[1],Southpaw[a],"Lightweight
Light welterweight
Welterweight
Light middleweight",Andre Gorges,16,Win,16–0,KO,"5 (6), 0:44","Apr 14, 2012","Mandalay Bay Events Center, Paradise, Nevada, U.S.",,,
Terence Crawford,5 ft 8 in (173 cm)[1],74 in (188 cm)[1],Southpaw[a],"Lightweight
Light welterweight
Welterweight
Light middleweight",Angel Rios,15,Win,15–0,UD,8,"Sep 10, 2011","Boardwalk Hall, Atlantic City, New Jersey, U.S.",,,
Terence Crawford,5 ft 8 in (173 cm)[1],74 in (188 cm)[1],Southpaw[a],"Lightweight
Light welterweight
Welterweight
Light middleweight",Derrick Campos,14,Win,14–0,TKO,"2 (6), 2:31","Jul 30, 2011","Softball Country Arena, Denver, Colorado, U.S.",,,
Terence Crawford,5 ft 8 in (173 cm)[1],74 in (188 cm)[1],Southpaw[a],"Lightweight
Light welterweight
Welterweight
Light middleweight",Anthony Mora,13,Win,13–0,KO,"1 (6), 1:58","Feb 26, 2011","Heartland Events Center, Grand Island, Nebraska, U.S.",,,
Terence Crawford,5 ft 8 in (173 cm)[1],74 in (188 cm)[1],Southpaw[a],"Lightweight
Light welterweight
Welterweight
Light middleweight",Ron Boyd,12,Win,12–0,TKO,"1 (6), 2:28","Jul 31, 2010","Sovereign Bank Stadium, York, Pennsylvania, U.S.",,,
Terence Crawford,5 ft 8 in (173 cm)[1],74 in (188 cm)[1],Southpaw[a],"Lightweight
Light welterweight
Welterweight
Light middleweight",Marty Robbins,11,Win,11–0,KO,"3 (6), 0:51","May 1, 2010","Johnson County Fairgrounds, Iowa City, Iowa, U.S.",,,
Terence Crawford,5 ft 8 in (173 cm)[1],74 in (188 cm)[1],Southpaw[a],"Lightweight
Light welterweight
Welterweight
Light middleweight",Corey Sommerville,10,Win,10–0,TKO,"2 (4), 1:25","Dec 19, 2009","Cotton Eyed Joe, Knoxville, Tennessee, U.S.",,,
Terence Crawford,5 ft 8 in (173 cm)[1],74 in (188 cm)[1],Southpaw[a],"Lightweight
Light welterweight
Welterweight
Light middleweight",Steve Marquez,9,Win,9–0,TKO,"1 (4), 2:35","Oct 31, 2009","Cambria County War Memorial Arena, Johnstown, Pennsylvania, U.S.",,,
Terence Crawford,5 ft 8 in (173 cm)[1],74 in (188 cm)[1],Southpaw[a],"Lightweight
Light welterweight
Welterweight
Light middleweight",Miguel Delgado,8,Win,8–0,TKO,"3 (4), 1:02","May 2, 2009","Cambria County War Memorial Arena, Johnstown, Pennsylvania, U.S.",,,
Terence Crawford,5 ft 8 in (173 cm)[1],74 in (188 cm)[1],Southpaw[a],"Lightweight
Light welterweight
Welterweight
Light middleweight",Lucas Rodas,7,Win,7–0,KO,"1 (4), 1:52","Mar 21, 2009","U.S. Bank Arena, Cincinnati, Ohio, U.S.",,,
Terence Crawford,5 ft 8 in (173 cm)[1],74 in (188 cm)[1],Southpaw[a],"Lightweight
Light welterweight
Welterweight
Light middleweight",Travis Hartman,6,Win,6–0,UD,4,"Mar 7, 2009","Valencia Ballroom, York, Pennsylvania, U.S.",,,
Terence Crawford,5 ft 8 in (173 cm)[1],74 in (188 cm)[1],Southpaw[a],"Lightweight
Light welterweight
Welterweight
Light middleweight",Michael Williams,5,Win,5–0,TKO,"2 (4), 1:14","Nov 8, 2008","Valencia Ballroom, York, Pennsylvania, U.S.",,,
Terence Crawford,5 ft 8 in (173 cm)[1],74 in (188 cm)[1],Southpaw[a],"Lightweight
Light welterweight
Welterweight
Light middleweight",Aaron Anderson,4,Win,4–0,UD,4,"Aug 22, 2008","Johnson County Fairgrounds, Iowa City, Iowa, U.S.",,,
Terence Crawford,5 ft 8 in (173 cm)[1],74 in (188 cm)[1],Southpaw[a],"Lightweight
Light welterweight
Welterweight
Light middleweight",Damon Antoine,3,Win,3–0,UD,4,"Jul 26, 2008","Valencia Ballroom, York, Pennsylvania, U.S.",,,
Terence Crawford,5 ft 8 in (173 cm)[1],74 in (188 cm)[1],Southpaw[a],"Lightweight
Light welterweight
Welterweight
Light middleweight",Filiberto Nieto,2,Win,2–0,RTD,"1 (4), 3:00","Apr 3, 2008","Michael's Eighth Avenue, Glen Burnie, Maryland, U.S.",,,
Terence Crawford,5 ft 8 in (173 cm)[1],74 in (188 cm)[1],Southpaw[a],"Lightweight
Light welterweight
Welterweight
Light middleweight",Brian Cummings,1,Win,1–0,KO,"1 (4), 0:26","Mar 14, 2008","Athletic Club, Denver, Colorado, U.S.",,,
Juan Manuel Márquez,5 ft 7 in (170 cm),67 in (170 cm),Orthodox,"Featherweight
Super featherweight
Lightweight
Light welterweight
Welterweight",Mike Alvarado,64,Win,56–7–1,UD,12,"May 17, 2014","The Forum, Inglewood, California, U.S.",Won WBO International welterweight title,,
Juan Manuel Márquez,5 ft 7 in (170 cm),67 in (170 cm),Orthodox,"Featherweight
Super featherweight
Lightweight
Light welterweight
Welterweight",Timothy Bradley,63,Loss,55–7–1,SD,12,"Oct 12, 2013","Thomas & Mack Center, Paradise, Nevada, U.S.",For WBO welterweight title,,
Juan Manuel Márquez,5 ft 7 in (170 cm),67 in (170 cm),Orthodox,"Featherweight
Super featherweight
Lightweight
Light welterweight
Welterweight",Manny Pacquiao,62,Win,55–6–1,KO,"6 (12), 2:59","Dec 8, 2012","MGM Grand Garden Arena, Paradise, Nevada, U.S.",,,
Juan Manuel Márquez,5 ft 7 in (170 cm),67 in (170 cm),Orthodox,"Featherweight
Super featherweight
Lightweight
Light welterweight
Welterweight",Serhiy Fedchenko,61,Win,54–6–1,UD,12,"Apr 14, 2012","Mexico City Arena, Mexico City, Mexico",Won vacant WBO interim junior welterweight title,,
Juan Manuel Márquez,5 ft 7 in (170 cm),67 in (170 cm),Orthodox,"Featherweight
Super featherweight
Lightweight
Light welterweight
Welterweight",Manny Pacquiao,60,Loss,53–6–1,MD,12,"Nov 12, 2011","MGM Grand Garden Arena, Paradise, Nevada, U.S.",For WBO welterweight title,,
Juan Manuel Márquez,5 ft 7 in (170 cm),67 in (170 cm),Orthodox,"Featherweight
Super featherweight
Lightweight
Light welterweight
Welterweight",Likar Ramos Concha,59,Win,53–5–1,KO,"1 (10), 1:46","Jul 16, 2011","Plaza de Toros, Cancún, Mexico",,,
Juan Manuel Márquez,5 ft 7 in (170 cm),67 in (170 cm),Orthodox,"Featherweight
Super featherweight
Lightweight
Light welterweight
Welterweight",Michael Katsidis,58,Win,52–5–1,TKO,"9 (12), 2:14","Nov 27, 2010","MGM Grand Garden Arena, Paradise, Nevada, U.S.","Retained WBA (Super), WBO, and The Ring lightweight titles",,
Juan Manuel Márquez,5 ft 7 in (170 cm),67 in (170 cm),Orthodox,"Featherweight
Super featherweight
Lightweight
Light welterweight
Welterweight",Juan Díaz,57,Win,51–5–1,UD,12,"Jul 31, 2010","Mandalay Bay Events Center, Paradise, Nevada, U.S.","Retained WBA (Super), WBO, and The Ring lightweight titles",,
Juan Manuel Márquez,5 ft 7 in (170 cm),67 in (170 cm),Orthodox,"Featherweight
Super featherweight
Lightweight
Light welterweight
Welterweight",Floyd Mayweather Jr.,56,Loss,50–5–1,UD,12,"Sep 19, 2009","MGM Grand Garden Arena, Paradise, Nevada, U.S.",,,
Juan Manuel Márquez,5 ft 7 in (170 cm),67 in (170 cm),Orthodox,"Featherweight
Super featherweight
Lightweight
Light welterweight
Welterweight",Juan Díaz,55,Win,50–4–1,TKO,"9 (12), 2:40","Feb 28, 2009","Toyota Center, Houston, Texas, U.S.",Retained The Ring lightweight title; Won vacant WBA (Super) and WBO lightweight titles,,
Juan Manuel Márquez,5 ft 7 in (170 cm),67 in (170 cm),Orthodox,"Featherweight
Super featherweight
Lightweight
Light welterweight
Welterweight",Joel Casamayor,54,Win,49–4–1,KO,"11 (12), 0:55","Sep 13, 2008","MGM Grand Garden Arena, Paradise, Nevada, U.S.",Won The Ring lightweight title,,
Juan Manuel Márquez,5 ft 7 in (170 cm),67 in (170 cm),Orthodox,"Featherweight
Super featherweight
Lightweight
Light welterweight
Welterweight",Manny Pacquiao,53,Loss,48–4–1,SD,12,"Mar 15, 2008","Mandalay Bay Events Center, Paradise, Nevada, U.S.",Lost WBC super featherweight title; For vacant The Ring super featherweight title,,
Juan Manuel Márquez,5 ft 7 in (170 cm),67 in (170 cm),Orthodox,"Featherweight
Super featherweight
Lightweight
Light welterweight
Welterweight",Rocky Juarez,52,Win,48–3–1,UD,12,"Nov 3, 2007","Desert Diamond Casino, Tucson, Arizona, U.S.",Retained WBC super featherweight title,,
Juan Manuel Márquez,5 ft 7 in (170 cm),67 in (170 cm),Orthodox,"Featherweight
Super featherweight
Lightweight
Light welterweight
Welterweight",Marco Antonio Barrera,51,Win,47–3–1,UD,12,"Mar 17, 2007","Mandalay Bay Events Center, Paradise, Nevada, U.S.",Won WBC super featherweight title,,
Juan Manuel Márquez,5 ft 7 in (170 cm),67 in (170 cm),Orthodox,"Featherweight
Super featherweight
Lightweight
Light welterweight
Welterweight",Jimrex Jaca,50,Win,46–3–1,KO,"9 (12), 2:48","Nov 25, 2006","Dodge Arena, Hidalgo, Texas, U.S.",Retained WBO interim featherweight title,,
Juan Manuel Márquez,5 ft 7 in (170 cm),67 in (170 cm),Orthodox,"Featherweight
Super featherweight
Lightweight
Light welterweight
Welterweight",Terdsak Kokietgym,49,Win,45–3–1,TKO,"7 (12), 1:13","Aug 5, 2006","MontBleu, Stateline, Nevada, U.S.",Won WBO interim featherweight title,,
Juan Manuel Márquez,5 ft 7 in (170 cm),67 in (170 cm),Orthodox,"Featherweight
Super featherweight
Lightweight
Light welterweight
Welterweight",Chris John,48,Loss,44–3–1,UD,12,"Mar 4, 2006","Karang Melenu Sports Hall, Kutai Kartanegara, Indonesia",For WBA featherweight title,,
Juan Manuel Márquez,5 ft 7 in (170 cm),67 in (170 cm),Orthodox,"Featherweight
Super featherweight
Lightweight
Light welterweight
Welterweight",Victor Polo,47,Win,44–2–1,UD,12,"May 7, 2005","Mandalay Bay Events Center, Paradise, Nevada, U.S.",Retained WBA (Unified) and IBF featherweight titles,,
Juan Manuel Márquez,5 ft 7 in (170 cm),67 in (170 cm),Orthodox,"Featherweight
Super featherweight
Lightweight
Light welterweight
Welterweight",Orlando Salido,46,Win,43–2–1,UD,12,"Sep 18, 2004","MGM Grand Garden Arena, Paradise, Nevada, U.S.",Retained WBA (Unified) and IBF featherweight titles,,
Juan Manuel Márquez,5 ft 7 in (170 cm),67 in (170 cm),Orthodox,"Featherweight
Super featherweight
Lightweight
Light welterweight
Welterweight",Manny Pacquiao,45,Draw,42–2–1,SD,12,"May 8, 2004","MGM Grand Garden Arena, Paradise, Nevada, U.S.",Retained WBA (Unified) and IBF featherweight titles; For The Ring featherweight title,,
Juan Manuel Márquez,5 ft 7 in (170 cm),67 in (170 cm),Orthodox,"Featherweight
Super featherweight
Lightweight
Light welterweight
Welterweight",Derrick Gainer,44,Win,42–2,TD,"7 (12), 2:37","Nov 1, 2003","Van Andel Arena, Grand Rapids, Michigan, U.S.",Retained IBF featherweight title; Won WBA (Unified) featherweight title; Unanimous TD: Gainer cut from an accidental head clash,,
Juan Manuel Márquez,5 ft 7 in (170 cm),67 in (170 cm),Orthodox,"Featherweight
Super featherweight
Lightweight
Light welterweight
Welterweight",Marcos Licona,43,Win,41–2,TKO,"9 (10), 3:00","Aug 16, 2003","Mohegan Sun Arena, Montville, Connecticut, U.S.",,,
Juan Manuel Márquez,5 ft 7 in (170 cm),67 in (170 cm),Orthodox,"Featherweight
Super featherweight
Lightweight
Light welterweight
Welterweight",Manuel Medina,42,Win,40–2,TKO,"7 (12), 1:18","Feb 1, 2003","Mandalay Bay Events Center, Paradise, Nevada, U.S.",Won vacant IBF featherweight title,,
Juan Manuel Márquez,5 ft 7 in (170 cm),67 in (170 cm),Orthodox,"Featherweight
Super featherweight
Lightweight
Light welterweight
Welterweight",Hector Javier Márquez,41,Win,39–2,TKO,"10 (10), 0:28","Jun 21, 2002","The Orleans, Paradise, Nevada, U.S.",,,
Juan Manuel Márquez,5 ft 7 in (170 cm),67 in (170 cm),Orthodox,"Featherweight
Super featherweight
Lightweight
Light welterweight
Welterweight",Robbie Peden,40,Win,38–2,RTD,"10 (12), 3:00","Mar 9, 2002","Palumbo Center, Pittsburgh, Pennsylvania, U.S.",Won NABF and vacant USBA featherweight titles,,
Juan Manuel Márquez,5 ft 7 in (170 cm),67 in (170 cm),Orthodox,"Featherweight
Super featherweight
Lightweight
Light welterweight
Welterweight",Johnny Walker,39,Win,37–2,TKO,"1 (10), 0:56","Oct 19, 2001","Coeur d'Alene Casino Resort Hotel, Worley, Idaho, U.S.",,,
Juan Manuel Márquez,5 ft 7 in (170 cm),67 in (170 cm),Orthodox,"Featherweight
Super featherweight
Lightweight
Light welterweight
Welterweight",Julio Gamboa,38,Win,36–2,TKO,"7 (10), 3:00","Aug 19, 2001","Stateline Casino, Wendover, Utah, U.S.",,,
Juan Manuel Márquez,5 ft 7 in (170 cm),67 in (170 cm),Orthodox,"Featherweight
Super featherweight
Lightweight
Light welterweight
Welterweight",Baby Lorona Jr.,37,Win,35–2,TKO,"2 (10), 2:50","Apr 1, 2001","Peppermill, Reno, Nevada, U.S.",,,
Juan Manuel Márquez,5 ft 7 in (170 cm),67 in (170 cm),Orthodox,"Featherweight
Super featherweight
Lightweight
Light welterweight
Welterweight",Sean Fletcher,36,Win,34–2,TKO,"7 (10), 1:54","Feb 11, 2001","Peppermill, Reno, Nevada, U.S.",,,
Juan Manuel Márquez,5 ft 7 in (170 cm),67 in (170 cm),Orthodox,"Featherweight
Super featherweight
Lightweight
Light welterweight
Welterweight",Reynante Jamili,35,Win,33–2,KO,"3 (10), 1:14","Oct 22, 2000","Peppermill, Reno, Nevada, U.S.",,,
Juan Manuel Márquez,5 ft 7 in (170 cm),67 in (170 cm),Orthodox,"Featherweight
Super featherweight
Lightweight
Light welterweight
Welterweight",Daniel Jiménez,34,Win,32–2,RTD,"7 (10), 3:00","Aug 27, 2000","Plaza Hotel & Casino, Las Vegas, Nevada, U.S.",,,
Juan Manuel Márquez,5 ft 7 in (170 cm),67 in (170 cm),Orthodox,"Featherweight
Super featherweight
Lightweight
Light welterweight
Welterweight",Roque Cassiani,33,Win,31–2,UD,12,"May 20, 2000","Caesars Tahoe, Stateline, Nevada, U.S.",Won vacant NABO featherweight title,,
Juan Manuel Márquez,5 ft 7 in (170 cm),67 in (170 cm),Orthodox,"Featherweight
Super featherweight
Lightweight
Light welterweight
Welterweight",Remigio Molina,32,Win,30–2,TKO,"8 (10), 2:01","Nov 20, 1999","The Joint, Paradise, Nevada, U.S.",,,
Juan Manuel Márquez,5 ft 7 in (170 cm),67 in (170 cm),Orthodox,"Featherweight
Super featherweight
Lightweight
Light welterweight
Welterweight",Freddie Norwood,31,Loss,29–2,UD,12,"Sep 11, 1999","Mandalay Bay Events Center, Paradise, Nevada, U.S.",For WBA featherweight title,,
Juan Manuel Márquez,5 ft 7 in (170 cm),67 in (170 cm),Orthodox,"Featherweight
Super featherweight
Lightweight
Light welterweight
Welterweight",Wilfredo Vargas,30,Win,29–1,KO,"2 (10), 2:02","May 10, 1999","Great Western Forum, Inglewood, California, U.S.",,,
Juan Manuel Márquez,5 ft 7 in (170 cm),67 in (170 cm),Orthodox,"Featherweight
Super featherweight
Lightweight
Light welterweight
Welterweight",Jose de Jesus Garcia,29,Win,28–1,KO,"1 (10), 1:54","Feb 20, 1999","Spotlight 29 Casino, Coachella, California, U.S.",,,
Juan Manuel Márquez,5 ft 7 in (170 cm),67 in (170 cm),Orthodox,"Featherweight
Super featherweight
Lightweight
Light welterweight
Welterweight",Francisco Arreola,28,Win,27–1,TKO,"3 (12), 2:24","Oct 24, 1998","Tropicana, Paradise, Nevada, U.S.",Retained NABO featherweight title,,
Juan Manuel Márquez,5 ft 7 in (170 cm),67 in (170 cm),Orthodox,"Featherweight
Super featherweight
Lightweight
Light welterweight
Welterweight",Enrique Jupiter,27,Win,26–1,TKO,"8 (12), 1:09","Aug 22, 1998","Tropicana, Paradise, Nevada, U.S.",Retained NABO featherweight title,,
Juan Manuel Márquez,5 ft 7 in (170 cm),67 in (170 cm),Orthodox,"Featherweight
Super featherweight
Lightweight
Light welterweight
Welterweight",Juan Gerardo Cabrera,26,Win,25–1,TKO,"4 (12), 3:00","Apr 20, 1998","Tropicana, Paradise, Nevada, U.S.",Retained NABO featherweight title,,
Juan Manuel Márquez,5 ft 7 in (170 cm),67 in (170 cm),Orthodox,"Featherweight
Super featherweight
Lightweight
Light welterweight
Welterweight",Luis Samudio,25,Win,24–1,TKO,"9 (10), 2:18","Mar 16, 1998","Great Western Forum, Inglewood, California, U.S.",,,
Juan Manuel Márquez,5 ft 7 in (170 cm),67 in (170 cm),Orthodox,"Featherweight
Super featherweight
Lightweight
Light welterweight
Welterweight",Alfred Kotey,24,Win,23–1,UD,12,"Nov 22, 1997","Tropicana Las Vegas, Paradise, Nevada, U.S.",Retained NABO featherweight title,,
Juan Manuel Márquez,5 ft 7 in (170 cm),67 in (170 cm),Orthodox,"Featherweight
Super featherweight
Lightweight
Light welterweight
Welterweight",Vincent Howard,23,Win,22–1,TKO,12,"Sep 27, 1997","Caesars Tahoe, Stateline, Nevada, U.S.",Retained NABO featherweight title,,
Juan Manuel Márquez,5 ft 7 in (170 cm),67 in (170 cm),Orthodox,"Featherweight
Super featherweight
Lightweight
Light welterweight
Welterweight",Catalino Becerra,22,Win,21–1,TKO,"7 (12), 1:37","Jul 14, 1997","Great Western Forum, Inglewood, California, U.S.",Retained NABO featherweight title,,
Juan Manuel Márquez,5 ft 7 in (170 cm),67 in (170 cm),Orthodox,"Featherweight
Super featherweight
Lightweight
Light welterweight
Welterweight",Agapito Sánchez,21,Win,20–1,UD,12,"Apr 21, 1997","Great Western Forum, Inglewood, California, U.S.",Retained NABO featherweight title,,
Juan Manuel Márquez,5 ft 7 in (170 cm),67 in (170 cm),Orthodox,"Featherweight
Super featherweight
Lightweight
Light welterweight
Welterweight",Cedric Mingo,20,Win,19–1,RTD,"10 (12), 3:00","Feb 3, 1997","Arrowhead Pond, Anaheim, California, U.S.",Won vacant NABO featherweight title,,
Juan Manuel Márquez,5 ft 7 in (170 cm),67 in (170 cm),Orthodox,"Featherweight
Super featherweight
Lightweight
Light welterweight
Welterweight",Rodrigo Valenzuela,19,Win,18–1,KO,"8 (10), 3:00","Dec 9, 1996","Great Western Forum, Inglewood, California, U.S.",,,
Juan Manuel Márquez,5 ft 7 in (170 cm),67 in (170 cm),Orthodox,"Featherweight
Super featherweight
Lightweight
Light welterweight
Welterweight",Darryl Pinckney,18,Win,17–1,UD,10,"Oct 19, 1996","Caesars Tahoe, Stateline, Nevada, U.S.",,,
Juan Manuel Márquez,5 ft 7 in (170 cm),67 in (170 cm),Orthodox,"Featherweight
Super featherweight
Lightweight
Light welterweight
Welterweight",Freddy Cruz,17,Win,16–1,UD,10,"Jul 8, 1996","Great Western Forum, Inglewood, California, U.S.",,,
Juan Manuel Márquez,5 ft 7 in (170 cm),67 in (170 cm),Orthodox,"Featherweight
Super featherweight
Lightweight
Light welterweight
Welterweight",Julio Gervacio,16,Win,15–1,KO,"8 (10), 0:35","Apr 29, 1996","Arrowhead Pond, Anaheim, California, U.S.",,,
Juan Manuel Márquez,5 ft 7 in (170 cm),67 in (170 cm),Orthodox,"Featherweight
Super featherweight
Lightweight
Light welterweight
Welterweight",Hector Ulises Chong,15,Win,14–1,KO,"4 (10), 1:42","Mar 4, 1996","Great Western Forum, Inglewood, California, U.S.",,,
Juan Manuel Márquez,5 ft 7 in (170 cm),67 in (170 cm),Orthodox,"Featherweight
Super featherweight
Lightweight
Light welterweight
Welterweight",Julian Wheeler,14,Win,13–1,TKO,"10 (10), 2:55","Nov 6, 1995","Great Western Forum, Inglewood, California, U.S.",,,
Juan Manuel Márquez,5 ft 7 in (170 cm),67 in (170 cm),Orthodox,"Featherweight
Super featherweight
Lightweight
Light welterweight
Welterweight",Miguel Rodriguez,13,Win,12–1,TKO,"1 (10), 2:30","Sep 25, 1995","Great Western Forum, Inglewood, California, U.S.",,,
Juan Manuel Márquez,5 ft 7 in (170 cm),67 in (170 cm),Orthodox,"Featherweight
Super featherweight
Lightweight
Light welterweight
Welterweight",Julio Cesar Portillo,12,Win,11–1,KO,"6 (10), 2:10","Jul 10, 1995","Great Western Forum, Inglewood, California, U.S.",,,
Juan Manuel Márquez,5 ft 7 in (170 cm),67 in (170 cm),Orthodox,"Featherweight
Super featherweight
Lightweight
Light welterweight
Welterweight",Julio Sanchez Leon,11,Win,10–1,UD,10,"Apr 24, 1995","Great Western Forum, Inglewood, California, U.S.",,,
Juan Manuel Márquez,5 ft 7 in (170 cm),67 in (170 cm),Orthodox,"Featherweight
Super featherweight
Lightweight
Light welterweight
Welterweight",Martin Ochoa,10,Win,9–1,TKO,1,"Jan 30, 1995","Great Western Forum, Inglewood, California, U.S.",,,
Juan Manuel Márquez,5 ft 7 in (170 cm),67 in (170 cm),Orthodox,"Featherweight
Super featherweight
Lightweight
Light welterweight
Welterweight",Israel Gonzalez,9,Win,8–1,TKO,"4 (8), 0:34","Dec 3, 1994","Caesars Palace, Paradise, Nevada, U.S.",,,
Juan Manuel Márquez,5 ft 7 in (170 cm),67 in (170 cm),Orthodox,"Featherweight
Super featherweight
Lightweight
Light welterweight
Welterweight",Jose Luis Montes,8,Win,7–1,KO,2,"Nov 12, 1994","Plaza de Toros, Mexico City, Mexico",,,
Juan Manuel Márquez,5 ft 7 in (170 cm),67 in (170 cm),Orthodox,"Featherweight
Super featherweight
Lightweight
Light welterweight
Welterweight",Israel Flores,7,Win,6–1,UD,4,"Oct 1, 1994","Mexico City, Mexico",,,
Juan Manuel Márquez,5 ft 7 in (170 cm),67 in (170 cm),Orthodox,"Featherweight
Super featherweight
Lightweight
Light welterweight
Welterweight",Gregorio Silva,6,Win,5–1,TKO,2,"Aug 27, 1994","Mexico City, Mexico",,,
Juan Manuel Márquez,5 ft 7 in (170 cm),67 in (170 cm),Orthodox,"Featherweight
Super featherweight
Lightweight
Light welterweight
Welterweight",Roman Poblano,5,Win,4–1,UD,6,"May 7, 1994","Mexico City, Mexico",,,
Juan Manuel Márquez,5 ft 7 in (170 cm),67 in (170 cm),Orthodox,"Featherweight
Super featherweight
Lightweight
Light welterweight
Welterweight",Isaac Cortes,4,Win,3–1,TKO,5 (6),"Oct 1, 1993","Mexico City, Mexico",,,
Juan Manuel Márquez,5 ft 7 in (170 cm),67 in (170 cm),Orthodox,"Featherweight
Super featherweight
Lightweight
Light welterweight
Welterweight",Israel Flores,3,Win,2–1,TKO,2,"Sep 18, 1993","Mexico City, Mexico",,,
Juan Manuel Márquez,5 ft 7 in (170 cm),67 in (170 cm),Orthodox,"Featherweight
Super featherweight
Lightweight
Light welterweight
Welterweight",Javier Quiroz,2,Win,1–1,TKO,3,"Jun 26, 1993","Mexico City, Mexico",,,
Juan Manuel Márquez,5 ft 7 in (170 cm),67 in (170 cm),Orthodox,"Featherweight
Super featherweight
Lightweight
Light welterweight
Welterweight",Javier Duran,1,Loss,0–1,DQ,1,"May 29, 1993","Mexico City, Mexico",,,
Anthony Joshua,6 ft 6 in (198 cm)[1],82 in (208 cm)[1],Orthodox,Heavyweight,Daniel Dubois,32,Loss,28–4,KO,"5 (12), 0:59",21 Sep 2024,"Wembley Stadium, London, England",For IBF heavyweight title,,
Anthony Joshua,6 ft 6 in (198 cm)[1],82 in (208 cm)[1],Orthodox,Heavyweight,Francis Ngannou,31,Win,28–3,KO,"2 (10), 2:38",8 Mar 2024,"Kingdom Arena, Riyadh, Saudi Arabia",,,
Anthony Joshua,6 ft 6 in (198 cm)[1],82 in (208 cm)[1],Orthodox,Heavyweight,Otto Wallin,30,Win,27–3,RTD,"5 (12), 3:00",23 Dec 2023,"Kingdom Arena, Riyadh, Saudi Arabia",,,
Anthony Joshua,6 ft 6 in (198 cm)[1],82 in (208 cm)[1],Orthodox,Heavyweight,Robert Helenius,29,Win,26–3,KO,"7 (12), 1:27",12 Aug 2023,"The O2 Arena, London, England",,,
Anthony Joshua,6 ft 6 in (198 cm)[1],82 in (208 cm)[1],Orthodox,Heavyweight,Jermaine Franklin,28,Win,25–3,UD,12,1 Apr 2023,"The O2 Arena, London, England",,,
Anthony Joshua,6 ft 6 in (198 cm)[1],82 in (208 cm)[1],Orthodox,Heavyweight,Oleksandr Usyk,27,Loss,24–3,SD,12,20 Aug 2022,"King Abdullah Sports City, Jeddah, Saudi Arabia","For WBA (Super), IBF, WBO, IBO, and vacant The Ring heavyweight titles",,
Anthony Joshua,6 ft 6 in (198 cm)[1],82 in (208 cm)[1],Orthodox,Heavyweight,Oleksandr Usyk,26,Loss,24–2,UD,12,25 Sep 2021,"Tottenham Hotspur Stadium, London, England","Lost WBA (Super), IBF, WBO, and IBO heavyweight titles",,
Anthony Joshua,6 ft 6 in (198 cm)[1],82 in (208 cm)[1],Orthodox,Heavyweight,Kubrat Pulev,25,Win,24–1,KO,"9 (12), 2:58",12 Dec 2020,"Wembley Arena, London, England","Retained WBA (Super), IBF, WBO, and IBO heavyweight titles",,
Anthony Joshua,6 ft 6 in (198 cm)[1],82 in (208 cm)[1],Orthodox,Heavyweight,Andy Ruiz Jr.,24,Win,23–1,UD,12,7 Dec 2019,"Diriyah Arena, Diriyah, Saudi Arabia","Won WBA (Super), IBF, WBO, and IBO heavyweight titles",,
Anthony Joshua,6 ft 6 in (198 cm)[1],82 in (208 cm)[1],Orthodox,Heavyweight,Andy Ruiz Jr.,23,Loss,22–1,TKO,"7 (12), 1:33",1 Jun 2019,"Madison Square Garden, New York City, New York, US","Lost WBA (Super), IBF, WBO, and IBO heavyweight titles",,
Anthony Joshua,6 ft 6 in (198 cm)[1],82 in (208 cm)[1],Orthodox,Heavyweight,Alexander Povetkin,22,Win,22–0,TKO,"7 (12), 1:59",22 Sep 2018,"Wembley Stadium, London, England","Retained WBA (Super), IBF, WBO, and IBO heavyweight titles",,
Anthony Joshua,6 ft 6 in (198 cm)[1],82 in (208 cm)[1],Orthodox,Heavyweight,Joseph Parker,21,Win,21–0,UD,12,31 Mar 2018,"Principality Stadium, Cardiff, Wales","Retained WBA (Super), IBF, and IBO heavyweight titles; Won WBO heavyweight title",,
Anthony Joshua,6 ft 6 in (198 cm)[1],82 in (208 cm)[1],Orthodox,Heavyweight,Carlos Takam,20,Win,20–0,TKO,"10 (12), 1:34",28 Oct 2017,"Principality Stadium, Cardiff, Wales","Retained WBA (Super), IBF, and IBO heavyweight titles",,
Anthony Joshua,6 ft 6 in (198 cm)[1],82 in (208 cm)[1],Orthodox,Heavyweight,Wladimir Klitschko,19,Win,19–0,TKO,"11 (12), 2:25",29 Apr 2017,"Wembley Stadium, London, England",Retained IBF heavyweight title; Won vacant WBA (Super) and IBO heavyweight titles,,
Anthony Joshua,6 ft 6 in (198 cm)[1],82 in (208 cm)[1],Orthodox,Heavyweight,Éric Molina,18,Win,18–0,TKO,"3 (12), 2:02",10 Dec 2016,"Manchester Arena, Manchester, England",Retained IBF heavyweight title,,
Anthony Joshua,6 ft 6 in (198 cm)[1],82 in (208 cm)[1],Orthodox,Heavyweight,Dominic Breazeale,17,Win,17–0,TKO,"7 (12), 1:01",25 Jun 2016,"The O2 Arena, London, England",Retained IBF heavyweight title,,
Anthony Joshua,6 ft 6 in (198 cm)[1],82 in (208 cm)[1],Orthodox,Heavyweight,Charles Martin,16,Win,16–0,KO,"2 (12), 1:32",9 Apr 2016,"The O2 Arena, London, England",Won IBF heavyweight title,,
Anthony Joshua,6 ft 6 in (198 cm)[1],82 in (208 cm)[1],Orthodox,Heavyweight,Dillian Whyte,15,Win,15–0,KO,"7 (12), 1:27",12 Dec 2015,"The O2 Arena, London, England",Retained WBC International and Commonwealth heavyweight titles; Won vacant British heavyweight title,,
Anthony Joshua,6 ft 6 in (198 cm)[1],82 in (208 cm)[1],Orthodox,Heavyweight,Gary Cornish,14,Win,14–0,TKO,"1 (12), 1:37",12 Sep 2015,"The O2 Arena, London, England",Retained WBC International heavyweight title; Won vacant Commonwealth heavyweight title,,
Anthony Joshua,6 ft 6 in (198 cm)[1],82 in (208 cm)[1],Orthodox,Heavyweight,Kevin Johnson,13,Win,13–0,TKO,"2 (10), 1:22",30 May 2015,"The O2 Arena, London, England",Retained WBC International heavyweight title,,
Anthony Joshua,6 ft 6 in (198 cm)[1],82 in (208 cm)[1],Orthodox,Heavyweight,Raphael Zumbano Love,12,Win,12–0,TKO,"2 (8), 1:21",9 May 2015,"Barclaycard Arena, Birmingham, England",,,
Anthony Joshua,6 ft 6 in (198 cm)[1],82 in (208 cm)[1],Orthodox,Heavyweight,Jason Gavern,11,Win,11–0,KO,"3 (8), 1:21",4 Apr 2015,"Metro Radio Arena, Newcastle, England",,,
Anthony Joshua,6 ft 6 in (198 cm)[1],82 in (208 cm)[1],Orthodox,Heavyweight,Michael Sprott,10,Win,10–0,TKO,"1 (10), 1:26",22 Nov 2014,"Echo Arena, Liverpool, England",,,
Anthony Joshua,6 ft 6 in (198 cm)[1],82 in (208 cm)[1],Orthodox,Heavyweight,Denis Bakhtov,9,Win,9–0,TKO,"2 (10), 1:00",11 Oct 2014,"The O2 Arena, London, England",Won vacant WBC International heavyweight title,,
Anthony Joshua,6 ft 6 in (198 cm)[1],82 in (208 cm)[1],Orthodox,Heavyweight,Konstantin Airich,8,Win,8–0,TKO,"3 (8), 1:16",13 Sep 2014,"Phones 4u Arena, Manchester, England",,,
Anthony Joshua,6 ft 6 in (198 cm)[1],82 in (208 cm)[1],Orthodox,Heavyweight,Matt Skelton,7,Win,7–0,TKO,"2 (6), 2:33",12 Jul 2014,"Echo Arena, Liverpool, England",,,
Anthony Joshua,6 ft 6 in (198 cm)[1],82 in (208 cm)[1],Orthodox,Heavyweight,Matt Legg,6,Win,6–0,KO,"1 (6), 1:23",31 May 2014,"Wembley Stadium, London, England",,,
Anthony Joshua,6 ft 6 in (198 cm)[1],82 in (208 cm)[1],Orthodox,Heavyweight,Hector Alfredo Avila,5,Win,5–0,KO,"1 (6), 2:14",1 Mar 2014,"Exhibition and Conference Centre, Glasgow, Scotland",,,
Anthony Joshua,6 ft 6 in (198 cm)[1],82 in (208 cm)[1],Orthodox,Heavyweight,Dorian Darch,4,Win,4–0,TKO,"2 (6), 0:51",1 Feb 2014,"Motorpoint Arena, Cardiff, Wales",,,
Anthony Joshua,6 ft 6 in (198 cm)[1],82 in (208 cm)[1],Orthodox,Heavyweight,Hrvoje Kisiček,3,Win,3–0,TKO,"2 (6), 1:38",14 Nov 2013,"York Hall, London, England",,,
Anthony Joshua,6 ft 6 in (198 cm)[1],82 in (208 cm)[1],Orthodox,Heavyweight,Paul Butlin,2,Win,2–0,TKO,"2 (6), 0:50",26 Oct 2013,"Motorpoint Arena, Sheffield, England",,,
Anthony Joshua,6 ft 6 in (198 cm)[1],82 in (208 cm)[1],Orthodox,Heavyweight,Emanuele Leo,1,Win,1–0,TKO,"1 (6), 2:47",5 Oct 2013,"The O2 Arena, London, England",,,
Ryan Garcia,5 ft 8+1⁄2 in (174 cm)[1],70 in (178 cm)[1],Orthodox,"Super featherweight
Lightweight
Light welterweight
Welterweight",Devin Haney,26,NC,24–1 (1),NC,12,"Apr 20, 2024","Barclays Center, New York City, New York, U.S.","WBC super lightweight title not at stake as Garcia missed weight; Originally an MD win for Garcia, overturned after he failed a drug test",,
Ryan Garcia,5 ft 8+1⁄2 in (174 cm)[1],70 in (178 cm)[1],Orthodox,"Super featherweight
Lightweight
Light welterweight
Welterweight",Oscar Duarte,25,Win,24–1,KO,"8 (12), 2:51","Dec 2, 2023","Toyota Center, Houston Texas, U.S.",,,
Ryan Garcia,5 ft 8+1⁄2 in (174 cm)[1],70 in (178 cm)[1],Orthodox,"Super featherweight
Lightweight
Light welterweight
Welterweight",Gervonta Davis,24,Loss,23–1,KO,"7 (12), 1:44","Apr 22, 2023","T-Mobile Arena, Paradise, Nevada, U.S.",,,
Ryan Garcia,5 ft 8+1⁄2 in (174 cm)[1],70 in (178 cm)[1],Orthodox,"Super featherweight
Lightweight
Light welterweight
Welterweight",Javier Fortuna,23,Win,23–0,KO,"6 (12), 0:27","Jul 16, 2022","Crypto.com Arena, Los Angeles, California",,,
Ryan Garcia,5 ft 8+1⁄2 in (174 cm)[1],70 in (178 cm)[1],Orthodox,"Super featherweight
Lightweight
Light welterweight
Welterweight",Emmanuel Tagoe,22,Win,22–0,UD,12,"Apr 9, 2022","Alamodome, San Antonio, Texas, U.S.",,,
Ryan Garcia,5 ft 8+1⁄2 in (174 cm)[1],70 in (178 cm)[1],Orthodox,"Super featherweight
Lightweight
Light welterweight
Welterweight",Luke Campbell,21,Win,21–0,TKO,"7 (12), 1:58","Jan 2, 2021","American Airlines Center, Dallas, Texas, U.S.",Won vacant WBC interim lightweight title,,
Ryan Garcia,5 ft 8+1⁄2 in (174 cm)[1],70 in (178 cm)[1],Orthodox,"Super featherweight
Lightweight
Light welterweight
Welterweight",Francisco Fonseca,20,Win,20–0,KO,"1 (12), 1:20","Feb 14, 2020","Honda Center, Anaheim, California, U.S.",Retained WBC Silver lightweight title,,
Ryan Garcia,5 ft 8+1⁄2 in (174 cm)[1],70 in (178 cm)[1],Orthodox,"Super featherweight
Lightweight
Light welterweight
Welterweight",Romero Duno,19,Win,19–0,KO,"1 (12), 1:38","Nov 2, 2019","MGM Grand Garden Arena, Paradise, Nevada, U.S.",Won WBO-NABO and vacant WBC Silver lightweight titles,,
Ryan Garcia,5 ft 8+1⁄2 in (174 cm)[1],70 in (178 cm)[1],Orthodox,"Super featherweight
Lightweight
Light welterweight
Welterweight",Jose Lopez,18,Win,18–0,RTD,"2 (10), 3:00","Mar 30, 2019","Fantasy Springs Resort Casino, Indio, California, U.S.",,,
Ryan Garcia,5 ft 8+1⁄2 in (174 cm)[1],70 in (178 cm)[1],Orthodox,"Super featherweight
Lightweight
Light welterweight
Welterweight",Braulio Rodriguez,17,Win,17–0,KO,"5 (10), 1:14","Dec 15, 2018","Madison Square Garden, New York City, New York, U.S.",,,
Ryan Garcia,5 ft 8+1⁄2 in (174 cm)[1],70 in (178 cm)[1],Orthodox,"Super featherweight
Lightweight
Light welterweight
Welterweight",Carlos Morales,16,Win,16–0,MD,10,"Sep 1, 2018","Fantasy Springs Casino, Indio, California, U.S.",,,
Ryan Garcia,5 ft 8+1⁄2 in (174 cm)[1],70 in (178 cm)[1],Orthodox,"Super featherweight
Lightweight
Light welterweight
Welterweight",Jayson Vélez,15,Win,15–0,UD,10,"May 4, 2018","StubHub Center, Carson, California, U.S.",Won vacant WBC-NABF and WBO-NABO super featherweight titles,,
Ryan Garcia,5 ft 8+1⁄2 in (174 cm)[1],70 in (178 cm)[1],Orthodox,"Super featherweight
Lightweight
Light welterweight
Welterweight",Fernando Vargas Parra,14,Win,14–0,KO,"1 (10), 2:55","Mar 22, 2018","Fantasy Springs Casino, Indio, California, U.S.",Retained WBC-NABF Junior super featherweight title,,
Ryan Garcia,5 ft 8+1⁄2 in (174 cm)[1],70 in (178 cm)[1],Orthodox,"Super featherweight
Lightweight
Light welterweight
Welterweight",Noe Martinez Raygoza,13,Win,13–0,TKO,"8 (8), 1:45","Dec 16, 2017","Place Bell, Laval, Quebec, Canada",,,
Ryan Garcia,5 ft 8+1⁄2 in (174 cm)[1],70 in (178 cm)[1],Orthodox,"Super featherweight
Lightweight
Light welterweight
Welterweight",Cesar Alan Valenzuela,12,Win,12–0,TKO,"3 (8), 2:59","Nov 2, 2017","Casino Del Sol, Tucson, Arizona, U.S.",Retained WBC-NABF Junior super featherweight title,,
Ryan Garcia,5 ft 8+1⁄2 in (174 cm)[1],70 in (178 cm)[1],Orthodox,"Super featherweight
Lightweight
Light welterweight
Welterweight",Miguel Carrizoza,11,Win,11–0,KO,"1 (8), 0:30","Sep 15, 2017","MGM Grand Marquee Ballroom, Paradise, Nevada, U.S.",Won vacant WBC-NABF Junior super featherweight title,,
Ryan Garcia,5 ft 8+1⁄2 in (174 cm)[1],70 in (178 cm)[1],Orthodox,"Super featherweight
Lightweight
Light welterweight
Welterweight",Mario Macias,10,Win,10–0,KO,"1 (4), 1:14","Jul 15, 2017","The Forum, Inglewood, California, U.S.",,,
Ryan Garcia,5 ft 8+1⁄2 in (174 cm)[1],70 in (178 cm)[1],Orthodox,"Super featherweight
Lightweight
Light welterweight
Welterweight",Tyrone Luckey,9,Win,9–0,TKO,"2 (6), 2:20","May 6, 2017","T-Mobile Arena, Paradise, Nevada, U.S.",,,
Ryan Garcia,5 ft 8+1⁄2 in (174 cm)[1],70 in (178 cm)[1],Orthodox,"Super featherweight
Lightweight
Light welterweight
Welterweight",Devon Jonnes,8,Win,8–0,KO,"2 (6), 0:55","Feb 3, 2017","Belasco Theater, Los Angeles, California",,,
Ryan Garcia,5 ft 8+1⁄2 in (174 cm)[1],70 in (178 cm)[1],Orthodox,"Super featherweight
Lightweight
Light welterweight
Welterweight",José Antonio Martínez,7,Win,7–0,KO,"2 (6), 2:00","Dec 17, 2016","The Forum, Inglewood, California, U.S.",,,
Ryan Garcia,5 ft 8+1⁄2 in (174 cm)[1],70 in (178 cm)[1],Orthodox,"Super featherweight
Lightweight
Light welterweight
Welterweight",Mario Aguirre,6,Win,6–0,RTD,"2 (4), 3:00","Oct 14, 2016","Sportsmen's Lodge, Studio City, California, U.S.",,,
Ryan Garcia,5 ft 8+1⁄2 in (174 cm)[1],70 in (178 cm)[1],Orthodox,"Super featherweight
Lightweight
Light welterweight
Welterweight",Jonathan Cruz,5,Win,5–0,TKO,"2 (4), 1:44","Aug 17, 2016","Exchange LA, Los Angeles, California",,,
Ryan Garcia,5 ft 8+1⁄2 in (174 cm)[1],70 in (178 cm)[1],Orthodox,"Super featherweight
Lightweight
Light welterweight
Welterweight",Cristian Jesus Cruz,4,Win,4–0,UD,4,"Jul 27, 2016","Rancho Grande Bar, Tijuana, Baja California, Mexico",,,
Ryan Garcia,5 ft 8+1⁄2 in (174 cm)[1],70 in (178 cm)[1],Orthodox,"Super featherweight
Lightweight
Light welterweight
Welterweight",Luis Lozano,3,Win,3–0,TKO,"1 (4), 1:40","Jul 7, 2016","Rancho Grande Bar, Tijuana, Baja California, Mexico",,,
Ryan Garcia,5 ft 8+1⁄2 in (174 cm)[1],70 in (178 cm)[1],Orthodox,"Super featherweight
Lightweight
Light welterweight
Welterweight",Hector García,2,Win,2–0,TKO,"1 (4), 1:12","Jun 24, 2016","Billar El Perro Salado, Tijuana, Baja California, Mexico",,,
Ryan Garcia,5 ft 8+1⁄2 in (174 cm)[1],70 in (178 cm)[1],Orthodox,"Super featherweight
Lightweight
Light welterweight
Welterweight",Edgar Meza,1,Win,1–0,TKO,"1 (4), 2:55","Jun 9, 2016","Rancho Grande Bar, Tijuana, Baja California, Mexico",,,
Tyson Fury,6 ft 9 in (206 cm)[1],85 in (216 cm)[1],Orthodox[a],Heavyweight,Oleksandr Usyk,37,Loss,34–2–1,UD,12,21 Dec 2024,"Kingdom Arena, Riyadh, Saudi Arabia","For WBA (Super), WBC, WBO, IBO and The Ring heavyweight titles",,
Tyson Fury,6 ft 9 in (206 cm)[1],85 in (216 cm)[1],Orthodox[a],Heavyweight,Oleksandr Usyk,36,Loss,34–1–1,SD,12,18 May 2024,"Kingdom Arena, Riyadh, Saudi Arabia","Lost WBC heavyweight title; For WBA (Super), IBF, WBO, IBO, and The Ring heavyweight titles",,
Tyson Fury,6 ft 9 in (206 cm)[1],85 in (216 cm)[1],Orthodox[a],Heavyweight,Francis Ngannou,35,Win,34–0–1,SD,10,28 Oct 2023,"Kingdom Arena, Riyadh, Saudi Arabia",,,
Tyson Fury,6 ft 9 in (206 cm)[1],85 in (216 cm)[1],Orthodox[a],Heavyweight,Derek Chisora,34,Win,33–0–1,TKO,"10 (12), 2:51",3 Dec 2022,"Tottenham Hotspur Stadium, London, England",Retained WBC heavyweight title,,
Tyson Fury,6 ft 9 in (206 cm)[1],85 in (216 cm)[1],Orthodox[a],Heavyweight,Dillian Whyte,33,Win,32–0–1,TKO,"6 (12), 2:59",23 Apr 2022,"Wembley Stadium, London, England",Retained WBC and The Ring heavyweight titles,,
Tyson Fury,6 ft 9 in (206 cm)[1],85 in (216 cm)[1],Orthodox[a],Heavyweight,Deontay Wilder,32,Win,31–0–1,KO,"11 (12), 1:10",9 Oct 2021,"T-Mobile Arena, Paradise, Nevada, US",Retained WBC and The Ring heavyweight titles,,
Tyson Fury,6 ft 9 in (206 cm)[1],85 in (216 cm)[1],Orthodox[a],Heavyweight,Deontay Wilder,31,Win,30–0–1,TKO,"7 (12), 1:39",22 Feb 2020,"MGM Grand Garden Arena, Paradise, Nevada, US",Won WBC and vacant The Ring heavyweight titles,,
Tyson Fury,6 ft 9 in (206 cm)[1],85 in (216 cm)[1],Orthodox[a],Heavyweight,Otto Wallin,30,Win,29–0–1,UD,12,14 Sep 2019,"T-Mobile Arena, Paradise, Nevada, US",,,
Tyson Fury,6 ft 9 in (206 cm)[1],85 in (216 cm)[1],Orthodox[a],Heavyweight,Tom Schwarz,29,Win,28–0–1,TKO,"2 (12), 2:54",15 Jun 2019,"MGM Grand Garden Arena, Paradise, Nevada, US",Won WBO Inter-Continental heavyweight title,,
Tyson Fury,6 ft 9 in (206 cm)[1],85 in (216 cm)[1],Orthodox[a],Heavyweight,Deontay Wilder,28,Draw,27–0–1,SD,12,1 Dec 2018,"Staples Center, Los Angeles, California, US",For WBC heavyweight title,,
Tyson Fury,6 ft 9 in (206 cm)[1],85 in (216 cm)[1],Orthodox[a],Heavyweight,Francesco Pianeta,27,Win,27–0,PTS,10,18 Aug 2018,"Windsor Park, Belfast, Northern Ireland",,,
Tyson Fury,6 ft 9 in (206 cm)[1],85 in (216 cm)[1],Orthodox[a],Heavyweight,Sefer Seferi,26,Win,26–0,RTD,"4 (10), 3:00",9 Jun 2018,"Manchester Arena, Manchester, England",,,
Tyson Fury,6 ft 9 in (206 cm)[1],85 in (216 cm)[1],Orthodox[a],Heavyweight,Wladimir Klitschko,25,Win,25–0,UD,12,28 Nov 2015,"Esprit Arena, Düsseldorf, Germany","Won WBA (Super), IBF, WBO, IBO, and The Ring heavyweight titles",,
Tyson Fury,6 ft 9 in (206 cm)[1],85 in (216 cm)[1],Orthodox[a],Heavyweight,Christian Hammer,24,Win,24–0,RTD,"8 (12), 3:00",28 Feb 2015,"The O2 Arena, London, England",Retained WBO International heavyweight title,,
Tyson Fury,6 ft 9 in (206 cm)[1],85 in (216 cm)[1],Orthodox[a],Heavyweight,Derek Chisora,23,Win,23–0,RTD,"10 (12), 3:00",29 Nov 2014,"ExCeL, London, England","Won European, WBO International, and vacant British heavyweight titles",,
Tyson Fury,6 ft 9 in (206 cm)[1],85 in (216 cm)[1],Orthodox[a],Heavyweight,Joey Abell,22,Win,22–0,TKO,"4 (10), 1:48",15 Feb 2014,"Copper Box Arena, London, England",,,
Tyson Fury,6 ft 9 in (206 cm)[1],85 in (216 cm)[1],Orthodox[a],Heavyweight,Steve Cunningham,21,Win,21–0,KO,"7 (12), 2:55",20 Apr 2013,"The Theater at Madison Square Garden, New York City, New York, US",,,
Tyson Fury,6 ft 9 in (206 cm)[1],85 in (216 cm)[1],Orthodox[a],Heavyweight,Kevin Johnson,20,Win,20–0,UD,12,1 Dec 2012,"Odyssey Arena, Belfast, Northern Ireland",,,
Tyson Fury,6 ft 9 in (206 cm)[1],85 in (216 cm)[1],Orthodox[a],Heavyweight,Vinny Maddalone,19,Win,19–0,TKO,"5 (12), 1:35",7 Jul 2012,"Hand Arena, Clevedon, England",Won vacant WBO Inter-Continental heavyweight title,,
Tyson Fury,6 ft 9 in (206 cm)[1],85 in (216 cm)[1],Orthodox[a],Heavyweight,Martin Rogan,18,Win,18–0,TKO,"5 (12), 3:00",14 Apr 2012,"Odyssey Arena, Belfast, Northern Ireland",Won vacant Irish heavyweight title,,
Tyson Fury,6 ft 9 in (206 cm)[1],85 in (216 cm)[1],Orthodox[a],Heavyweight,Neven Pajkić,17,Win,17–0,TKO,"3 (12), 2:44",12 Nov 2011,"EventCity, Manchester, England",Retained Commonwealth heavyweight title,,
Tyson Fury,6 ft 9 in (206 cm)[1],85 in (216 cm)[1],Orthodox[a],Heavyweight,Nicolai Firtha,16,Win,16–0,TKO,"5 (12), 2:19",18 Sep 2011,"King's Hall, Belfast, Northern Ireland",,,
Tyson Fury,6 ft 9 in (206 cm)[1],85 in (216 cm)[1],Orthodox[a],Heavyweight,Derek Chisora,15,Win,15–0,UD,12,23 Jul 2011,"Wembley Arena, London, England",Won British and Commonwealth heavyweight titles,,
Tyson Fury,6 ft 9 in (206 cm)[1],85 in (216 cm)[1],Orthodox[a],Heavyweight,Marcelo Luiz Nascimento,14,Win,14–0,KO,"5 (10), 2:48",19 Feb 2011,"Wembley Arena, London, England",,,
Tyson Fury,6 ft 9 in (206 cm)[1],85 in (216 cm)[1],Orthodox[a],Heavyweight,Zack Page,13,Win,13–0,UD,8,19 Dec 2010,"Colisée Pepsi, Quebec City, Quebec, Canada",,,
Tyson Fury,6 ft 9 in (206 cm)[1],85 in (216 cm)[1],Orthodox[a],Heavyweight,Rich Power,12,Win,12–0,PTS,8,10 Sep 2010,"York Hall, London, England",,,
Tyson Fury,6 ft 9 in (206 cm)[1],85 in (216 cm)[1],Orthodox[a],Heavyweight,John McDermott,11,Win,11–0,TKO,"9 (12), 1:08",25 Jun 2010,"Brentwood Centre Arena, Brentwood, England",Won vacant English heavyweight title,,
Tyson Fury,6 ft 9 in (206 cm)[1],85 in (216 cm)[1],Orthodox[a],Heavyweight,Hans-Jörg Blasko,10,Win,10–0,TKO,"1 (8), 2:14",5 Mar 2010,"Leisure Centre, Huddersfield, England",,,
Tyson Fury,6 ft 9 in (206 cm)[1],85 in (216 cm)[1],Orthodox[a],Heavyweight,Tomas Mrazek,9,Win,9–0,PTS,6,26 Sep 2009,"The O2, Dublin, Ireland",,,
Tyson Fury,6 ft 9 in (206 cm)[1],85 in (216 cm)[1],Orthodox[a],Heavyweight,John McDermott,8,Win,8–0,PTS,10,11 Sep 2009,"Brentwood Centre Arena, Brentwood, England",Won English heavyweight title,,
Tyson Fury,6 ft 9 in (206 cm)[1],85 in (216 cm)[1],Orthodox[a],Heavyweight,Aleksandrs Selezens,7,Win,7–0,TKO,"3 (6), 0:48",18 Jul 2009,"York Hall, London, England",,,
Tyson Fury,6 ft 9 in (206 cm)[1],85 in (216 cm)[1],Orthodox[a],Heavyweight,Scott Belshaw,6,Win,6–0,TKO,"2 (8), 0:52",23 May 2009,"Colosseum, Watford, England",,,
Tyson Fury,6 ft 9 in (206 cm)[1],85 in (216 cm)[1],Orthodox[a],Heavyweight,Matthew Ellis,5,Win,5–0,KO,"1 (6), 0:48",11 Apr 2009,"York Hall, London, England",,,
Tyson Fury,6 ft 9 in (206 cm)[1],85 in (216 cm)[1],Orthodox[a],Heavyweight,Lee Swaby,4,Win,4–0,RTD,"4 (6), 3:00",14 Mar 2009,"Aston Events Centre, Birmingham, England",,,
Tyson Fury,6 ft 9 in (206 cm)[1],85 in (216 cm)[1],Orthodox[a],Heavyweight,Daniil Peretyatko,3,Win,3–0,RTD,"2 (6), 3:00",28 Feb 2009,"Showground, Norwich, England",,,
Tyson Fury,6 ft 9 in (206 cm)[1],85 in (216 cm)[1],Orthodox[a],Heavyweight,Marcel Zeller,2,Win,2–0,TKO,"3 (6), 2:50",17 Jan 2009,"DW Stadium, Wigan, England",,,
Tyson Fury,6 ft 9 in (206 cm)[1],85 in (216 cm)[1],Orthodox[a],Heavyweight,Béla Gyöngyösi,1,Win,1–0,TKO,"1 (6), 2:14",6 Dec 2008,"National Ice Centre, Nottingham, England",,,
Dmitry Bivol,6 ft 0 in (183 cm)[1],72 in (183 cm)[1],Orthodox,Light-heavyweight,Artur Beterbiev,25,Win,24–1,MD,12,22 Feb 2025,"The Venue Riyadh Season, Riyadh, Saudi Arabia","Won WBA (Super), WBC, IBF, WBO, IBO, and The Ring light-heavyweight titles",,
Dmitry Bivol,6 ft 0 in (183 cm)[1],72 in (183 cm)[1],Orthodox,Light-heavyweight,Artur Beterbiev,24,Loss,23–1,MD,12,12 Oct 2024,"Kingdom Arena, Riyadh, Saudi Arabia","Lost WBA (Super) and IBO light-heavyweight titles; For WBC, IBF, WBO, and vacant The Ring light-heavyweight titles",,
Dmitry Bivol,6 ft 0 in (183 cm)[1],72 in (183 cm)[1],Orthodox,Light-heavyweight,Malik Zinad,23,Win,23–0,TKO,"6 (12), 2:06",1 Jun 2024,"Kingdom Arena, Riyadh, Saudi Arabia",Retained WBA (Super) and IBO light-heavyweight titles,,
Dmitry Bivol,6 ft 0 in (183 cm)[1],72 in (183 cm)[1],Orthodox,Light-heavyweight,Lyndon Arthur,22,Win,22–0,UD,12,23 Dec 2023,"Kingdom Arena, Riyadh, Saudi Arabia",Retained WBA (Super) light-heavyweight title; Won IBO light-heavyweight title,,
Dmitry Bivol,6 ft 0 in (183 cm)[1],72 in (183 cm)[1],Orthodox,Light-heavyweight,Gilberto Ramírez,21,Win,21–0,UD,12,5 Nov 2022,"Etihad Arena, Abu Dhabi, United Arab Emirates",Retained WBA (Super) light-heavyweight title,,
Dmitry Bivol,6 ft 0 in (183 cm)[1],72 in (183 cm)[1],Orthodox,Light-heavyweight,Canelo Álvarez,20,Win,20–0,UD,12,7 May 2022,"T-Mobile Arena, Paradise, Nevada, U.S.",Retained WBA (Super) light-heavyweight title,,
Dmitry Bivol,6 ft 0 in (183 cm)[1],72 in (183 cm)[1],Orthodox,Light-heavyweight,Umar Salamov,19,Win,19–0,UD,12,11 Dec 2021,"KRK Uralets, Ekaterinburg, Russia",Retained WBA (Super) light-heavyweight title,,
Dmitry Bivol,6 ft 0 in (183 cm)[1],72 in (183 cm)[1],Orthodox,Light-heavyweight,Craig Richards,18,Win,18–0,UD,12,1 May 2021,"AO Arena, Manchester, England",Retained WBA (Super) light-heavyweight title,,
Dmitry Bivol,6 ft 0 in (183 cm)[1],72 in (183 cm)[1],Orthodox,Light-heavyweight,Lenin Castillo,17,Win,17–0,UD,12,12 Oct 2019,"Wintrust Arena, Chicago, Illinois, U.S.",Retained WBA (Super) light-heavyweight title,,
Dmitry Bivol,6 ft 0 in (183 cm)[1],72 in (183 cm)[1],Orthodox,Light-heavyweight,Joe Smith Jr.,16,Win,16–0,UD,12,9 Mar 2019,"Turning Stone Resort Casino, Verona, New York, U.S.",Retained WBA light-heavyweight title,,
Dmitry Bivol,6 ft 0 in (183 cm)[1],72 in (183 cm)[1],Orthodox,Light-heavyweight,Jean Pascal,15,Win,15–0,UD,12,24 Nov 2018,"Etess Arena, Atlantic City, New Jersey, U.S.",Retained WBA light-heavyweight title,,
Dmitry Bivol,6 ft 0 in (183 cm)[1],72 in (183 cm)[1],Orthodox,Light-heavyweight,Isaac Chilemba,14,Win,14–0,UD,12,4 Aug 2018,"Etess Arena, Atlantic City, New Jersey, U.S.",Retained WBA light-heavyweight title,,
Dmitry Bivol,6 ft 0 in (183 cm)[1],72 in (183 cm)[1],Orthodox,Light-heavyweight,Sullivan Barrera,13,Win,13–0,TKO,"12 (12), 1:41",3 Mar 2018,"The Theater at Madison Square Garden, New York City, New York, U.S.",Retained WBA light-heavyweight title,,
Dmitry Bivol,6 ft 0 in (183 cm)[1],72 in (183 cm)[1],Orthodox,Light-heavyweight,Trent Broadhurst,12,Win,12–0,KO,"1 (12), 3:00",4 Nov 2017,"Casino de Salle Medecin, Monte Carlo, Monaco",Retained WBA light-heavyweight title,,
Dmitry Bivol,6 ft 0 in (183 cm)[1],72 in (183 cm)[1],Orthodox,Light-heavyweight,Cedric Agnew,11,Win,11–0,TKO,"4 (10), 1:27",17 Jun 2017,"Mandalay Bay Events Center, Paradise, Nevada, U.S.",,,
Dmitry Bivol,6 ft 0 in (183 cm)[1],72 in (183 cm)[1],Orthodox,Light-heavyweight,Samuel Clarkson,10,Win,10–0,TKO,"4 (12), 1:40",14 Apr 2017,"MGM National Harbor, Oxon Hill, Maryland, U.S.",Retained WBA interim light-heavyweight title,,
Dmitry Bivol,6 ft 0 in (183 cm)[1],72 in (183 cm)[1],Orthodox,Light-heavyweight,Robert Berridge,9,Win,9–0,TKO,"4 (12), 0:47",23 Feb 2017,"Nizhny Tagil Forum, Nizhny Tagil, Russia",Retained WBA interim light-heavyweight title,,
Dmitry Bivol,6 ft 0 in (183 cm)[1],72 in (183 cm)[1],Orthodox,Light-heavyweight,Yevgeni Makhteienko,8,Win,8–0,UD,10,29 Oct 2016,"Ekaterinburg Arena, Ekaterinburg, Russia",,,
Dmitry Bivol,6 ft 0 in (183 cm)[1],72 in (183 cm)[1],Orthodox,Light-heavyweight,Felix Valera,7,Win,7–0,UD,12,21 May 2016,"Khodynka Ice Palace, Moscow, Russia",Won WBA interim light-heavyweight title,,
Dmitry Bivol,6 ft 0 in (183 cm)[1],72 in (183 cm)[1],Orthodox,Light-heavyweight,Cleiton Conceição,6,Win,6–0,KO,"4 (10), 2:24",18 Feb 2016,"The Hangar, Costa Mesa, California, U.S.",,,
Dmitry Bivol,6 ft 0 in (183 cm)[1],72 in (183 cm)[1],Orthodox,Light-heavyweight,Jackson Junior,5,Win,5–0,TKO,"4 (10), 1:59",4 Nov 2015,"TatNeft Arena, Kazan, Russia",Won vacant WBA Inter-Continental light-heavyweight title,,
Dmitry Bivol,6 ft 0 in (183 cm)[1],72 in (183 cm)[1],Orthodox,Light-heavyweight,Felipe Romero,4,Win,4–0,KO,"8 (8), 2:38",27 Aug 2015,"The Hangar, Costa Mesa, California, U.S.",Won vacant WBC–USNBC Silver light-heavyweight title,,
Dmitry Bivol,6 ft 0 in (183 cm)[1],72 in (183 cm)[1],Orthodox,Light-heavyweight,Joey Vegas,3,Win,3–0,KO,"4 (8), 1:10",22 May 2015,"Luzhniki Palace of Sports, Moscow, Russia",,,
Dmitry Bivol,6 ft 0 in (183 cm)[1],72 in (183 cm)[1],Orthodox,Light-heavyweight,Konstantin Piternov,2,Win,2–0,TKO,"3 (6), 1:12",10 Apr 2015,"Luzhniki Palace of Sports, Moscow, Russia",,,
Dmitry Bivol,6 ft 0 in (183 cm)[1],72 in (183 cm)[1],Orthodox,Light-heavyweight,Jorge Rodriguez Olivera,1,Win,1–0,TKO,"6 (6), 1:44",28 Nov 2014,"Luzhniki Palace of Sports, Moscow, Russia",,,
Wladimir Klitschko,1.98 m (6 ft 6 in)[1],206 cm (81 in)[2],Orthodox,Heavyweight,Anthony Joshua,69,Loss,64–5,TKO,"11 (12), 2:25",29 Apr 2017,"Wembley Stadium, London, England","For IBF, vacant WBA (Super) and IBO heavyweight titles","41 years, 35 days",
Wladimir Klitschko,1.98 m (6 ft 6 in)[1],206 cm (81 in)[2],Orthodox,Heavyweight,Tyson Fury,68,Loss,64–4,UD,12,28 Nov 2015,"Esprit Arena, Düsseldorf, Germany","Lost WBA (Super), IBF, WBO, IBO, and The Ring heavyweight titles","39 years, 248 days",
Wladimir Klitschko,1.98 m (6 ft 6 in)[1],206 cm (81 in)[2],Orthodox,Heavyweight,Bryant Jennings,67,Win,64–3,UD,12,25 Apr 2015,"Madison Square Garden, New York City, New York, US","Retained WBA (Super), IBF, WBO, IBO, and The Ring heavyweight titles","39 years, 32 days",
Wladimir Klitschko,1.98 m (6 ft 6 in)[1],206 cm (81 in)[2],Orthodox,Heavyweight,Kubrat Pulev,66,Win,63–3,KO,"5 (12), 2:11",15 Nov 2014,"O2 World, Hamburg, Germany","Retained WBA (Super), IBF, WBO, IBO, and The Ring heavyweight titles","38 years, 235 days",
Wladimir Klitschko,1.98 m (6 ft 6 in)[1],206 cm (81 in)[2],Orthodox,Heavyweight,Alex Leapai,65,Win,62–3,TKO,"5 (12), 2:05",26 Apr 2014,"König Pilsener Arena, Oberhausen, Germany","Retained WBA (Super), IBF, WBO, IBO, and The Ring heavyweight titles","38 years, 32 days",
Wladimir Klitschko,1.98 m (6 ft 6 in)[1],206 cm (81 in)[2],Orthodox,Heavyweight,Alexander Povetkin,64,Win,61–3,UD,12,5 Oct 2013,"Olympic Stadium, Moscow, Russia","Retained WBA (Super), IBF, WBO, IBO, and The Ring heavyweight titles","37 years, 194 days",
Wladimir Klitschko,1.98 m (6 ft 6 in)[1],206 cm (81 in)[2],Orthodox,Heavyweight,Francesco Pianeta,63,Win,60–3,TKO,"6 (12), 2:52",4 May 2013,"SAP Arena, Mannheim, Germany","Retained WBA (Super), IBF, WBO, IBO, and The Ring heavyweight titles","37 years, 40 days",
Wladimir Klitschko,1.98 m (6 ft 6 in)[1],206 cm (81 in)[2],Orthodox,Heavyweight,Mariusz Wach,62,Win,59–3,UD,12,10 Nov 2012,"O2 World, Hamburg, Germany","Retained WBA (Super), IBF, WBO, IBO, and The Ring heavyweight titles","36 years, 230 days",
Wladimir Klitschko,1.98 m (6 ft 6 in)[1],206 cm (81 in)[2],Orthodox,Heavyweight,Tony Thompson,61,Win,58–3,TKO,"6 (12), 1:12",7 Jul 2012,"Stade de Suisse, Bern, Switzerland","Retained WBA (Super), IBF, WBO, IBO, and The Ring heavyweight titles","36 years, 104 days",
Wladimir Klitschko,1.98 m (6 ft 6 in)[1],206 cm (81 in)[2],Orthodox,Heavyweight,Jean-Marc Mormeck,60,Win,57–3,KO,"4 (12), 1:12",3 Mar 2012,"Esprit Arena, Düsseldorf, Germany","Retained WBA (Super), IBF, WBO, IBO, and The Ring heavyweight titles","35 years, 344 days",
Wladimir Klitschko,1.98 m (6 ft 6 in)[1],206 cm (81 in)[2],Orthodox,Heavyweight,David Haye,59,Win,56–3,UD,12,2 Jul 2011,"Volksparkstadion, Hamburg, Germany","Retained IBF, WBO, IBO, and The Ring heavyweight titles; Won WBA (Unified) heavyweight title","35 years, 99 days",
Wladimir Klitschko,1.98 m (6 ft 6 in)[1],206 cm (81 in)[2],Orthodox,Heavyweight,Samuel Peter,58,Win,55–3,KO,"10 (12), 1:22",11 Sep 2010,"Commerzbank-Arena, Frankfurt, Germany","Retained IBF, WBO, IBO, and The Ring heavyweight titles","34 years, 170 days",
Wladimir Klitschko,1.98 m (6 ft 6 in)[1],206 cm (81 in)[2],Orthodox,Heavyweight,Eddie Chambers,57,Win,54–3,KO,"12 (12), 2:55",20 Mar 2010,"Esprit Arena, Düsseldorf, Germany","Retained IBF, WBO, IBO, and The Ring heavyweight titles","33 years, 360 days",
Wladimir Klitschko,1.98 m (6 ft 6 in)[1],206 cm (81 in)[2],Orthodox,Heavyweight,Ruslan Chagaev,56,Win,53–3,RTD,"9 (12), 3:00",20 Jun 2009,"Veltins-Arena, Gelsenkirchen, Germany","Retained IBF, WBO, and IBO heavyweight titles; Won vacant The Ring heavyweight title","33 years, 87 days",
Wladimir Klitschko,1.98 m (6 ft 6 in)[1],206 cm (81 in)[2],Orthodox,Heavyweight,Hasim Rahman,55,Win,52–3,TKO,"7 (12), 0:44",13 Dec 2008,"SAP Arena, Mannheim, Germany","Retained IBF, WBO, and IBO heavyweight titles","32 years, 263 days",
Wladimir Klitschko,1.98 m (6 ft 6 in)[1],206 cm (81 in)[2],Orthodox,Heavyweight,Tony Thompson,54,Win,51–3,KO,"11 (12), 1:38",12 Jul 2008,"Color Line Arena, Hamburg, Germany","Retained IBF, WBO, and IBO heavyweight titles","32 years, 109 days",
Wladimir Klitschko,1.98 m (6 ft 6 in)[1],206 cm (81 in)[2],Orthodox,Heavyweight,Sultan Ibragimov,53,Win,50–3,UD,12,23 Feb 2008,"Madison Square Garden, New York City, New York, US",Retained IBF and IBO heavyweight titles; Won WBO heavyweight title,"31 years, 335 days",
Wladimir Klitschko,1.98 m (6 ft 6 in)[1],206 cm (81 in)[2],Orthodox,Heavyweight,Lamon Brewster,52,Win,49–3,RTD,"6 (12), 3:00",7 Jul 2007,"Kölnarena, Cologne, Germany",Retained IBF and IBO heavyweight titles,"31 years, 104 days",
Wladimir Klitschko,1.98 m (6 ft 6 in)[1],206 cm (81 in)[2],Orthodox,Heavyweight,Ray Austin,51,Win,48–3,KO,"2 (12), 1:23",10 Mar 2007,"SAP Arena, Mannheim, Germany",Retained IBF and IBO heavyweight titles,"30 years, 350 days",
Wladimir Klitschko,1.98 m (6 ft 6 in)[1],206 cm (81 in)[2],Orthodox,Heavyweight,Calvin Brock,50,Win,47–3,TKO,"7 (12), 2:10",11 Nov 2006,"Madison Square Garden, New York City, New York, US",Retained IBF and IBO heavyweight titles,"30 years, 231 days",
Wladimir Klitschko,1.98 m (6 ft 6 in)[1],206 cm (81 in)[2],Orthodox,Heavyweight,Chris Byrd,49,Win,46–3,TKO,"7 (12), 0:41",22 Apr 2006,"SAP Arena, Mannheim, Germany",Won IBF and vacant IBO heavyweight titles,"30 years, 28 days",
Wladimir Klitschko,1.98 m (6 ft 6 in)[1],206 cm (81 in)[2],Orthodox,Heavyweight,Samuel Peter,48,Win,45–3,UD,12,24 Sep 2005,"Boardwalk Hall, Atlantic City, New Jersey, US",Won NABF and vacant NABO heavyweight titles,"29 years, 183 days",
Wladimir Klitschko,1.98 m (6 ft 6 in)[1],206 cm (81 in)[2],Orthodox,Heavyweight,Eliseo Castillo,47,Win,44–3,TKO,"4 (10), 2:51",23 Apr 2005,"Westfalenhallen, Dortmund, Germany",,"29 years, 29 days",
Wladimir Klitschko,1.98 m (6 ft 6 in)[1],206 cm (81 in)[2],Orthodox,Heavyweight,DaVarryl Williamson,46,Win,43–3,TD,"5 (10), 3:00",2 Oct 2004,"Caesars Palace, Paradise, Nevada, US",Split TD: Klitschko cut from an accidental head clash,"28 years, 191 days",
Wladimir Klitschko,1.98 m (6 ft 6 in)[1],206 cm (81 in)[2],Orthodox,Heavyweight,Lamon Brewster,45,Loss,42–3,TKO,"5 (12), 3:00",10 Apr 2004,"Mandalay Bay Events Center, Paradise, Nevada, US",For vacant WBO heavyweight title,"28 years, 16 days",
Wladimir Klitschko,1.98 m (6 ft 6 in)[1],206 cm (81 in)[2],Orthodox,Heavyweight,Danell Nicholson,44,Win,42–2,TKO,"4 (12), 1:44",20 Dec 2003,"Ostseehalle, Kiel, Germany",Retained WBA Inter-Continental heavyweight title,"27 years, 270 days",
Wladimir Klitschko,1.98 m (6 ft 6 in)[1],206 cm (81 in)[2],Orthodox,Heavyweight,Fabio Eduardo Moli,43,Win,41–2,KO,"1 (12), 1:49",30 Aug 2003,"Olympiahalle, Munich, Germany",Won vacant WBA Inter-Continental heavyweight title,"27 years, 158 days",
Wladimir Klitschko,1.98 m (6 ft 6 in)[1],206 cm (81 in)[2],Orthodox,Heavyweight,Corrie Sanders,42,Loss,40–2,TKO,"2 (12), 0:27",8 Mar 2003,"Preussag Arena, Hanover, Germany",Lost WBO heavyweight title,"26 years, 348 days",
Wladimir Klitschko,1.98 m (6 ft 6 in)[1],206 cm (81 in)[2],Orthodox,Heavyweight,Jameel McCline,41,Win,40–1,RTD,"10 (12), 3:00",7 Dec 2002,"Mandalay Bay Events Center, Paradise, Nevada, US",Retained WBO heavyweight title,"26 years, 257 days",
Wladimir Klitschko,1.98 m (6 ft 6 in)[1],206 cm (81 in)[2],Orthodox,Heavyweight,Ray Mercer,40,Win,39–1,TKO,"6 (12), 1:08",29 Jun 2002,"Etess Arena, Atlantic City, New Jersey, US",Retained WBO heavyweight title,"26 years, 93 days",
Wladimir Klitschko,1.98 m (6 ft 6 in)[1],206 cm (81 in)[2],Orthodox,Heavyweight,Francois Botha,39,Win,38–1,TKO,"8 (12), 0:47",16 Mar 2002,"Hanns-Martin-Schleyer-Halle, Stuttgart, Germany",Retained WBO heavyweight title,"25 years, 356 days",
Wladimir Klitschko,1.98 m (6 ft 6 in)[1],206 cm (81 in)[2],Orthodox,Heavyweight,Charles Shufford,38,Win,37–1,TKO,"6 (12), 2:55",4 Aug 2001,"Mandalay Bay Events Center, Paradise, Nevada, US",Retained WBO heavyweight title,"25 years, 132 days",
Wladimir Klitschko,1.98 m (6 ft 6 in)[1],206 cm (81 in)[2],Orthodox,Heavyweight,Derrick Jefferson,37,Win,36–1,TKO,"2 (12), 2:09",24 Mar 2001,"Rudi-Sedlmayer-Halle, Munich, Germany",Retained WBO heavyweight title,"24 years, 344 days",
Wladimir Klitschko,1.98 m (6 ft 6 in)[1],206 cm (81 in)[2],Orthodox,Heavyweight,Chris Byrd,36,Win,35–1,UD,12,14 Oct 2000,"Kölnarena, Cologne, Germany",Won WBO heavyweight title,"24 years, 203 days",
Wladimir Klitschko,1.98 m (6 ft 6 in)[1],206 cm (81 in)[2],Orthodox,Heavyweight,Monte Barrett,35,Win,34–1,TKO,"7 (10), 2:40",15 Jul 2000,"London Arena, London, England",,"24 years, 112 days",
Wladimir Klitschko,1.98 m (6 ft 6 in)[1],206 cm (81 in)[2],Orthodox,Heavyweight,David Bostice,34,Win,33–1,TKO,"2 (12), 1:27",29 Apr 2000,"Madison Square Garden, New York City, New York, US",Retained WBA Inter-Continental heavyweight title,"24 years, 35 days",
Wladimir Klitschko,1.98 m (6 ft 6 in)[1],206 cm (81 in)[2],Orthodox,Heavyweight,Paea Wolfgramm,33,Win,32–1,KO,"1 (12), 1:30",18 Mar 2000,"Alsterdorfer Sporthalle, Hamburg, Germany",Won vacant WBC International heavyweight title,"23 years, 359 days",
Wladimir Klitschko,1.98 m (6 ft 6 in)[1],206 cm (81 in)[2],Orthodox,Heavyweight,Lajos Eros,32,Win,31–1,KO,"2 (12), 2:35",4 Dec 1999,"Stadionsporthalle, Hanover, Germany",Retained WBA Inter-Continental and European heavyweight titles,"23 years, 254 days",
Wladimir Klitschko,1.98 m (6 ft 6 in)[1],206 cm (81 in)[2],Orthodox,Heavyweight,Phil Jackson,31,Win,30–1,KO,"2 (8), 1:59",12 Nov 1999,"The Orleans, Paradise, Nevada, US",,"23 years, 232 days",
Wladimir Klitschko,1.98 m (6 ft 6 in)[1],206 cm (81 in)[2],Orthodox,Heavyweight,Axel Schulz,30,Win,29–1,TKO,"8 (12), 2:42",25 Sep 1999,"Kölnarena, Cologne, Germany",Retained WBA Inter-Continental heavyweight title; Won vacant European heavyweight title,"23 years, 184 days",
Wladimir Klitschko,1.98 m (6 ft 6 in)[1],206 cm (81 in)[2],Orthodox,Heavyweight,Joseph Chingangu,29,Win,28–1,RTD,"4 (12), 3:00",17 Jul 1999,"Philips Halle, Düsseldorf, Germany",Won vacant WBA Inter-Continental heavyweight title,"23 years, 114 days",
Wladimir Klitschko,1.98 m (6 ft 6 in)[1],206 cm (81 in)[2],Orthodox,Heavyweight,Tony LaRosa,28,Win,27–1,TKO,"1 (10), 2:57",22 May 1999,"Sport Palace, Budapest, Hungary",,"23 years, 58 days",
Wladimir Klitschko,1.98 m (6 ft 6 in)[1],206 cm (81 in)[2],Orthodox,Heavyweight,Everett Martin,27,Win,26–1,TKO,8 (8),24 Apr 1999,"Circus Krone Building, Munich, Germany",,"23 years, 30 days",
Wladimir Klitschko,1.98 m (6 ft 6 in)[1],206 cm (81 in)[2],Orthodox,Heavyweight,Zoran Vujicic,26,Win,25–1,KO,"1 (8), 1:02",13 Feb 1999,"Maritim Hotel, Stuttgart, Germany",,"22 years, 325 days",
Wladimir Klitschko,1.98 m (6 ft 6 in)[1],206 cm (81 in)[2],Orthodox,Heavyweight,Ross Puritty,25,Loss,24–1,TKO,"11 (12), 0:18",5 Dec 1998,"Palace of Sports, Kyiv, Ukraine",Lost WBC International heavyweight title,"22 years, 255 days",
Wladimir Klitschko,1.98 m (6 ft 6 in)[1],206 cm (81 in)[2],Orthodox,Heavyweight,Donnell Wingfield,24,Win,24–0,KO,1 (8),14 Nov 1998,"Circus Krone Building, Munich, Germany",,"22 years, 234 days",
Wladimir Klitschko,1.98 m (6 ft 6 in)[1],206 cm (81 in)[2],Orthodox,Heavyweight,Eli Dixon,23,Win,23–0,KO,"3 (10), 2:26",3 Oct 1998,"Prinz-Garden Halle, Augsburg, Germany",,"22 years, 192 days",
Wladimir Klitschko,1.98 m (6 ft 6 in)[1],206 cm (81 in)[2],Orthodox,Heavyweight,Steve Pannell,22,Win,22–0,KO,2 (10),19 Sep 1998,"Arena Oberhausen, Oberhausen, Germany",,"22 years, 178 days",
Wladimir Klitschko,1.98 m (6 ft 6 in)[1],206 cm (81 in)[2],Orthodox,Heavyweight,Carlos Monroe,21,Win,21–0,TKO,"6 (10), 2:28",6 Aug 1998,"Grand Casino Avoyelles, Marksville, Louisiana, US",,"22 years, 134 days",
Wladimir Klitschko,1.98 m (6 ft 6 in)[1],206 cm (81 in)[2],Orthodox,Heavyweight,Najee Shaheed,20,Win,20–0,KO,1 (12),10 Jul 1998,"Circus Krone Building, Munich, Germany",Retained WBC International heavyweight title,"22 years, 107 days",
Wladimir Klitschko,1.98 m (6 ft 6 in)[1],206 cm (81 in)[2],Orthodox,Heavyweight,Cody Koch,19,Win,19–0,KO,4 (12),23 May 1998,"Oberrheinhalle, Offenburg, Germany",Retained WBC International heavyweight title,"22 years, 59 days",
Wladimir Klitschko,1.98 m (6 ft 6 in)[1],206 cm (81 in)[2],Orthodox,Heavyweight,Everett Martin,18,Win,18–0,UD,8,13 Mar 1998,"Sporthalle Wandsbek, Hamburg, Germany",,"21 years, 353 days",
Wladimir Klitschko,1.98 m (6 ft 6 in)[1],206 cm (81 in)[2],Orthodox,Heavyweight,Marcus McIntyre,17,Win,17–0,KO,3 (12),14 Feb 1998,"Maritim Hotel, Stuttgart, Germany",Won vacant WBC International heavyweight title,"21 years, 326 days",
Wladimir Klitschko,1.98 m (6 ft 6 in)[1],206 cm (81 in)[2],Orthodox,Heavyweight,Derrick Lampkins,16,Win,16–0,TKO,1 (8),20 Dec 1997,"Oberrheinhalle, Offenburg, Germany",,"21 years, 270 days",
Wladimir Klitschko,1.98 m (6 ft 6 in)[1],206 cm (81 in)[2],Orthodox,Heavyweight,Ladislav Husarik,15,Win,15–0,TKO,3 (8),13 Dec 1997,"Alsterdorfer Sporthalle, Hamburg, Germany",,"21 years, 263 days",
Wladimir Klitschko,1.98 m (6 ft 6 in)[1],206 cm (81 in)[2],Orthodox,Heavyweight,Jerry Halstead,14,Win,14–0,TKO,2 (8),6 Dec 1997,"Stadthalle, Offenbach am Main, Germany",,"21 years, 256 days",
Wladimir Klitschko,1.98 m (6 ft 6 in)[1],206 cm (81 in)[2],Orthodox,Heavyweight,Marcos González,13,Win,13–0,KO,2 (8),11 Oct 1997,"Stadthalle, Cottbus, Germany",,"21 years, 200 days",
Wladimir Klitschko,1.98 m (6 ft 6 in)[1],206 cm (81 in)[2],Orthodox,Heavyweight,James Pritchard,12,Win,12–0,TKO,3 (8),20 Sep 1997,"Tivoli Eissporthalle, Aachen, Germany",,"21 years, 179 days",
Wladimir Klitschko,1.98 m (6 ft 6 in)[1],206 cm (81 in)[2],Orthodox,Heavyweight,Biko Botowamungu,11,Win,11–0,DQ,"5 (6), 0:02",23 Aug 1997,"Maritim Hotel, Stuttgart, Germany",Botowamungu disqualified after his cornermen refused to leave the ring,"21 years, 151 days",
Wladimir Klitschko,1.98 m (6 ft 6 in)[1],206 cm (81 in)[2],Orthodox,Heavyweight,Gilberto Williamson,10,Win,10–0,TKO,3 (8),12 Jul 1997,"Berlet-Halle, Hagen, Germany",,"21 years, 109 days",
Wladimir Klitschko,1.98 m (6 ft 6 in)[1],206 cm (81 in)[2],Orthodox,Heavyweight,Salvador Maciel,9,Win,9–0,KO,1 (8),27 Jun 1997,"Oberrheinhalle, Offenburg, Germany",,"21 years, 94 days",
Wladimir Klitschko,1.98 m (6 ft 6 in)[1],206 cm (81 in)[2],Orthodox,Heavyweight,Paul Ashley,8,Win,8–0,KO,"2 (8), 1:25",13 Jun 1997,"Arena Oberhausen, Oberhausen, Germany",,"21 years, 80 days",
Wladimir Klitschko,1.98 m (6 ft 6 in)[1],206 cm (81 in)[2],Orthodox,Heavyweight,Mark Wills,7,Win,7–0,KO,"1 (8), 2:58",10 May 1997,"Ballsporthalle, Frankfurt, Germany",,"21 years, 46 days",
Wladimir Klitschko,1.98 m (6 ft 6 in)[1],206 cm (81 in)[2],Orthodox,Heavyweight,Mark Young,6,Win,6–0,RTD,"2 (6), 3:00",12 Apr 1997,"Eurogress, Aachen, Germany",,"21 years, 18 days",
Wladimir Klitschko,1.98 m (6 ft 6 in)[1],206 cm (81 in)[2],Orthodox,Heavyweight,Carlos Monroe,5,Win,5–0,DQ,"6 (6), 0:34",15 Feb 1997,"Stadthalle, Cottbus, Germany",Monroe disqualified for a headbutt,"20 years, 327 days",
Wladimir Klitschko,1.98 m (6 ft 6 in)[1],206 cm (81 in)[2],Orthodox,Heavyweight,Troy Weida,4,Win,4–0,TKO,"3 (6), 0:36",25 Jan 1997,"Maritim Hotel, Stuttgart, Germany",,"20 years, 306 days",
Wladimir Klitschko,1.98 m (6 ft 6 in)[1],206 cm (81 in)[2],Orthodox,Heavyweight,Bill Corrigan,3,Win,3–0,TKO,"1 (4), 1:21",21 Dec 1996,"Zoological Garden, Frankfurt, Germany",,"20 years, 271 days",
Wladimir Klitschko,1.98 m (6 ft 6 in)[1],206 cm (81 in)[2],Orthodox,Heavyweight,Exum Speight,2,Win,2–0,TKO,"2 (4), 1:54",30 Nov 1996,"Arena Nova, Wiener Neustadt, Austria",,"20 years, 250 days",
Wladimir Klitschko,1.98 m (6 ft 6 in)[1],206 cm (81 in)[2],Orthodox,Heavyweight,Fabian Meza,1,Win,1–0,KO,"1 (4), 1:35",16 Nov 1996,"Sporthalle Wandsbek, Hamburg, Germany",,"20 years, 236 days",
